text,label,source,language
video sy pta chalta hai ky royal canadian mounted police ky tafteesh karon ny ty hai keh 2023 mai canada mai darjanon janglat ki agg atishzadgi ki waja sy hui thi,fake,rufnd_roman_urdu,roman_urdu
Walmart cycles ko recycle krny ki bajaye $6.95 main farokht kr raha hai,fake,rufnd_roman_urdu,roman_urdu
sadar joe biden israeli sadar ishaq harzog sy mulaqat ky doran so gaye,fake,rufnd_roman_urdu,roman_urdu
elon musk ny is dawye ky jawab mai is pr ghor kr rahy hain tweet ky KKK ny kabhi bhi siyah faam logon k sath kuch galt nhi,fake,rufnd_roman_urdu,roman_urdu
tasweer huston mai ak shahrah dikhati hai,fake,rufnd_roman_urdu,roman_urdu
tasweer mai sabiq sadar donald trump aur jeffri esptein ko larkiyon k sath sofy pe dikhaya gya hai,fake,rufnd_roman_urdu,roman_urdu
actor mark wahlberg ny kaha keh hollywood pedophils ky pas chupny ky liye kahin nhi bacha hai,fake,rufnd_roman_urdu,roman_urdu
FBI ky sabiq agent Ted Genderson ko qatal kr dia gya,fake,rufnd_roman_urdu,roman_urdu
tasaweer sy pta chalta hai keh target bachon par bury agendy ko agy barha raha hai,fake,rufnd_roman_urdu,roman_urdu
florida hayatiyati hatyaron ky motabar saboot ky tor par mRNA vaccine par pabandi lgaye ga,fake,rufnd_roman_urdu,roman_urdu
Mammograms fori tor par lena band kr dyn kyun keh wo purany aur khatarnak hain thermography breast cancer ki janch krny ka mehfuz tareeqa hai,fake,rufnd_roman_urdu,roman_urdu
American Justice department ny bachon ki international sexual smuggling ko apni crime list sy hata dia jo boht zyada tawajah ky mustahiq hain,fake,rufnd_roman_urdu,roman_urdu
barcode ky pehly teen hindson ka dawa krny wali post ap ko btati hai keh product made in china hai gumrahkun hai,fake,rufnd_roman_urdu,roman_urdu
kathua sy video share ki gai jese keh surat mai ehtejaj kr rahy workers viral post gumrahkun hai,fake,rufnd_roman_urdu,roman_urdu
haqaiq ki janch partal viral tasaver jo saman pae fungus dikhati hain wo malaysia ki hain hindustan ki nhi,fake,rufnd_roman_urdu,roman_urdu
swami yogananda ki vodeo swami vivekananda ky naam par share ki ja rahi hain viral dawa jhuta,fake,rufnd_roman_urdu,roman_urdu
saudiarab mai loud speaker par koi pabandi nhi viral dawa gumrahkun hai,fake,rufnd_roman_urdu,roman_urdu
viral video 2017 ky draine samundri tufaan ki hai turkiye ky zalzaly ki nhi,fake,rufnd_roman_urdu,roman_urdu
haqaiq ki janch partal 2020 mai hony wala lebonon dhamaka turkiye ky zalzaly sy jhuta taluq rakhta hai,fake,rufnd_roman_urdu,roman_urdu
pakistan mai hindu mandir ki tor phor ki viral video 2020 ki hai halia nhi hai,fake,rufnd_roman_urdu,roman_urdu
haqaiq ki janch partal ak bachy ki ghass khaty huwe video ka selab ki waja sy pakistan mai khurak ky halia bohraan sy koi taluq nhi hai,fake,rufnd_roman_urdu,roman_urdu
jammu ky light show ka video naagpur ky tor par viral huwa,fake,rufnd_roman_urdu,roman_urdu
russia coin bnany waly ki takhleeq 1921 sy asli american coin ky tor par viral hoti hai,fake,rufnd_roman_urdu,roman_urdu
haqaiq ki janch partal flooded karachi airport par pia ky aircrafts ki landing ki purani video haal hi mai viral hui hai,fake,rufnd_roman_urdu,roman_urdu
muhammad raffie ky gany jannat ki hai tasveer par pabandi nhi lgai gai gumrahkun dawa viral,fake,rufnd_roman_urdu,roman_urdu
poland mai huwe is qatal mamla ka homosexuality sy koi taluq nhi dawa farzi hai,fake,rufnd_roman_urdu,roman_urdu
ariana grande ki shadi ki tasver ko christiano ronaldo ki shadi ky bary mai gumrahkun posts mai tabdeli,fake,rufnd_roman_urdu,roman_urdu
pentagon ky qareeb dhamaka zahir krny ka dawa krny wali AI sy tayar karda tasveer jali hai,fake,rufnd_roman_urdu,roman_urdu
Pakistan ky sabiq wazeer e azam Imran Khan ki AI sy tyar karda tasaver jhuty dawon ky sath viral ho jati hain,fake,rufnd_roman_urdu,roman_urdu
"Dalai Lama, Viladamer Putin, aur Joe Biden ki AI sy tyar krda tasaver jhuty dawon ky sath viral ho jati hain",fake,rufnd_roman_urdu,roman_urdu
"libas mai PM Modi ki tasver jali hai, jisy AI tools ny bnaya hai",fake,rufnd_roman_urdu,roman_urdu
Sabiq sadar Barak Obama ny chef ki biwi par apny shohar tafari campbell ki mot ka ilzam lgany par rad e amal zahir,fake,rufnd_roman_urdu,roman_urdu
amreki navy sales ny san fransisco bay mai 807 bachon ko bachaya jinhen jinsi ghulam bna kr rakha ja raha tha,fake,rufnd_roman_urdu,roman_urdu
Social media posts farzi Haris ky 'iqtebas' ko haqeeqat ky toor pe paish krti hain,fake,rufnd_roman_urdu,roman_urdu
Trump ky galt auto industry tweets,fake,rufnd_roman_urdu,roman_urdu
kya trump american companiyon ko china chorny ka 'hukam' dy skty hain?,fake,rufnd_roman_urdu,roman_urdu
khandani elahdigyion ky bary mai jhut online rehta hai,fake,rufnd_roman_urdu,roman_urdu
Congress ky hami BBC ki jali report ka istemal krty huwe Rahul Gandhi ko almi mayar ka leader qarar dety hain,fake,rufnd_roman_urdu,roman_urdu
Media kis trha na ehal 'senior' sahafiyon ko galt malumat aur jhot phelany ki ijazat deta hai,fake,rufnd_roman_urdu,roman_urdu
viral iqtebas galt tor par mcCarthy sy mansub,fake,rufnd_roman_urdu,roman_urdu
amazon zameen ki 20 fesad oxygen paida nhi krta,fake,rufnd_roman_urdu,roman_urdu
Cadlo ka gair tawun yafta USMCA mulazmaton ka dawa,fake,rufnd_roman_urdu,roman_urdu
"Willamson bachon ki sehat, vaccine k bary mai gumrah krty hain",fake,rufnd_roman_urdu,roman_urdu
civil epstein case ky judge ka march mai inteqal hogya,fake,rufnd_roman_urdu,roman_urdu
maam ny congress ki tankhwahon mai izafa kia,fake,rufnd_roman_urdu,roman_urdu
"video: paris, Warn Michael Brown shooting par",fake,rufnd_roman_urdu,roman_urdu
US Japan tijarti khasara 'tezi sy tabdeel nhi ho raha',fake,rufnd_roman_urdu,roman_urdu
epstein connections sazishi nazriyat ko hawa dy rahy hain,fake,rufnd_roman_urdu,roman_urdu
biden top 1% taxes ki sharah par gumrah krta hai,fake,rufnd_roman_urdu,roman_urdu
Rahul Gandhi Gujrat mai taqreer krty huwe jhut bolty huwe pakry gaye,fake,rufnd_roman_urdu,roman_urdu
PTI ny GST wasuli ky ahdaf par CBEC ky sarbarah ka galt hawalah diya hai?,fake,rufnd_roman_urdu,roman_urdu
kya punjab mai manshiyat ky masail ky aadad o shumar gumrahkun tor par 'awla' thy?,fake,rufnd_roman_urdu,roman_urdu
coal ki nelami ki amdan par business standard article 'kam ho raha hai' sansani khez aur nakis daleel hai,fake,rufnd_roman_urdu,roman_urdu
"scheme hawai adda waqi hindustan ka soowan operational hawai adda hai, ye yahan hai",fake,rufnd_roman_urdu,roman_urdu
Madhiya Pardesh: Rahul Gandhi ny Sardar Patel ky mujasmy par wohi jhut bola,fake,rufnd_roman_urdu,roman_urdu
Japan ky bullet train ky liye funding wapis leny k bary mai congress ky tarjuman national herald ka jhut,fake,rufnd_roman_urdu,roman_urdu
Nedler ny Muller ki gawahi ko galt andaz mai paish kia,fake,rufnd_roman_urdu,roman_urdu
hamal ky doran dil ki dharkanen kab sunai deti hain?,fake,rufnd_roman_urdu,roman_urdu
Muller k nataaij par ak gumrah kun paigam,fake,rufnd_roman_urdu,roman_urdu
trump ky alice island awads ky bary mai jali dawa,fake,rufnd_roman_urdu,roman_urdu
epstein ki mot k baad galt malumat behti hain,fake,rufnd_roman_urdu,roman_urdu
obama ny 'all out gun zabti' ka mutalba nhi kiya,fake,rufnd_roman_urdu,roman_urdu
bar k epstein jail k dory k bary mai be-bunyad dawa,fake,rufnd_roman_urdu,roman_urdu
kya hukumat ny jammu o kashmir mai mulazmin ko reliance sy health inssurance khareedny par majbur kiya?,fake,rufnd_roman_urdu,roman_urdu
video mai dikhaya gya hai keh ak shakhs republican sadarti ummedwar will herd ko the view par rok raha hai,fake,rufnd_roman_urdu,roman_urdu
video mai sadar joe biden ko live TV par soty huwe dikhaya gya hai,fake,rufnd_roman_urdu,roman_urdu
government ron desantis ka kehna hai k mery China teriff ki mukhalfat ki aur is ny be-dilli sy form relief ky liye 28 billion dollor ki mukhalfat ki jis ki adaigi China ny ki thi,fake,rufnd_roman_urdu,roman_urdu
bimari X agli wabai bimari hai,fake,rufnd_roman_urdu,roman_urdu
FBI ky director wray ny tasdeeq ki hai keh joe biden delaware mai amreki attorney ky zarye Ukrainei rishwat ky liye mujrimana tehqiqat ky tehat hai phir peechy chalny ki koshish krta hai,fake,rufnd_roman_urdu,roman_urdu
ham guzishta 24 ghanton mai amreki aham infrastructure par do bary dhamaky dekh rahy hain jis ki waja sy bijli ki bandish hai,fake,rufnd_roman_urdu,roman_urdu
ap ky boht sy chain food resturants salon sy lab mai tayar shuda gosht istemal kr rahy hain,fake,rufnd_roman_urdu,roman_urdu
video sy pata chalta hai keh attorney general Merrick Garland Tailor Green ky ehmaqana trump ki giraftari ky baad bachon ki trha rota hai,fake,rufnd_roman_urdu,roman_urdu
13 mumalik kurah e arz ko bachany k liye kasht kari ko khatam krny par mutafiq hain,fake,rufnd_roman_urdu,roman_urdu
"nichole schwabs ny kaha, mustaqil mosamiyati lock down aa rahy hain. Chahy ap isy pasand kren ya na kren",fake,rufnd_roman_urdu,roman_urdu
"judge tanya chutkan washington, DC mai wahid wifaqi judge hain, jinhon ny 6 january ko mudda alaiyhan ko hukumat ki darkhwast sy zyada taweel saza sunai hai",fake,rufnd_roman_urdu,roman_urdu
jin logon ko corona virus ki vaccine mili hain wo apny jism ko spike protine sy detoxify kr skty hain,fake,rufnd_roman_urdu,roman_urdu
white house ny 28 july ko aik sarkari bayan diya keh hamen mumkina toor par apny aham infrastructure ky liye kuch bara hony ky liye tayar rehny ki zarorat hai,fake,rufnd_roman_urdu,roman_urdu
ak naya qanon logon ko ijazat deta hai keh wo apny credit cards sy do saal sy zyada purany gair ada shuda qarz ko mustiqal tor par mita den,fake,rufnd_roman_urdu,roman_urdu
jild ka cancer pichly 60 salon mai ak nisbatan naya rujhan hai,fake,rufnd_roman_urdu,roman_urdu
"sabiq sadar barak obama ny background check database sy 500,000 pedophilers ko hata diya",fake,rufnd_roman_urdu,roman_urdu
barak obama ki bandage ungliyon ky sath golf khelty huwe tasweeren is baat ka sabut hai keh wo Tafari campbell ki mot mai mulavis thy,fake,rufnd_roman_urdu,roman_urdu
haal hi mai Nevada ky shehar rino mai Donald Trump ko qatal krny ki koshish ki gai,fake,rufnd_roman_urdu,roman_urdu
"bill gates ka kehna hai keh, ham esi chezen ly rahen hain jo genetically tabdeel shuda jandar hain, aur ham inhen choty bachon ky bazuoon mai injection lga rahy hain corona virus wabai marz k tanazur mai",fake,rufnd_roman_urdu,roman_urdu
"Netherlands mai doctors ny autism aur degar mamuli mazuri waly shehriyon ko khush krny ka hukam dia, chahy mareez fil hal marny ki khawahish ka izhar na kry",fake,rufnd_roman_urdu,roman_urdu
aik wind turbine ko char saal sy zyada ersy tak musalsal ghumna chahiye taky isy banany mai lagny wali tawanai ko tabdeel kia ja sky,fake,rufnd_roman_urdu,roman_urdu
hakumat ny sirf half ky tehaat kaha keh wo UFO's aur ghair insani ajnabi jismon ky qabzy mai hain,fake,rufnd_roman_urdu,roman_urdu
in tasaveer mai lebron james ko barbie film k liye gulabi libas mai malbus dikhaya gya hai,fake,rufnd_roman_urdu,roman_urdu
senitor mitt romney ny republican party ko chor kar democratic party mai shamil hony ki dhamki di hai,fake,rufnd_roman_urdu,roman_urdu
"tarkeen e watan ko samjha jata hai keh wo jis mulk mai hain wahan panah k liye darkhwast den, aur phir wo riyasat haye mutahida mai any ki koshish kren",fake,rufnd_roman_urdu,roman_urdu
biden ky tehat pichli do intezamiya ky mushtarka muqably mai zyada ghair qanuni muqably huwe hain,fake,rufnd_roman_urdu,roman_urdu
jab bill nye ny kaha keh zameen ak band nizam hai to us ny tajweez paish ki keh space investigation impossible hai,fake,rufnd_roman_urdu,roman_urdu
beyonce insani smuggling ky ak bary case mai mudai eleh hai,fake,rufnd_roman_urdu,roman_urdu
joe biden ak baraherast TV interview ky doran uth kar chala gya,fake,rufnd_roman_urdu,roman_urdu
luke brain ny CMT sy apni videos khenchin: bud light treatment ka waqt,fake,rufnd_roman_urdu,roman_urdu
hank williams junior ny CMT ky boards of directors sy istefa dy dia: mai jason aldean ki himayat krta hun,fake,rufnd_roman_urdu,roman_urdu
covid vaccine sy bhara pfizer godam abhi north carolina mai tufan ky zarye tabah kr dia gya tha,fake,rufnd_roman_urdu,roman_urdu
klaus schwab ny awami tor par etraf keh wo agli wabai bimari k doran puri dunya mai china ki tarz par forced corona virus lock down ko nafiz krny ka mansuba bna rahy hain,fake,rufnd_roman_urdu,roman_urdu
ESPN football ky tajziyakar Shaka haslop corona virus vaccine ki waja sy hawa par gir gaye,fake,rufnd_roman_urdu,roman_urdu
7 mint pehly: mel gibson azadi ki awaz k baad hollywood ellite sy tahafuz ky liye rota hai,fake,rufnd_roman_urdu,roman_urdu
Chicago ky ilaqy mai pipeline ky do karkunon ko fentanyl sy lace pani ki bottlen di gain,fake,rufnd_roman_urdu,roman_urdu
Tasaweer mai bachon ko shetani libas pehny aur shetani club main hissa lety huwe dikhaya gaya hai,fake,rufnd_roman_urdu,roman_urdu
"2023, solar incentive program ky tehat, amreki ghar ky makan ab hukumat sy bilkul bagair kisi qeemat ky mukamal jadeed tareen shamsi nizam hasil krny ky ehal ho skty hain",fake,rufnd_roman_urdu,roman_urdu
Baltimore ky afram festival main helicopter ny muhlik machar chory,fake,rufnd_roman_urdu,roman_urdu
"Kuch libral riyaston main, ap ko asal mai paidaish ky baad isqat-e-hamal hoty hain",fake,rufnd_roman_urdu,roman_urdu
Procecutor Jack Smith sirf Republicans ko nishana bnaty hain,fake,rufnd_roman_urdu,roman_urdu
Video sy pta chalta hai keh George Soros diwalya ho raha hai,fake,rufnd_roman_urdu,roman_urdu
tasweer sy pata chalta hai k insani tareekh ka sab sy burha admi Ginese World Record ky zarye record gya hai,fake,rufnd_roman_urdu,roman_urdu
Walmart ko 2022 sarfeen ko $500 wapis krna hoga,fake,rufnd_roman_urdu,roman_urdu
"Los Vegas, Safeer ny sadar joe biden ko hadayat krda ak toheen aameez paigam dikhaya",fake,rufnd_roman_urdu,roman_urdu
video mai jinsi samaglaron ko un k jaraim mai madad krna mansuba band waldaneyat dikhaya gya hai,fake,rufnd_roman_urdu,roman_urdu
World economic forum ka kehna hai keh agar ap muashry mai hissab lena chahty hain to CBDCs ko apki jild k neechy lgana zarori hai,fake,rufnd_roman_urdu,roman_urdu
World economic forum ny janwaron ka nishan CBDC microchip ka agaz jo amrika mai banduq ki malkeyat ko khatam kry ga,fake,rufnd_roman_urdu,roman_urdu
shumali kerolaina mai phizer ki amart ko tabah krny waly tufan ko bary pharma ky liye insurance claim faraham krny k liye mosam ki hera pheri ka istemal krty huwe tarteeb dia gya tha,fake,rufnd_roman_urdu,roman_urdu
baku mai shooter taal singuan ky bary mai viral dawa gumrah kun hai,fake,rufnd_roman_urdu,roman_urdu
bareli ky cinema hall mai gather 2 show ky doran pakistan zindabad ky nary nhi lgae gye viral dawa jali,fake,rufnd_roman_urdu,roman_urdu
earbuds earphones ky zyada istimal ka dawa chehry ky falij ka sabab ban skta hai,fake,rufnd_roman_urdu,roman_urdu
school ki taalba pr gae ky hamle ka video fareedabad ka nhi chanai ka hai,fake,rufnd_roman_urdu,roman_urdu
aston martin my sath pose krty hue satia jeet ry ki tasweer mai tarmeem ki gyi hai,fake,rufnd_roman_urdu,roman_urdu
"cji ny logon ko jamhuriyat bachany ky liye ehtajaj krny pr zor nhi dia, viral dawa jali or man gharat hai",fake,rufnd_roman_urdu,roman_urdu
do galukaron ki viral video ko mini pur sy jorny ky jhuty dawe ky sath share kia gya,fake,rufnd_roman_urdu,roman_urdu
ganwapi complex ky gumbad pr charny waly admi ki video gumrah kun dawon ky sath viral ho rhi hai,fake,rufnd_roman_urdu,roman_urdu
pakistan mai train hadsy sy mutaliq jhuty dawe ky sath Balsor train hadsy ki video viral ho rhi hai,fake,rufnd_roman_urdu,roman_urdu
bito bajrangi ki purani video nuh tashadud sy mutaliq jhuty dawon ky sath viral ho rhi hai,fake,rufnd_roman_urdu,roman_urdu
tax dahindagan ky darmiyan jali income tax ki wapsi ky peghamaat gardish krty hain namaloom link ly kr jaen,fake,rufnd_roman_urdu,roman_urdu
Selab zada chanai hawai ady ki purani tasweer jhuty dawon ky sath viral ho rhi hai,fake,rufnd_roman_urdu,roman_urdu
Iss tasweer mai nasa ky canadi space center mai launch pad dikhaya gya hai,fake,rufnd_roman_urdu,roman_urdu
Iss footage mai dikhaya gya hai ky imran khan 2022 mai nhi balky 2019 mai siyasi corruption ky khilaf crack down karen gy,fake,rufnd_roman_urdu,roman_urdu
Iss collage ki zyada tar tasaweer mai 2021 ky turkey ky jungle ki aag nhi dikhai deti,fake,rufnd_roman_urdu,roman_urdu
Iss video mai 2018 mai Pakistan ky suba Punjab mai aik waqia dikhaya gya hai,fake,rufnd_roman_urdu,roman_urdu
Iss video mai Austria ky aik siyasatdaan ky gumraah kun daave ka ishtirak kia gya hai ky coca cola ny covid 19 ky liye musbat tajarba kia hai,fake,rufnd_roman_urdu,roman_urdu
Afghanistan mai aurat ko sangsaar kr ky qatal karny ki purani video gumrah kun post mai dobara manzar e aam par aa gyi,fake,rufnd_roman_urdu,roman_urdu
Aab o hawa ka ilan rad kiye gye dawoon ko dobara sirakta hai,fake,rufnd_roman_urdu,roman_urdu
Ice core garaph gumrah kun global warming ky daawe karny ky liye istimaal hota hai,fake,rufnd_roman_urdu,roman_urdu
British airways ki janib sy London-Islamabad parwazain moatal karny ky baad gumrah kun posts,fake,rufnd_roman_urdu,roman_urdu
Bartaniya mai endhan ky stations pr qitar mai khari gariyon ki purani tasaweer kinia mai gardish kr rhi hain taky maqami kami ko jawaz bnaya ja sky,fake,rufnd_roman_urdu,roman_urdu
"Bill gates zamni asraat ky bary mai baat kr rhy thy or inhon ny ye nhi kaha ky covid 19 vaccine sy 700,000 afraad halak ya mustaqil tor pr mazoor ho jaen gy",fake,rufnd_roman_urdu,roman_urdu
Pakistan khudkush hamly ky baad gumrah kun posts mai zakhmi shami bachy ki tasweer,fake,rufnd_roman_urdu,roman_urdu
Pakistan ka kehna hai ky mutahida arab amaraat ki janib sy Pakistaniyo ky waziron ki aarzi muatli covid 19 ki waja sy hai,fake,rufnd_roman_urdu,roman_urdu
Pakistan ky bani k sath London buss ka ishtihaar imran khan ky wazeer e azam banny sy pehly ki tashheeri muhim ka hai,fake,rufnd_roman_urdu,roman_urdu
Pakistan ky qomi janwar ky sath shikari ki tasweer amreeki sifarat kaar ko dikhai gyi,fake,rufnd_roman_urdu,roman_urdu
Pakistan mai 2022 ky barfani tufaan ky bary mai gumrah kun posts mai khudai karny waly truck ky hadsy ki purani video share ki gyi,fake,rufnd_roman_urdu,roman_urdu
Pakistan mai urdavan ko mubarakbaad deny waly sabiq Pakistani wazir e azam khan ki tasweer ko galat tareeqy sy paish kia gya hai,fake,rufnd_roman_urdu,roman_urdu
Pakistan mai barfani toofaan ky baad azan ki purani video gumrah kun hai,fake,rufnd_roman_urdu,roman_urdu
Pakistan mai giraftaar burqa posh shakhs ki tasweer Afghanistan ky ehtajaj ky bary mai posts mai gumrah krti hai,fake,rufnd_roman_urdu,roman_urdu
Pakistani wazir e azam ki mubayina corruption pr dastawezi film net flix ny nhi balky azadana tor par tayar ki hai,fake,rufnd_roman_urdu,roman_urdu
Puarani tasweer Pakistan ky wazeer e azam ky adam etamaad ky vote sy gumrah kun tor pr munsalik hai,fake,rufnd_roman_urdu,roman_urdu
Purani tasweer kabul ky hospital pr hamly ki reporton mai gumrah krti hai,fake,rufnd_roman_urdu,roman_urdu
Posts amriki himayat par zilanski ky tabsaron ko galat andaaz mai paish krti hain,fake,rufnd_roman_urdu,roman_urdu
Posts olympics mai hissa leny waly africi mumalik ka gumrah kun mawazna krti hain,fake,rufnd_roman_urdu,roman_urdu
Posts facebook pr Australiai khabroon ky mawad pr pabandi ko gumrah krti hain,fake,rufnd_roman_urdu,roman_urdu
posts ny G20 ki mojudgi ky bary mai gumrah kun dawe k sath South Korea k sabiq rehnuma ko nishana bnaya,fake,rufnd_roman_urdu,roman_urdu
posts ny azmeen e hajj k qayam ki purani video share ki hai jesa keh hukumat e pakistan ny 2022 mai faraham kia tha,fake,rufnd_roman_urdu,roman_urdu
turkey ky muhlak zalzaly ky baad gumrahkun posts purani tasweer ko dobara share krti hain,fake,rufnd_roman_urdu,roman_urdu
tarmeem shudah video clip mai israeli wazeer e azam sy mulaqat k doran amreeki sadar k rad e amal ko kharij kr dia gya hai,fake,rufnd_roman_urdu,roman_urdu
tasaweer qatar ki nhi hain balky 2018 k Russia worldcup mai ak shakhs ko ak aurat ko galy lgaty huwe dikhaya gya hai,fake,rufnd_roman_urdu,roman_urdu
"tasweer mai 2017 mai Myanmar sy farar hony waly bachy ko dikhaya gya hai, 2022 mai Pakistan selab ka shikar nhi",fake,rufnd_roman_urdu,roman_urdu
tasweer mai asal mai Moscow mai muzahireen ko dikhaya gya hai jo Krimlin ky naqad ki rehai ka mutalba kr rahy hain,fake,rufnd_roman_urdu,roman_urdu
tamam tasaweer ka taluq aik sadi qabal aalmi influenza k phelny sy nhi hai,fake,rufnd_roman_urdu,roman_urdu
"timelaps video january 2016 mai amreki barfani tufan ko dikhati hai, december 2022 mai mosam e sarma ka tofan nhi",fake,rufnd_roman_urdu,roman_urdu
tank ki iss tasweer ko ukraine ka jhanda lgany ky liye tayar kia gya hai,fake,rufnd_roman_urdu,roman_urdu
"South Africa ko US SEC ny ghair mulki hukumat ky tor par register kia hai, company ky tor par nhi",fake,rufnd_roman_urdu,roman_urdu
"South Korea ny haspanwi wazeer e azam ky liye sadarti daftar mai istaqbalia dia, tamirati jagha nhi",fake,rufnd_roman_urdu,roman_urdu
jhuti posts UK PM aur sabiq hindustani wazeer e azam ky bary mai digital tor par tabdeel shuda media graphic share krti hain,fake,rufnd_roman_urdu,roman_urdu
china CDC ky sabiq director ki 2010 mai china ki bni vaccine par tanqeed krny wali video social media ki gumrahkun poston mai dobara gardish kr rahi hai,fake,rufnd_roman_urdu,roman_urdu
haqaiq ki janch partal: pakistan mai nabalig k gang rape k purany case ko gumrahkun dawye k sath share kia ja raha hai,fake,rufnd_roman_urdu,roman_urdu
"haqaiq ki janch partal: nahi, video mai nazar any wali larki russian sadar putin ki beti nhi hai, COVID-19 vaccine sy mutaliq gumrahkun post viral ho rahi hai",fake,rufnd_roman_urdu,roman_urdu
"Denmark Covid program roka gaya, nahi roqa gaya, viral post gumrahkun hai",fake,rufnd_roman_urdu,roman_urdu
rishi sonaq ki purani tasweer haal hi mai viral hui hai,fake,rufnd_roman_urdu,roman_urdu
"sarak par bike phisalny ki video sanpada, navi mumbai ki nhi balky karachi ki hai",fake,rufnd_roman_urdu,roman_urdu
"koi tibi sabut nhi hai keh earpods damagi tumor ka bais banty hain, jesa keh viral post ky dawe hain",fake,rufnd_roman_urdu,roman_urdu
"maynmar mai barhmos missile ky tajurby k tor par share ki ja rahi video, hindustan ki hai",fake,rufnd_roman_urdu,roman_urdu
hindustan mai nipah virus ky phely ki purani WHO ki intebah haliya tor par viral,fake,rufnd_roman_urdu,roman_urdu
"yeh vraha mujasma hazar saal purana hai, viral dawa gumrahkun hai",fake,rufnd_roman_urdu,roman_urdu
doctors without borders ky bill board mai 'china mai ismat dari ki saza nhi' paigham shamil krny ky liye gumrahkun tabdeeli ki gai,fake,rufnd_roman_urdu,roman_urdu
sudan ki factory mai dhamaky ki purani video 2023 ky bohran sy gumrahkun tor par munsaliq hai,fake,rufnd_roman_urdu,roman_urdu
social media posts amreki shehriyon ky china mai semi conductors par kam krny k haq ko gumrah krti hain,fake,rufnd_roman_urdu,roman_urdu
selabzada runway par pakistani musafir tyary ka purana clip gumrahkun poston main dobara gardish kr raha hai,fake,rufnd_roman_urdu,roman_urdu
imran khan ky hami accounts ny bharat ky mudi ki gumhrankin posts main pakistan par tanqeed krny ka purana clip share kia hai,fake,rufnd_roman_urdu,roman_urdu
footage ko edit kia gaya hai aur press conference ki sahi tasweer kashi nahi ki gai jis mai imran khan ny francesi hukumat par tanqeed ki gai thi,fake,rufnd_roman_urdu,roman_urdu
2014 ky video ko haliya ukraine russia jang sy jor kar viral kia ja raha,fake,rufnd_roman_urdu,roman_urdu
"2016 mai ki thi tilanganah police ny masjid ki saaf safai, tasweer bangal ky hawaly sy viral",fake,rufnd_roman_urdu,roman_urdu
"2017 mai ho chuka hai indor ki pehli khatun MBBS doctor bhakti ka inteqal, post gumrahkun hai",fake,rufnd_roman_urdu,roman_urdu
austria mai quarantine ky khilaf kiye gaye muzahiry ka nhi hai yeh viral video,fake,rufnd_roman_urdu,roman_urdu
austraila ky purany video ko kia ja raha koh suleman ky janglaat mai lgi agg ka btaty huwe viral,fake,rufnd_roman_urdu,roman_urdu
austraila ki rock art tasweer chatis garh ky chrama ghar ky naam pe viral,fake,rufnd_roman_urdu,roman_urdu
"oscar mai huwe will smith aur chris rock mutanazia par nhi tha adakarah nicole kidman kz yeh radeamal, tasweer gumrahkun dawa ky sath viral",fake,rufnd_roman_urdu,roman_urdu
"asman sy nigrani kr rahy helicopter ki is tasweer ka nhi hai zaman park sy koi taluq, purani photo gumrahkun dawa ky sath viral",fake,rufnd_roman_urdu,roman_urdu
"asif zardari ka viral ho raha yeh video purana hai, sehat sy mutaliq khabar bhi farzi hai",fake,rufnd_roman_urdu,roman_urdu
aggzani sy pareshan khaton ki yeh tasweer algeria ki nhi balky yunan ki hai,fake,rufnd_roman_urdu,roman_urdu
ansu gas ky in videos ka nhi hai imran khan ki himayat mai ho rahy muzahiron sy koi taluq,fake,rufnd_roman_urdu,roman_urdu
"abudabi airport par huwe drone hamlah ka nhi hai yeh video, 2015 ka market mai lgi agg ka video gumrahkun dawa ky sath viral",fake,rufnd_roman_urdu,roman_urdu
abudabi mai bn rahy hindu mandir ko saudiarab ka btaty huwe ki ja raha gumrahkun dawa ky sath viral,fake,rufnd_roman_urdu,roman_urdu
"azan sunty huwe bachi ka taqreeban ek dahai purana video, fifa worldcup sy jorty huwe kia ja raha share",fake,rufnd_roman_urdu,roman_urdu
"stadium mai vandematram gati bheer ka yeh video purana hai, gaba match ka nhi",fake,rufnd_roman_urdu,roman_urdu
stadium ky andar Palestine ki himayat mai gana gaa rahy is video ka nhi fifa worldcup 2022 sy koi taluq,fake,rufnd_roman_urdu,roman_urdu
amerika ki masjid mai eid ki namaz k doran behas krti khatun muslim hai hindu nhi,fake,rufnd_roman_urdu,roman_urdu
amitabh bachan ka yeh video covid 10 sy mutasir hony ki wajah sy nana wati haspatal mai dakhil hony k baad ka nhi hai,fake,rufnd_roman_urdu,roman_urdu
"indonesia mai aye halia zalzaly ka nhi hai yeh video, gumrahkun dawa huwa viral",fake,rufnd_roman_urdu,roman_urdu
indonesia mai zalzaly ky doran namaz parh rahy logon ka yeh video saal 2018 ka hai,fake,rufnd_roman_urdu,roman_urdu
iran mai aye toofan aur sylab ky naam pr viral kia ja raha video purana hai,fake,rufnd_roman_urdu,roman_urdu
"army ky kuto ko retirement ky baad nahi marra jata,viral dawaa gumrahkun hai",fake,rufnd_roman_urdu,roman_urdu
"balon sy bany parcham ki yeh tasweer 2014 mai aik fankar ny banai thi ,iss tasweer ka iran mai chal rahy muzahiron sy koi taluq nhi",fake,rufnd_roman_urdu,roman_urdu
"bachy ki yeh tasweer afghanistan mai aye zalzaly ki nhi hai, yemen ki 2025 ki tasweer galt dawa ky sath viral",fake,rufnd_roman_urdu,roman_urdu
"bachy par tashadud ky is video ka nhi hai palestine ya israel sy koi taluq, sewden ka purana video gumrahkun dawa k sath viral",fake,rufnd_roman_urdu,roman_urdu
brazil k video ko kia ja raha hai germany mai cancer sy mubtala bachy ky liye nikhali gai bike parade btaty huwe viral,fake,rufnd_roman_urdu,roman_urdu
britan mai sarkon par chalty ghoron ky is video ka nhi hai petrol desiel ki izafi qimaton sy koi taluq,fake,rufnd_roman_urdu,roman_urdu
"bulldozer sy pani dalny ka yeh video purana hai, pakistan mai aye selab sy jorty huwe huwa viral",fake,rufnd_roman_urdu,roman_urdu
"balochistan mai kisanon ky zarye tabah kiye gaye tomatoes ky video ka nhi hai koi farqa warana angle, dawah gumrahkun hai",fake,rufnd_roman_urdu,roman_urdu
"balochistan mai mily bachy ka yeh video purana hai, nahi hai iska darya sukhny sy koi taluq",fake,rufnd_roman_urdu,roman_urdu
bangladesh ky rohengiya bachi ki tasweer pakistan selab mutasir ka btaty huwe ki ja rahi viral,fake,rufnd_roman_urdu,roman_urdu
"bangladeshi rikshaw waly ki purani tasweer, hindustan mai ismat dari mulzim ky naam par hui viral",fake,rufnd_roman_urdu,roman_urdu
"bharat ya pakistan ky fojiyon ki training ki nhi hai yeh tasweer, south korea ki military mashq ki photo farzi dawa k sath viral",fake,rufnd_roman_urdu,roman_urdu
bher ky zarye pani mai phenki gai gari sirilanka ky wazeer e azam ki nhi thi,fake,rufnd_roman_urdu,roman_urdu
beshumar dollars ka yeh video afghanistan par huwe taleban ky qabzy sy pehly ka hai,fake,rufnd_roman_urdu,roman_urdu
"beef flavour likha huwa maggie ka packet australia ka hai, issy hindustan mai nhi kia jata farokht",fake,rufnd_roman_urdu,roman_urdu
"pakistan ky sabiq sadar asif zardari ki giraftari sy juri khabren farzi hain, viral video 2019 ka hai",fake,rufnd_roman_urdu,roman_urdu
"pakistan ky koh e suleman ky janglaat mai lgi agg ki nhi hain yeh tasaweer, purani photos humrahkun hawaly k sath viral",fake,rufnd_roman_urdu,roman_urdu
"pakistan ky wazeer e azam shehbaz sahreef ny nhi dia astefa, purana video farzi hawaly ky sath viral",fake,rufnd_roman_urdu,roman_urdu
pakistan maqbuza kashmir aur turkiye ki tasaweer ko kiya ja raha haliya zalzala sy jorty huwe viral,fake,rufnd_roman_urdu,roman_urdu
panipat mai saand ky hamly sy janbahaq krny waly shakhs ka video gumrahkun dawa k sath viral,fake,rufnd_roman_urdu,roman_urdu
paton ki shaqal mai azar arahy parendy asal nhi balky digitaly edited hain,fake,rufnd_roman_urdu,roman_urdu
pathan sy pehly bhi burj khalifa par dikhaye ja chuky hain kai filmon ky trailer,fake,rufnd_roman_urdu,roman_urdu
purani tasweer ko kia ja raha imran khan ky hamiyon ka police ehalkaron par zulm ky dawa k sath viral,fake,rufnd_roman_urdu,roman_urdu
"putin aur japani wafad ky sath mulaqat ka yeh video 2016 ka hai, haliya halaat sy jorty huwe huwa viral",fake,rufnd_roman_urdu,roman_urdu
"turkey aggzani ky naam par viral ki ja rahi in tasaweer mai zyada tar hain purani, nahi hai in ka turkey mai lgi agg sy koi taluq",fake,rufnd_roman_urdu,roman_urdu
turkey ky junglat mai lgi aggzani ki tasweer ko algeria ki bta kr kia ja raha viral,fake,rufnd_roman_urdu,roman_urdu
"turkey mai haal mai huwe muzahirin ki nhi hai yeh tasweer, 2017 ki photo gumrahkun dawa ky sath viral",fake,rufnd_roman_urdu,roman_urdu
turkiye mai aye zalzala ka video kia ja raha pakistan ka btaty huwe viral,fake,rufnd_roman_urdu,roman_urdu
"tasweer mai nazar araha kachwa nhi hai dunya ka sab sy burha janwar, viral dawa gumrahkun hai",fake,rufnd_roman_urdu,roman_urdu
tafreeh ky maqsad sy bnaye gaye video ko kia ja raha haqeeqi maan kr share,fake,rufnd_roman_urdu,roman_urdu
joe biden aur PM Modi ki tasweer ko edit kr ky chipkai gai hai imran khan ki photo,fake,rufnd_roman_urdu,roman_urdu
hafiz e quran hony ki taqreeb mai nikali gai rally ka nhi hai istanbol mai huwe prade march sy koi taluq,fake,rufnd_roman_urdu,roman_urdu
haal hi mai huwe indonesian tyara hadsa ky naam par viral ki ja rahi tasweer 2013 ki ak degar hadsa ki tasweer hai,fake,rufnd_roman_urdu,roman_urdu
"haliya peshawar hamla ki nhi hai tasweer, 2011 ki photo haliya btaty hui viral",fake,rufnd_roman_urdu,roman_urdu
"haliya shami hamly ki nhi hain yeh tasaweer, purani photos gumrahkun hawaly ky sath viral",fake,rufnd_roman_urdu,roman_urdu
haiderabad mai muhajir mazduron ki mukhalfat ka video gujrat ky ahmadabad ky naam sy ho raha viral,fake,rufnd_roman_urdu,roman_urdu
"khatoon par tashadud ki yeh tasweer nhi hai zaman park ki, purani tasweer gumrahkun dawa ky sath viral",fake,rufnd_roman_urdu,roman_urdu
den mark ky purany video ko sweden mai ho rahy fasadat sy jor kr viral,fake,rufnd_roman_urdu,roman_urdu
zakir naik ky is video ka fifs worldcup 2022 sy koi lena dena nhi hai,fake,rufnd_roman_urdu,roman_urdu
"roti taqseem krty huwe shaks ki afghanistan ki yeh tasweer, pakistan ki btaty huwe ki ja rahi gumrahkun hawaly sy viral",fake,rufnd_roman_urdu,roman_urdu
russia mai bany pul ki tasveer ko kia ja raha egypt ka btaty huwe share,fake,rufnd_roman_urdu,roman_urdu
russia nhi ukraine ky fojiyon ki game expose ki hai yeh tasweer,fake,rufnd_roman_urdu,roman_urdu
saiberia ky 9 saal purany video ko sweden mai pathar barasny ky gumrahkun dawa ky sath kia ja raha viiral,fake,rufnd_roman_urdu,roman_urdu
"saudia arab mai 81 afrad ko hui saza e mot ky baad ki ky janazy ka nhi hai yeh video, purana video gumrahkun dawa ky sath viral",fake,rufnd_roman_urdu,roman_urdu
"saudia arab mai huwe hamly ka nhi hai yeh video, purana video gumrahkun dawa ky sath viral",fake,rufnd_roman_urdu,roman_urdu
"saudi footballer yasir alshehrani ka nhi huwa fifa worldcup mai zakhmi hony k baad inteqal, post farzi hai",fake,rufnd_roman_urdu,roman_urdu
"sawat ky selab mai nhi dikhi jal pari, digitaly tayar kia gya video ho raha farzi dawa k sath viral",fake,rufnd_roman_urdu,roman_urdu
sudan ky purany video ko kia ja raha haliya sargarmiyon sy jorty huwe viral,fake,rufnd_roman_urdu,roman_urdu
"sudan mai foj aur paramilitary ky darmiyan chal rahi jung sy nhi hai is video ka taluq, dawa gumrahkun hai",fake,rufnd_roman_urdu,roman_urdu
yeh video 2020 sy romania mai giraftar football shaiqen ky bary mai reports mai gardish kr rahi hai,fake,rufnd_roman_urdu,roman_urdu
sorat ky video ko delhi ka bta kr kia ja raha hai ab viral,fake,rufnd_roman_urdu,roman_urdu
"selab mai behty cylinder ka yeh video utrakhand ka nhi hai, gumrahkun post h",fake,rufnd_roman_urdu,roman_urdu
"selab mai beh rahy rahy in janwaron ka video iran ka nhi hai, turkey ka purana video gumrahkun dawa ky sath viral",fake,rufnd_roman_urdu,roman_urdu
sharukh khan ki pathan ka naam baad kr jawan krny ka dawa farzi hai,fake,rufnd_roman_urdu,roman_urdu
building par gaza hamayat ki yeh tasweer fifa worldcup ky doran ki nhi hai,fake,rufnd_roman_urdu,roman_urdu
building ky munhadam hony ka yeh video ukraine ka nhi balky gaza strip ka hai,fake,rufnd_roman_urdu,roman_urdu
oman mai samundar mai dubty logon ka yeh video hindustan ka bta kr kia gya viral,fake,rufnd_roman_urdu,roman_urdu
"umrah zaireen ky bus hadsa ka nhi hai yeh video, purana video gumrahkun dawa ky sath viral",fake,rufnd_roman_urdu,roman_urdu
"france mai ho rahy pension muzahiry ka nhi hai yeh video, paris ky degar mamla ka video ko gumrahkun dawa ky sath viral",fake,rufnd_roman_urdu,roman_urdu
farzi dawa ky sath viral ho rahi hai 2018 pti rally ki tasweer,fake,rufnd_roman_urdu,roman_urdu
palestine mamlah par OIC ky hangami ijlas ky naam par viral ki rahi taweer 2016 ki hai,fake,rufnd_roman_urdu,roman_urdu
palestine-israel tanaziya ky darmiyan viral ho rahi yeh tasveer 2014 ki hai,fake,rufnd_roman_urdu,roman_urdu
finland mai bheer bhary darya ki purani tasveer is dawe ky sath shre ki ja rahi hai keh yeh america ki hai,fake,rufnd_roman_urdu,roman_urdu
"Qatar government ny fifa worldcup ko ly kr jari nhi kia yeh viral instruction, share kia ja raha graphic gumrahkun hai",fake,rufnd_roman_urdu,roman_urdu
"cartoonist lars wolks ky car hadsa ka nhi hai yeh video, gumrahkun post hui viral",fake,rufnd_roman_urdu,roman_urdu
cricketer shoaib akhtar ki tang tabdeel hony ka gumrahkun dawa ho raha social media par viral,fake,rufnd_roman_urdu,roman_urdu
"kashmir ky naam par viral ho rahi tasweer lakhnow police ki hai, 9 saal qabal pesh aya tha mamla",fake,rufnd_roman_urdu,roman_urdu
kashmir ki masjid ky video ko kia ja raha pakistan ka bta kar share,fake,rufnd_roman_urdu,roman_urdu
kashmir mai khawateen ky ihtejaji muzahira wala purana video phir sy ho raha viral,fake,rufnd_roman_urdu,roman_urdu
"kindria wadyalia ky naam sy viral ho raha video andhar pardesh ky college ka hai, gumrahkun hai dawa",fake,rufnd_roman_urdu,roman_urdu
"gujrat ky naam par viral ho rahi MP ki tasver, education par 400 crore nhi 95,000 crore rupees ka hai budget",fake,rufnd_roman_urdu,roman_urdu
shaam ky bazurg aur halak shuda nujawan ka video kashmir ky naam par viral,fake,rufnd_roman_urdu,roman_urdu
shahrukh khan ny mannat ko ky kr nhi ki koi appeal viral ho raha message farzi hai,fake,rufnd_roman_urdu,roman_urdu
punjab sensor board ny barbie ko noc dia jabkeh punjab hakumat ny film ki screening rok di,fake,rufnd_roman_urdu,roman_urdu
shaheen bagh ka muzahir nhi pulwama mai pakra gya mushtaba dehshatgard hai,fake,rufnd_roman_urdu,roman_urdu
muzahira ki tasveer ko kia ja raha gumrahkun dawa ky sath viral,fake,rufnd_roman_urdu,roman_urdu
malaim singh ky akhri rasumat ki nhi hai yeh viral tasver,fake,rufnd_roman_urdu,roman_urdu
mumbai ka taqreeban derh mah purana video ahmadabad ki masjid mai lockdown ky haliya khilaf warzi ky dawa ky sath viral,fake,rufnd_roman_urdu,roman_urdu
manmohan singh ky muqably modi hakumat mai 38 percent barhy banking fraud wali post gumrahkun,fake,rufnd_roman_urdu,roman_urdu
"mahrashtar ky kolhapur mai truck mai mily bachy madrisy mai parhty hain, gumrahkun dawa viral",fake,rufnd_roman_urdu,roman_urdu
maidan mai rakhy rashan ki is tasver ka iran sy nhi hai koi taluq,fake,rufnd_roman_urdu,roman_urdu
"maxico ky rukan parliament ny 2013 mai oil bill ky sabab utary thy libas, viral post gumrahkun dawa ky sath viral",fake,rufnd_roman_urdu,roman_urdu
namaz e janaza parh rahy logon ki is tasweer ka nhi turkiye zalzala sy taluq,fake,rufnd_roman_urdu,roman_urdu
namaz ky doran imam par charhi billi ka al-jazair ka video turkiye aur saudia arab ka bataty huwe kia ja raha viral,fake,rufnd_roman_urdu,roman_urdu
nupur sharma ky purany video ky ak hissa ko naya bta kr kiya gya viral,fake,rufnd_roman_urdu,roman_urdu
"newzealand ki wazereazam ny christ church mai huwe hamla ky baad kia tha ak waqt ki azan ka radio aur tv broadcast ka ilan, purani kharab gumrahkun dawa ky sath viral",fake,rufnd_roman_urdu,roman_urdu
"hath ki shakal waly darakht ki yeh tasver khasmir ki nhi, britain ky wales ki hai",fake,rufnd_roman_urdu,roman_urdu
hollywood adakara katty homes ki tasver ko kiya ja raha farzi kahani ky sath viral,fake,rufnd_roman_urdu,roman_urdu
himachal pardesh mai hui land sliding ky video ko kia ja raha naran pakistan ky naam par farzi dawa k sath viral,fake,rufnd_roman_urdu,roman_urdu
hindustan ky naagpur chanduara road par huwe car accicent ko pakistan sy jor kr kiya ja raha viral,fake,rufnd_roman_urdu,roman_urdu
hindustan ky gdp ko other countries sy strong btany ky dawa ky sath viral ho rahy graphics mai shamil adad o shumar purana aur gumrahkun hai,fake,rufnd_roman_urdu,roman_urdu
viral taswer asal makhluq nhi balky fankari hai,fake,rufnd_roman_urdu,roman_urdu
viral tasver hal mai huwe afghanistan ky mazar shareef ki shia masjid hamla ki nhi hai,fake,rufnd_roman_urdu,roman_urdu
"viral tasweer ka abudabi ky airport hamla sy nahi hai, purana video gumrahkun dawa ky sath viral",fake,rufnd_roman_urdu,roman_urdu
"viral video hal mai peshawar mai huwe hamly ka nhi hai, purana video gumrahkun dawa ky sath viral",fake,rufnd_roman_urdu,roman_urdu
"viral video hal mai huwe murree hadsa ka nhi hai, purana video gumrahkun dawa ky sath viral",fake,rufnd_roman_urdu,roman_urdu
"viral video ka haal mai yaman mai hui bambari sy nhi hai koi taluq, ek dahai purana video gumrahkun dawa ky sath viral",fake,rufnd_roman_urdu,roman_urdu
wakeel seema kashoba ka naam dunya ki basalahiyat khawateen ki fehrist mai shamil hony ka dawa gumrahkun hai,fake,rufnd_roman_urdu,roman_urdu
"yeh tasver istanbul mai hal nai huwe hamly ki nhi hai, viral taswer purani hai",fake,rufnd_roman_urdu,roman_urdu
"ukraine par ho rahy hamly ka nhi hai ye video, purana video haliya btaty huwe viral",fake,rufnd_roman_urdu,roman_urdu
ukraine ky shehar odesa ki 2014 ki tasver gumrahkun dawa ky sath viral,fake,rufnd_roman_urdu,roman_urdu
christiano ronaldo ky worldcup ky pitch par hamla-awar k sath waqiya ko galt tareeqy sy paish kia gya,fake,rufnd_roman_urdu,roman_urdu
gumrahkun posts south africa pohanchny waly do russian tu-160 bambar tyaron ki purani footage gardish kr rahi hain,fake,rufnd_roman_urdu,roman_urdu
gumrahkun posts ka dawa hai keh sirilanka ky akhbar ny toheen e mazhab ky baad pakistan ky mazhabi inteha pasandon ka cartoon shaya kiya,fake,rufnd_roman_urdu,roman_urdu
gumrahkun posts ny zalzaly ky purany clips ko dobara zinda kia jab turkey tabahi sy dochar huwa,fake,rufnd_roman_urdu,roman_urdu
misleading nicky minaj tweet covid 19 vaccine namardi ky khadshat ko phelata hai,fake,rufnd_roman_urdu,roman_urdu
maghribi kinary ki purani tasver kashmir par muzalim ky ilzamat ky bary mai gumrahkun posts mai share ki gai hai,fake,rufnd_roman_urdu,roman_urdu
moqami police ka kehna hai keh is video mai hindustan ky zeer e intezam kashmir mai baraf mai phansi maa aur bachy ko bacha lia gya hai,fake,rufnd_roman_urdu,roman_urdu
nigeria ky alehdgi pasand yahudi riyast ki foji salahiyat ky bary mai gumrahkun dawy krty hain,fake,rufnd_roman_urdu,roman_urdu
november 2022 mai istanbul dhamaky ky baad gumrahkun siyaq o sabaq mai purani video dobara manzar e aam par aii,fake,rufnd_roman_urdu,roman_urdu
helicopter ky malby ki purani tasaweer mai 2022 mai balochistan ka hadsa nhi dikhaya gya,fake,rufnd_roman_urdu,roman_urdu
virus phelny k baad pakistan mai primary schools ki bandish ky bary mai posts gumrah krti hain,fake,rufnd_roman_urdu,roman_urdu
"vishwas news ky zariye galt malumat 2021 ka report card: covid 10 ki galt malumat par 40% haqaiq ki janch ki gai kahaniyan, rujhan saz waqiyat ky bary mai jhut par 40%, jali hawalon, tarmeem shuda tasawer, video par 20%",fake,rufnd_roman_urdu,roman_urdu
video CO2 sy chaly waly warming par data ko gumrah krti hai,fake,rufnd_roman_urdu,roman_urdu
"video shamsi, hawa ki tawanai ky backup ky akhrajat par gumrah krti hai",fake,rufnd_roman_urdu,roman_urdu
video hawai adon par maya ly jany ki policy ko gumrah krti hai,fake,rufnd_roman_urdu,roman_urdu
venezuela mai russian jungi tyaron ky bary mai cnn ki report 2018 ki hai aur is ka ukraine jung sy koi taluq nhi hai,fake,rufnd_roman_urdu,roman_urdu
yeh 2018 mai zalzala mutasireen ko talash krny waly kuton ki stock tasaweer hain,fake,rufnd_roman_urdu,roman_urdu
yeh AFP ki ak tasweer hai jis mai 2014 mai pakistan mai taliban ky hamly ky baad dikhaya gya hai,fake,rufnd_roman_urdu,roman_urdu
"german solar, wind power sard mosam mai nakam nhi hui",fake,rufnd_roman_urdu,roman_urdu
mangharat report mai jhuta dawa kia gya hai keh itanian police ny vatican mai pedophile cardinals ko giraftar kia,fake,rufnd_roman_urdu,roman_urdu
"taswer sewden mai helicoptor de-iceing wind turbine dikhati hai, texis mai nhi",fake,rufnd_roman_urdu,roman_urdu
in tasaweer mai britain ky wazeer e azam boris johnson ko january 2020 mai brexit ka jashan manaty huwe dikhaya gya hai,fake,rufnd_roman_urdu,roman_urdu
"nahi, is viral video mai charles de gal hawaiady par chuhon ko nhi dikhaya gya hai",fake,rufnd_roman_urdu,roman_urdu
"radio active, vaccine germany ky kisi medical institute sy chori nhi hui",fake,rufnd_roman_urdu,roman_urdu
"is tasweer mai austria ki gulukarah Conchita Wurst aur un ky business manager ko dikhaya gya hai, laksumberg ky wazeer e azam ko nhi",fake,rufnd_roman_urdu,roman_urdu
social media posts germany mai covid-19 Pfizer-BioNTech vaccine ko galt tareeqy sy paish krti hain,fake,rufnd_roman_urdu,roman_urdu
anti parjevi dawa ivermectin covid 19 ka sciencee tor par sabit shuda ilaaj nahi hai,fake,rufnd_roman_urdu,roman_urdu
"nahi, pope ko bachon ki smuggling ky ilzam mai giraftar nhi kia gya tha",fake,rufnd_roman_urdu,roman_urdu
social media posts pompy volcano ky shikar ky bary mai purany nataij ka ishteraq krti hain,fake,rufnd_roman_urdu,roman_urdu
britain rajj k khatmy ki larai ky doran queen Elizabeth II ko salam krny waly hindustani right hand group ky jhuty dave ky sath tasweer share ki hai,fake,rufnd_roman_urdu,roman_urdu
britain dadi ky bary mai facebook par jhuta dawa gardish krta hai jinhon ny clinical trials ky bahir britain ki pehli covid 19 vaccince hasil ki,fake,rufnd_roman_urdu,roman_urdu
covid-19 vaccine ap ky dna ko change nhi krti hain,fake,rufnd_roman_urdu,roman_urdu
covid-19 vaccine khawateen ki naasbandi ka sabab nhi banti,fake,rufnd_roman_urdu,roman_urdu
is video mai october 2022 mai romania mai police aur football fans ky darmiyan tasadum dikhaya gya hai,fake,rufnd_roman_urdu,roman_urdu
doctor anthoney fauci ny ateraf keh mask mendate ak wasi spectrum ki nakami thi,fake,rufnd_roman_urdu,roman_urdu
dimagi aneurysm youth mao ak sangeen aur aam corona virus mRNA vaccine ki chot hai,fake,rufnd_roman_urdu,roman_urdu
log 24 april ko national rape day mai hissa ly rahy hain,fake,rufnd_roman_urdu,roman_urdu
bill gates ap ki namyati padawar ko khatarnak chemical ky sath coating kr rahy hain,fake,rufnd_roman_urdu,roman_urdu
aqwam e mutahidah nabaligon ky sath jinsi taluqat ko jurm qarar deny ka mutalba,fake,rufnd_roman_urdu,roman_urdu
sciencedan yeh samjhny ky liye jadojehad kr rahy hain keh CO2 mai izafy ky bawajud antartica 70 saloon sy garam q nhi huwa hai,fake,rufnd_roman_urdu,roman_urdu
ak video sabit krti hai keh hamari apni hukumat taslee kr rahi hai keh wo asman par zehrely chemical ka chirkao kr rahy hain,fake,rufnd_roman_urdu,roman_urdu
video mai dikhaya gya hai keh russian sadar viladmir putin amarican democracy ky bary mai english mai baat kr rahy hain,fake,rufnd_roman_urdu,roman_urdu
american defence department ny virus ky malum hony sy mahinon qabal ukraine mai corona virus ki tehqiqat ky liye ak moahida dia tha,fake,rufnd_roman_urdu,roman_urdu
video mai kenya ky sadar ko yeh kehty dikhaya gya hai keh wo american dollor sy chutkara paen gy,fake,rufnd_roman_urdu,roman_urdu
elon musk logon ko soty huwe 90 dinon mai 1 million dollor kamany ka moqa faraham kr raha hai,fake,rufnd_roman_urdu,roman_urdu
america mai hamara apna central bank digital currency system 1 july ko shuru hony ja raha hai. Isy FedNow adaigi ka nizam kaha jata hai,fake,rufnd_roman_urdu,roman_urdu
cash app ky bani bob lee ki mot FedNow sy munsaliq hai,fake,rufnd_roman_urdu,roman_urdu
ak video mai ak transperson ky sath Anheuser-busch ki shirkat ky silsaly mai bud light cancer ko tabah krny wala steam roller dikhaya gya hai,fake,rufnd_roman_urdu,roman_urdu
isqat e hamal ki goliyan khatarnak hain aur 5 mai sy 1 aurat paichedgi ka shikar hogi,fake,rufnd_roman_urdu,roman_urdu
"bachon ki sehat k tahafuz ky liye lead paint par pabandi nahi lgai gai, balky is liye keh yeh logon ko tabqari sy bachye ga",fake,rufnd_roman_urdu,roman_urdu
banduq ky tashadud ky khilaf ehtejaj krny waly tennessse state ky law makers ky iqdamat 6 january ky bagawat pasandon ky iqdamat ky kam az kam masawi thy,fake,rufnd_roman_urdu,roman_urdu
nike sam dushmani ky khilaf mudamah haar gai aur usy apny sarfeen ko gift cards dena pary,fake,rufnd_roman_urdu,roman_urdu
video mai ukraine mai jung ki footage dikhai gai hai,fake,rufnd_roman_urdu,roman_urdu
canada ny sirf LGBT ky khilaf iehtejaj krna ghair qanoni bna dia,fake,rufnd_roman_urdu,roman_urdu
uttarpradesh ky kaas ganj mai july maah ky qatal mamla ky video ko guzishta roz ka bta kr kia ja raha hai viral,fake,rufnd_roman_urdu,roman_urdu
hitler ky concentration camp sy munsalik hai ye taswir gumrahkun dawa ky sath ho rahi viral,fake,rufnd_roman_urdu,roman_urdu
talwar ly kar mehakma bijli mai hangama krty nazar araha shakhs ka viral video jaypur ka nhi jodhpur ka purana mamla hai,fake,rufnd_roman_urdu,roman_urdu
pakistani jhandy ky sath raakhi sawant ki tasver gumrahkun dawa ky sath viral,fake,rufnd_roman_urdu,roman_urdu
do saal pehly kedarnath mai huwe helicopter crash ki tasver ko ab ladakh ka bta kr kia gya viral,fake,rufnd_roman_urdu,roman_urdu
bachy ki pitai ka ye video mumbai ka nhi banglore ka hai,fake,rufnd_roman_urdu,roman_urdu
mohali ky ak saal purany muzahiry ky video ab kia kia ja raha viral,fake,rufnd_roman_urdu,roman_urdu
video mai dikh rahi singer kishore kumar ki poti nhi hain,fake,rufnd_roman_urdu,roman_urdu
dehli ky sangam vihar ki purani tasver varanasi ky naam par ki ja rahi viral,fake,rufnd_roman_urdu,roman_urdu
bhagwan sri krishna ki yeh qabil e iteraz painting 5 saal pehly ho chuki hai zabt purani tasver ko guzishta roz ka bta kr kia ja raha hai viral,fake,rufnd_roman_urdu,roman_urdu
yeh tasweer bengaluru mai tashadud krny wali bheer ki nhi bangladesh mai huwe purany ehtejaji muzahiry ki hai,fake,rufnd_roman_urdu,roman_urdu
covid 19 ki apni koi ph value nhi hai viral ho rahi post gumrahkun,fake,rufnd_roman_urdu,roman_urdu
saudiarab mai smuggle shuda beer ki purani tasveer qatar worldcup ky bary mai posts mai dobara samny ai hai,fake,rufnd_roman_urdu,roman_urdu
posts ny microsoft ky shareek bani ky kuch tabsaron ko nazar andaz kr dia hai,fake,rufnd_roman_urdu,roman_urdu
posts netherland ky food forest ky size ko barha charha kr paish krti hain jo 1100 acre par nhi balky 6 acre par muheet hai,fake,rufnd_roman_urdu,roman_urdu
polar bear ki abadi ka graph naqabil e aitebar data istemal krta hai,fake,rufnd_roman_urdu,roman_urdu
nhi america ky april june 2020 yoy ky jdp ky stats ny hindustan sy zyada kharab karkardgi nhi dikhai andar ki tafselaat,fake,rufnd_roman_urdu,roman_urdu
rohingyon ky naam sy gumrahkun dawy ky sath viral huwa atm chor gange ka video,fake,rufnd_roman_urdu,roman_urdu
bheer ny mazhab puch kr nhi bacha chor samajh kr peeta tha hindu muslim ki baat farzi hai,fake,rufnd_roman_urdu,roman_urdu
2017 mai lakhnow ky madrisa mai huwe istehsaal ka mamla dobara huwa viral,fake,rufnd_roman_urdu,roman_urdu
fact check 48 ghanton mai caripel sy dengo thik hony ka dawa krny wali post gumrahkun hai,fake,rufnd_roman_urdu,roman_urdu
farzi id ky zariye qabil e aiteraz tanqeed krny ka mamla himachal pradesh nhi up ky hamirpur ka degar shakhs ki tasver mulzim ky nam par viral,fake,rufnd_roman_urdu,roman_urdu
bachon ko berehmi sy maarny wala video hindustan nhi saudiarab ka ak saal purana video hai,fake,rufnd_roman_urdu,roman_urdu
rajasthan ka purana video social media par kia ja raha hai viral,fake,rufnd_roman_urdu,roman_urdu
new delhi vishwas news social media par gardish krny wali ak viral tasver mai ak arcade ky phool ko duck sy similar dikhaya gya hai sath ky dawy sy pta chalta hai keh ye batakh ka arcade hai,fake,rufnd_roman_urdu,roman_urdu
manhattan mai purtashadud jaraim ab record satah par hain,fake,rufnd_roman_urdu,roman_urdu
florida disaster fund ky liye ikathy kiye gaye $70 million sy kisi ko ak paisa nhi mila,fake,rufnd_roman_urdu,roman_urdu
silicon valley bank ny BLM movement ko $73M ka atiya dia,fake,rufnd_roman_urdu,roman_urdu
Jhuti posts ka dawa hai keh canadian spinner wali ukraine pohanchny k foran baad marra gya,fake,rufnd_roman_urdu,roman_urdu
charles darwin ny paishangoi ki keh insanon ki ak zeli nasal hayatiyat sy inkar kry gi aur tareekh ko dobarah likh kr insani taraqi ki sadiyon ko khatam krny ki koshish kry gi,fake,rufnd_roman_urdu,roman_urdu
TV maizban doctor phil ny 2023 bazurgon ky fawaid ky program ki toseeq ki,fake,rufnd_roman_urdu,roman_urdu
sabiq sadar donald trump ny kaha keh mujh par koi bhi fardejurm ap par aaid hoti hai,fake,rufnd_roman_urdu,roman_urdu
video mai dikhaya gya hai keh trump ky hami itwar ko hanhattan mai fifth avenue par qataar mai khary hain,fake,rufnd_roman_urdu,roman_urdu
sabiq sadar donald trump ny ak bayan jari jis mai evan ky speaker kevin mccarthy ki dilchasp videos leak krny ki dhamki di gai,fake,rufnd_roman_urdu,roman_urdu
elon musk ny tweet keh wo mushtarkah commission khareeden gy aur nurses ko apny station par mashrubat piny dyn gy,fake,rufnd_roman_urdu,roman_urdu
tasweer mai magic johnson khun ka atiya krty huwa dikhata hai communities ko corona virus sy larny mai madad krny k liye,fake,rufnd_roman_urdu,roman_urdu
sabiq sadar donald trump ny tweet keh tufan ham par hai,fake,rufnd_roman_urdu,roman_urdu
tasweer mai sadar donald trump ko police ny hirast mai ly liya hai,fake,rufnd_roman_urdu,roman_urdu
"america uganda ko ham jins parasti ko qanuni hasiyat deny ky liye hatmi warning deta hai, ya koi imdad nhi",fake,rufnd_roman_urdu,roman_urdu
kari lake ny 2016 ki ak tweet mai trump ko taft ky baad sab sy mota sadar qarar dia,fake,rufnd_roman_urdu,roman_urdu
ham is saaf tawanai wali wind turbine ko barf sy pak krny ky liye sirf 300 gallon jet fuel jala rahy hain jisy chalany ky liye 80 gallon artificial oil ki zarorat hai,fake,rufnd_roman_urdu,roman_urdu
geogia ki deklab county ky liye $2 million ki grant antekhabi dafatir ky niji qabzy ky mutradif hai,fake,rufnd_roman_urdu,roman_urdu
kisi bhi chez ky muqably mai gharelu tashadud ki calls ka jawab huwe zyada police ehalkar mary jaty hain,fake,rufnd_roman_urdu,roman_urdu
elon musk ny twitter sy greta thunberg par pabandi lga di,fake,rufnd_roman_urdu,roman_urdu
Russian Dementia ki dekh bhai ki sahuliyat apny poster par biden ka istemal kr rahi hain,fake,rufnd_roman_urdu,roman_urdu
clinton ky itehadi pur israr tor par mar gaye,fake,rufnd_roman_urdu,roman_urdu
1920 aur 2020 mai li gai mujasma e azadi ki tasaweer sy pata chalta hai keh satah e samundar mai koi tabdeli nhi ai hai,fake,rufnd_roman_urdu,roman_urdu
bayen bazu apni tareekh ki kitabon sy mount rishmor ko mitany ky liye pur azam hai,fake,rufnd_roman_urdu,roman_urdu
audio ny sabiq sadar donald trump aur barak obama ko mishal obama ki jins par behas krty huwe dikhaya,fake,rufnd_roman_urdu,roman_urdu
"elon musk ny tweet, dunya chipti hain",fake,rufnd_roman_urdu,roman_urdu
the simpsons ny january mai bank of america ky sarfeen ky khaton sy raqam gaib hony ki paish goi ki,fake,rufnd_roman_urdu,roman_urdu
the view and kyle rittenhouses ky sath 22 million dollars aur rasmi mafi mai ty pata hai,fake,rufnd_roman_urdu,roman_urdu
video sy pta chalta hai keh ghar par corona virus test istemal krty waqt kuch mashrubat corona virus ky liye musbat test kr skty hain,fake,rufnd_roman_urdu,roman_urdu
2020 ky intekhabat munsana nhi ho skty thy kyunky los angles county ny qanuni charah joi ky doran is baat par itefaq keh intekhabat ky baad 1.2 million naehal voters thy,fake,rufnd_roman_urdu,roman_urdu
elon musk jald hi facebook hasil kry ga,fake,rufnd_roman_urdu,roman_urdu
ashli babbitt zinda aur khairiyat sy hain,fake,rufnd_roman_urdu,roman_urdu
video mai dikhaya gya hai keh elon musk ak anti ageging ilaj ki toshiq krty hain,fake,rufnd_roman_urdu,roman_urdu
bill gates ka dawa hai keh wo dawasazi ki sanat ka ak darust numaindah hai kyunkeh is ny mozu ky bary mai boht si kitaben parhi hain,fake,rufnd_roman_urdu,roman_urdu
nai footage jari hony ky foran baad 6 january ki committee khatam kr di gai,fake,rufnd_roman_urdu,roman_urdu
american senitor josh holy ny committee ki samaat mai american Attorney General Merrick Garland ko rony par majbur,fake,rufnd_roman_urdu,roman_urdu
"is tyary ky hadsy mai halak hony waly panch afrad east palestine mai pani, mitti, aur hawa ky mayar ko janchny ky liye ohio jana tha",fake,rufnd_roman_urdu,roman_urdu
tammy balwin ly jana chahta hai Medicare and Social Security,fake,rufnd_roman_urdu,roman_urdu
breaking: john fetterman istefa ka elan,fake,rufnd_roman_urdu,roman_urdu
ukraine ky sadar Volodymyr Zelensky ka kehna hai keh wo chahty hain keh america ky bety aur betiyan ukraine mai mar jayen,fake,rufnd_roman_urdu,roman_urdu
"ohio mai, yahan 75,000 akar kheti bari hai, zarkhaiz bari, jo ab tezab ki barish sy beh rahi hai",fake,rufnd_roman_urdu,roman_urdu
lakhon ki tadad mai musalman isaiyat ikhtiyar kr rahy hain,fake,rufnd_roman_urdu,roman_urdu
"3 february ko train ky patri sy utarny sy pehly east palestine, ohio ky rehaishiyon ko sans leny mai dushwari jesy tawel mudati sehat ky masail ka pta lgany ky liye digital ids di gain",fake,rufnd_roman_urdu,roman_urdu
mehkma insaf walideen ko bula raha hai jo is bary mai fikarmand hain keh un ky bachon ko pharhaya ja raha hai wo unhen dehshatgard qarar dy rahy hain,fake,rufnd_roman_urdu,roman_urdu
woody harrelsons ky 60 seconds in ky a monologue ky wast mai show ky baad jari kardah tarmimat sy kaat diye gye thy,fake,rufnd_roman_urdu,roman_urdu
breaking trump ny marines ko sadarti bagawat rokny ky kiye tayar,fake,rufnd_roman_urdu,roman_urdu
video mai sadar joe biden ko ak ajnabi tasadum ko yaad krty huwe dikhaya gya hai,fake,rufnd_roman_urdu,roman_urdu
"2022 mai america mai 297 amwat mai riffiles mulawis thin aur qabz sy 2,167 afrad halak huwe",fake,rufnd_roman_urdu,roman_urdu
chlorine ky sath ilaj shuda nal ka pani pina ya istemal krna khatarnak hai kyunkeh chlorine ak zehar hai,fake,rufnd_roman_urdu,roman_urdu
joe biden ny america ko shi jin ping ky sath himaliya ky daman ky tor par bayan,fake,rufnd_roman_urdu,roman_urdu
"kid rock ny tweet, kuch log zulm ko nhi pehchanen gy agar usny unky chehry par mask thapar mara, inhen 6 foot ky fasly par khara kr dia, aur unhen 99.8 pesad zinda rehny ki sharah ky sath virus ki vaccine leny par majbur kr dia",fake,rufnd_roman_urdu,roman_urdu
sabiq sadar donald trump american tareekh ky pehly sadar thy jinhon ny is baat ko tasleem keh america mai bachon ko jinsi taluqat ky liye farokht kia ja raha hai jab keh president joe biden ny trump ky exective orders ko mansukh kr dia jis ny bachon ki jinsi smuggling sy nimatny mai madad ki,fake,rufnd_roman_urdu,roman_urdu
elizabeth warren ka kehna hai keh republicans ko vote deny ki ijazat deny sy election ki salmiyat ko khatra ho skta hai,fake,rufnd_roman_urdu,roman_urdu
53% americans ny hunter biden ky laptop ki kahani sy agah hai keh wo 2020 mai apna vote tabdel kr chuky hon gy,fake,rufnd_roman_urdu,roman_urdu
agenda 2030 zameen ki taraqi ko control krny waly qawaneen hukumat ko aluda zameenon par qabza krny aur un ky rehaishiyon ko smart shehron mai muntaqil krny ki ijazat dety hain,fake,rufnd_roman_urdu,roman_urdu
apple sarfeen ko sust iphone ky liye $700 ada krny ga,fake,rufnd_roman_urdu,roman_urdu
president joe biden ny intekhabat mai jaalsazi ka etraf,fake,rufnd_roman_urdu,roman_urdu
australia mai 2022 ky pehly ath mahinon mai heart attack sy hony wali amwat mai 17 fesad izafa ka taluq corona virus vaccination sy hai,fake,rufnd_roman_urdu,roman_urdu
clinton ka muawin murda paya gya bazahir qatal mai darakht sy bandha huwa tha,fake,rufnd_roman_urdu,roman_urdu
is video mai former president barak obama ky medal of freedom hasil krny walon mai sy har ak Epstein k flight logs par tha,fake,rufnd_roman_urdu,roman_urdu
tulbah ky shanakhti card intekhabat mai dhokadahi ka zariya hain,fake,rufnd_roman_urdu,roman_urdu
george soros ny 2024 ky liye Ron DeSantis ki tosiq ki hai,fake,rufnd_roman_urdu,roman_urdu
joe biden ny black history mahiny ka nam tabdeel kr dia,fake,rufnd_roman_urdu,roman_urdu
big box stores dhokha dahi aur imteazi saluk ky liye sarfeen ko raqam ki wapsi aur credit dy rahy hain,fake,rufnd_roman_urdu,roman_urdu
audio ak biden ka record hai jo apny chori shuda dastawezat ky jurm ko chupany ki koshish kr raha hai,fake,rufnd_roman_urdu,roman_urdu
andrew tate ko jail sy reha gya aur mujrim sabit nhi huwa,fake,rufnd_roman_urdu,roman_urdu
tasver sy pta chalta hai keh ohio mai railway kesi nazar ati hai jab ham ukraine ko 40 billion dollar bhejty hain,fake,rufnd_roman_urdu,roman_urdu
"kyunkeh covid shorts abhi bhi hamgami istemal ki ijazat ky tehat tyar kiye jaty hain, wo FDA ki manzuri ky bagair 49% ajza tak tabdel kr skty hain",fake,rufnd_roman_urdu,roman_urdu
biden aur zelensky ki niji gufatgu ki audio recording leak hui,fake,rufnd_roman_urdu,roman_urdu
ak tasweer mai sadar joe biden aur ukraine ky sadar Volodymyr Zelensky hath pakty huwe hain,fake,rufnd_roman_urdu,roman_urdu
american mehkma e kharja ny tarkeen e watan ky liye khasusi visa inkhala operation shuru kr dia hai,fake,rufnd_roman_urdu,roman_urdu
richard belzer ki mot corona virus vaccine ki waja sy hui,fake,rufnd_roman_urdu,roman_urdu
brown bamuqabla talemi board kaly bachon ko safaid fam schools mai bhejny ky bary mai kabhi nhi tha yeh waledain ky bary mai fasla krny ky qabil tha keh wo apny bachon ko school kahan bhejen,fake,rufnd_roman_urdu,roman_urdu
biden admin ny WHO ko american wabai policies par ikhteyar deny ky mamly par baatcheet ki,fake,rufnd_roman_urdu,roman_urdu
ralley mai police ki barbariyat ky 2020 muzahiron ky doran haqeeqat mai ak shakhs mara gya,fake,rufnd_roman_urdu,roman_urdu
video mai turkiye mai zalzala dikhaya gya hai,fake,rufnd_roman_urdu,roman_urdu
mickey mouse ko sarkari disney show bankers ky tor par tabdeel kia jaye ga,fake,rufnd_roman_urdu,roman_urdu
kutty ky kery ki dawa fenbendazole insanon mai cancer ka ilaj kr skti hai,fake,rufnd_roman_urdu,roman_urdu
arab patiyon ky liye ost tax taqreeban 3% hai jo keh school teachers ya fir fighters sy kam tax hai,fake,rufnd_roman_urdu,roman_urdu
2 hafton sy bhi kam arsy mai saat maholiyati aafat ham hamly ki zad mai hain,fake,rufnd_roman_urdu,roman_urdu
kfc ny black history month ky liye chicken drum stick ki tasweer tweet ki,fake,rufnd_roman_urdu,roman_urdu
ohio mai train ky patri sy utarny ky baad kentucky mai ak taswer mai parindy murda gir gaye,fake,rufnd_roman_urdu,roman_urdu
saudi ky juwakhana ka nhi hai yeh video farzi dawa ho raha viral,fake,rufnd_roman_urdu,roman_urdu
salman shahrukh aur amir ny nhi dia muskan ko cororon rupees ka inam farzi video huwe viral,fake,rufnd_roman_urdu,roman_urdu
samajwadi party mai nhi shamil huwe shivpal yadav purani tasver ho rahi viral,fake,rufnd_roman_urdu,roman_urdu
sambat patra ki beti ko ly kr viral kia gya farzi dawa,fake,rufnd_roman_urdu,roman_urdu
central vista project site par gaye wazeer e azam ky sath photographer ki yeh tasweer edited hai,fake,rufnd_roman_urdu,roman_urdu
sanjy dutt ki tasver cheyr chaar kr ky viral ki ja rahi hai,fake,rufnd_roman_urdu,roman_urdu
michigan state university ka mushtaba shakhs 22 sala raymon jorden hai,fake,rufnd_roman_urdu,roman_urdu
insan mosmiyati tabdeli ka sabab nhi bn rahy hain maqnatesi qutab ki tabdeli dunya bhar mai mosam aab o hawa zalzaly sunami wagera mai tabdeli phela rahi hai,fake,rufnd_roman_urdu,roman_urdu
turkiye mai any wala zalzla geoengineering mosmi tabdeli HAARP ka scripted istemal hai,fake,rufnd_roman_urdu,roman_urdu
michigan state university shooter ka naam lin de walker nami 21 sala shakhs hai,fake,rufnd_roman_urdu,roman_urdu
general mark milli ny kabhi larai mai kam nhi,fake,rufnd_roman_urdu,roman_urdu
ak tasweer mai dikhaya gya hai keh 7 feburary ko state of the union ky khitab mai sadar joe biden par ak deputy US marshal gari nigah rakhy huwe hai,fake,rufnd_roman_urdu,roman_urdu
ak video mai dikhaya gya hai keh turkey aur sham ky zalzaly ky baad ak kuta apny kuty tak pohanchny ki koshish kr raha hai,fake,rufnd_roman_urdu,roman_urdu
canada mai 100% corona virus amwat ab mRNA vaccine ki waja sy hain,fake,rufnd_roman_urdu,roman_urdu
tasweer mai former president donald trump aur maxico ky president Andres Manuel Lopez Obrador ko bosa dety huwe dikhaya gya hai,fake,rufnd_roman_urdu,roman_urdu
sadar joe biden ny apny taxon mai dhokha dia aur us sy farar ho gaye,fake,rufnd_roman_urdu,roman_urdu
nasa curiosity ny mareekh (mars) par nazi helmet talash,fake,rufnd_roman_urdu,roman_urdu
joe biden khuli janubi sarhad america mai fentanyl sy hony wali amwat ka zimedar hai,fake,rufnd_roman_urdu,roman_urdu
international space station par koi insan hi hain,fake,rufnd_roman_urdu,roman_urdu
chick-fil-A ki diping chatniyon mai sy kuch mai ak juz sehat ky sangeen masail ka sabab bn skta hai,fake,rufnd_roman_urdu,roman_urdu
pichly do salon mai jamhuriyat kamzor nhi balky mazbut hui hai amriyaten mazbut nhi balky kamzor huin,fake,rufnd_roman_urdu,roman_urdu
mark zuckerberg ny pichly maniny ak platform launch tha jo har sarif ko ghar chory bagair bhi rozana $500 sy kamany ki ijazat deta hai,fake,rufnd_roman_urdu,roman_urdu
joe biden ny corona virus pandamic ky doran school band kr diye,fake,rufnd_roman_urdu,roman_urdu
ghair mamuli cancer fori marhaly mai phat rahy hain aur cancer ky in khuliyon mai spike protine hota hai,fake,rufnd_roman_urdu,roman_urdu
game of thornes ky kirdaron wali tasver mai turkiye aur sham mai zalzaly ky mutasren ko dikhaya gya hai,fake,rufnd_roman_urdu,roman_urdu
ghar k pichwary mai murgiyon ky jhund ny andy dena band kr diye hain aur feed zimedar hai,fake,rufnd_roman_urdu,roman_urdu
ap janty hain keh fentanyl zehar ki waja sy virginia bhar mai kitny bachy mar rahy hain? Banduqon sy hathon marny sy kahin zyada,fake,rufnd_roman_urdu,roman_urdu
pfizer abhi abhi vaccine ky liye janbhujh kar covid ko tabdel krny ka kam krty huwe pakra gay hai,fake,rufnd_roman_urdu,roman_urdu
diamond aur silk pandit corona virus sy inteqal kr gaye,fake,rufnd_roman_urdu,roman_urdu
ak chokidar ny ak ghair mamuli harkar mai chinese jasus ghubary ko mar giraya,fake,rufnd_roman_urdu,roman_urdu
illinois ny wahan ak ibtedai school mai $5.1 billion wasul kiye jis ny masawat aur tanu ky liye istemal,fake,rufnd_roman_urdu,roman_urdu
sadar joe biden ny kaha yeh khayal keh ham ukraine mai tank bhejny ja rahy hain jisy tesri jugn e azeem kaha jata hai,fake,rufnd_roman_urdu,roman_urdu
hamal ky test mai poshida plan b ki goli shamil hai,fake,rufnd_roman_urdu,roman_urdu
university of delaware mai mazeed classified dastavezat ki gai thin ak tractor trailor ki maliyat ky brabar,fake,rufnd_roman_urdu,roman_urdu
american numaindy ilhan umer ko saat naye jaraim ky inkeshaf ky baad 40 saal qaid aur mulk badri ka samna,fake,rufnd_roman_urdu,roman_urdu
tyre nichols ko marny waly afsran ny usy nishana bnaya kyunkeh wo un ki biwiyon mai sy ak ko mubayina tor par dating kr raha tha,fake,rufnd_roman_urdu,roman_urdu
garz ki had ya hamary khasary mai sab sy bara tawun krny wala trump ky taxes mai kami hai,fake,rufnd_roman_urdu,roman_urdu
doctors ka kehna hai keh microwave mai khana pakany ky doran jazb hony waly zehrely madon ki wjah sy bari ant ka cancer barh raha hai,fake,rufnd_roman_urdu,roman_urdu
hukumat ny Connecticut k Hillendal Farms mai agg lagai taky wo hamen apny jali GMO gosht khany par majbur kr sken ya hamen tameel mai bhooka maren,fake,rufnd_roman_urdu,roman_urdu
US Representative Alexandria Ocasio-Cortez ny tweet keh instagram ko khatam krny ki zarorat hai,fake,rufnd_roman_urdu,roman_urdu
breaking gop ny umer ko congress sy nikalny ki qarardad manzur kr li yeh is ky liye khatam hogya hai,fake,rufnd_roman_urdu,roman_urdu
georgia high school association ny corona virus vaccine ky tanazur mai achanak cardiac arrest sy agahi form jari krna shuru,fake,rufnd_roman_urdu,roman_urdu
video mai ak shakhs ko sweden mai quran jalaty huwe dikhaya gya hai,fake,rufnd_roman_urdu,roman_urdu
video mai american senitor ted cruz ky remarks par congress bharakti dikhai deti hai,fake,rufnd_roman_urdu,roman_urdu
issi din voter ka inderaj intekhabi ohdedaron ko voter ki malumat ki darustgi aur darustgi ki tasdeeq krny ki ijazat nhi deti hai,fake,rufnd_roman_urdu,roman_urdu
global warming ak faraib hai,fake,rufnd_roman_urdu,roman_urdu
biden muskuraty huwe us ny qarz mai apny sy pehly ky kisi bhi sadar sy zyada izafi hai,fake,rufnd_roman_urdu,roman_urdu
Glenn Youngkin jadeed dor mai pehly mojuda governer hain jin ki party ky pas qanoon sazi ki nashisten un ky muntakhib hony ky muqbly mai kam hain,fake,rufnd_roman_urdu,roman_urdu
joe biden ny kaha ukraine ky logon sy mai un sab sy kehta hun ap shaid wo darust kr sken aur ao is qaib nhi hain,fake,rufnd_roman_urdu,roman_urdu
is tasweer mai sabiq sadar donald trump ko guzishta hafty dikhaya gya hai,fake,rufnd_roman_urdu,roman_urdu
ukraine mai america ny jo raqam kharch ki hai wo afghanistan mai apni jung ky liye america ky akhrajata sy do guna hai,fake,rufnd_roman_urdu,roman_urdu
sadar joe biden ny ak exective order par dastakhat kiye jis mai americans ky liye health insurance muft bnana tha,fake,rufnd_roman_urdu,roman_urdu
scientists ny khabardar hai keh andy hazron logon ko achanak khoon ky lothry banny ka bais bn rahy hain,fake,rufnd_roman_urdu,roman_urdu
ost american ky pas 5 sy 15 pound tak pakhana un ki aant mai phans jata hai,fake,rufnd_roman_urdu,roman_urdu
world health organization 1974 sy mustaqil banjhpan paida krny ky liye vaccine par kaam kr raha hai,fake,rufnd_roman_urdu,roman_urdu
transportation security administeration ny sinfi ghair janibdaar screening technology par 200 million dollar kharch kiye,fake,rufnd_roman_urdu,roman_urdu
video mai dikhaya gya hai keh hecklers president joe biden par behayai ka nara lga rahy hain,fake,rufnd_roman_urdu,roman_urdu
Aretha Franklin ka 1968 ka gana ak qurdari aurat ko trans community ny jarehana samjha,fake,rufnd_roman_urdu,roman_urdu
video mai dikhaya gya hai keh numainda Alexandria Ocasio-Cortez roty huwe ted cruz uthty hain aur usy apny chehry par zaleel krty hain,fake,rufnd_roman_urdu,roman_urdu
california mai november ky wast mudati intekhabat mai 10 million mile belt behisab hai,fake,rufnd_roman_urdu,roman_urdu
jin logon ny corona virus ky khilaf vaccine nhi lgai wo behtreen nikly,fake,rufnd_roman_urdu,roman_urdu
congo mai barki charge shuda pathar daryaft huwe,fake,rufnd_roman_urdu,roman_urdu
andrew tate ko bazabta tor par 15 saal qaid ki saza sunai gai mujrim sabit,fake,rufnd_roman_urdu,roman_urdu
murgiyan andy nhi dy rahi hain kyunkeh RNA ko commercial chicken feed mai shamil ja raha hai,fake,rufnd_roman_urdu,roman_urdu
america mai polio ko vaccine ky zariye khatam nhi gya,fake,rufnd_roman_urdu,roman_urdu
christine grady NIH ki sarbarah hain,fake,rufnd_roman_urdu,roman_urdu
american chicken aur eggs ki kami ka taluq bill gates sy hai,fake,rufnd_roman_urdu,roman_urdu
aye waziye kren drage shoes strap shoes hain,fake,rufnd_roman_urdu,roman_urdu
achanak arrhythmic death syndrome aur falij ka mosam corona virus pandamic sy pehly mojud nhi tha,fake,rufnd_roman_urdu,roman_urdu
CO2 warming ak dhokha hai NOAA isy sarkari bnata hai,fake,rufnd_roman_urdu,roman_urdu
tareekhi taswer is baat ka sbut hain keh in mashhur shakhsiyat ko clon gya tha,fake,rufnd_roman_urdu,roman_urdu
video sabit krti hai keh greta thunberg ak bohrani adakar hai,fake,rufnd_roman_urdu,roman_urdu
mosmiyati tabdeeli ak qudrati tor par waqe hony wala rujhan hai jisy prehistoric eras mai track ja skta hai,fake,rufnd_roman_urdu,roman_urdu
ak video mai nepal mai haliya tyary ky hadsy ka malbah dikhaya gya hai,fake,rufnd_roman_urdu,roman_urdu
mRNA vaccine khuraq ki farahmi mai lgai ja rahi hain,fake,rufnd_roman_urdu,roman_urdu
fedral aviation adminstration ny pilots ky kiye apny electrocardiogram parameters ko wasse kr dia hai kyun keh corona virus vaccines sy airline pilots ki kafi tadad mai dil ko shadeed nuksan pohancha hai,fake,rufnd_roman_urdu,roman_urdu
taqreeban har mutaliya ny ab in naye boosters ky sath kaha hai ap ko bivalent booster sy mutasir hony ka zyada imqan hai,fake,rufnd_roman_urdu,roman_urdu
harvard medical school ky tulba LGBTQIA + sheer khawar bachon ki dekh bhal krny ka tareeqa seekhty hain,fake,rufnd_roman_urdu,roman_urdu
ak video mai palestine mai asman par ak haqeeqi farishta dikhaya gya hai,fake,rufnd_roman_urdu,roman_urdu
ak video mai nepal mai 15 jaunary ko hawai jahaz ky mohliq hadsy ko dikhaya gya hai,fake,rufnd_roman_urdu,roman_urdu
CNN ny itla di hai keh Damar Hamlin ky doctor ny tasdeeq ki hai keh un ky dil ka dora corona virus vaccine booster ki wja sy huwa tha,fake,rufnd_roman_urdu,roman_urdu
"dastavez sy pta chalta hai keh hunter biden ny joe biden ko mahana 50,000 dollar kraya dia",fake,rufnd_roman_urdu,roman_urdu
greta thunberg ny germany mai giraftri di,fake,rufnd_roman_urdu,roman_urdu
joe biden bator naib sadar ky pas dastavezat ko ghair elaniya krny ka haq nhi tha,fake,rufnd_roman_urdu,roman_urdu
zyada mane hamal ki dateyabi isqat e hamal ki talab ko barthati hai,fake,rufnd_roman_urdu,roman_urdu
walmart imteyazi tasfiya ky hissy ky tor par kuch khawateen ko $500 grocery store credit dy raha hai,fake,rufnd_roman_urdu,roman_urdu
world economic forum ny hifazti wajuhat ki bina par apni salana meeting ky liye switzerland ky shehar devis mai logon ko urany ky liye ghair vaccine shuda pilots ki khidmat hasil kin,fake,rufnd_roman_urdu,roman_urdu
"americans ny jinhon ny wabai marz ky zariye kaam mulazmeen ko barqarar rakhny ky credit ky liye qualify kr ky $26,000 tak ada kiye ja rahy hain",fake,rufnd_roman_urdu,roman_urdu
har ak Republican ny Ketanji Brown Jackson ki Scotts appointment ko block kr dia.,fake,rufnd_roman_urdu,roman_urdu
video mai dikhaya gya hai keh elon musk is baat ky bary mai baat kr rahy hain keh wo jis har nakam rehnuma sy mila tha wo mushtariq tha,fake,rufnd_roman_urdu,roman_urdu
white house ab tamam gae oven aur burners par pabandi lgany ki koshish kr raha hai,fake,rufnd_roman_urdu,roman_urdu
corona virus ak latin word hai jiska mtlb heart attack virus hai,fake,rufnd_roman_urdu,roman_urdu
idaho ky chogni qatal ky mulzim ko girftar krny ky liye istemal hona wala cell phone data sabit krta hai keh 2000 mules film ky cell data ky istemal par tanqeed bybunyad hai,fake,rufnd_roman_urdu,roman_urdu
brazil mai intekhabaat boht wazy tor par dhandli zada election thy,fake,rufnd_roman_urdu,roman_urdu
MMA fighter victoria lee ak corona virus vaccine ki wjah sy inteqal kr gain,fake,rufnd_roman_urdu,roman_urdu
wo walidain ko school board ki meetings mai jaty hain aur nisab par sawal krty hain ak meeting mai shirkat k liye mehkma e insaf aur FBI ki traf sy jhanda lgaya ja raha hai,fake,rufnd_roman_urdu,roman_urdu
corona virus vaccine nojawan aur sehatmand afrad ky liye khatry ky muqably mai sifar faida faraham krti hain,fake,rufnd_roman_urdu,roman_urdu
tasver mai brazil ky capital par hamly ky waqt ak copy cat qanon shaman dikhaya gya hai,fake,rufnd_roman_urdu,roman_urdu
"$5,000 ka mohariq qarz dastiyab hai",fake,rufnd_roman_urdu,roman_urdu
tee higgins damar us waqt tak hospital sy bahir nhi ja raha jab tak keh usy malum ma ho keh hamlin thik hai,fake,rufnd_roman_urdu,roman_urdu
pope benedict xvi aur vatican ny darkhwast ki keh sadar biden benedict ki akhri rasumat mai shirkar nah kren,fake,rufnd_roman_urdu,roman_urdu
"jaunary 2021 sy ly kr ab tak 1,598 athletes ko heart attack huwa hai 69% mohlik",fake,rufnd_roman_urdu,roman_urdu
damar hamlin ky khilari buffalo bills ka girna corona virus vaccine ki waja sy huwa,fake,rufnd_roman_urdu,roman_urdu
joe biden ky naib sadar banny k baad apny walid k kehny par us ny apny chacha frank h biden ko second world war ky doran american army mai khidmat anjam deny ky liye purple heart dia,fake,rufnd_roman_urdu,roman_urdu
"wo dobara sadar ky tor par afghanistan, iraq, aur un ilaqon ka dora kr chuky",fake,rufnd_roman_urdu,roman_urdu
tesla ny ak cryptocurrency platform launch jis ka mqsad khandanon ko ameer banny mai madad krna hai,fake,rufnd_roman_urdu,roman_urdu
ak video mai dikhaya gya hai keh numaindy matt gaetz robert muller ko jail jany ki dhamki dy rahy hain,fake,rufnd_roman_urdu,roman_urdu
elon musk ny kaha mai paish goi krta hun keh mai kal puri meta company khareedun ga,fake,rufnd_roman_urdu,roman_urdu
jin logon ny US postal service ki wardi churai hai wo postal workers ka roop dhar rahy hain aur banduq ki noq par logon ko lot rahy hain,fake,rufnd_roman_urdu,roman_urdu
FDA bilakhir samny aya aur kaha keh pfizer ka corona virus shot blood cloating ka reason bnta hai,fake,rufnd_roman_urdu,roman_urdu
ak video mai jim jorden ko ye kehty huwe dikahya gya hai keh 2020 ka election chori hogya,fake,rufnd_roman_urdu,roman_urdu
ak video mai taarqeen e watan ko news cameras ky liye ansu bahaty huwe dikhaya gya hai,fake,rufnd_roman_urdu,roman_urdu
elon musk ny kaha dunya ky kuch hisson mai sahafiyon ko galt logon ko abur krny par qatal kr dia jata hai,fake,rufnd_roman_urdu,roman_urdu
russia ki army tabahi hogai,fake,rufnd_roman_urdu,roman_urdu
cell phone ko popcorn ky dany ko pop krny ky liye instemal ja skta hai,fake,rufnd_roman_urdu,roman_urdu
ak video mai nancy pelosi ko american institute of energy ky sabiq mulazim ky potrait ki naqab kushai krty huwe dikhaya gya hai,fake,rufnd_roman_urdu,roman_urdu
lehsan ka ak achi trha sy tayar krdah salve lungs aur nizam e tanafus ki kisi bhi bimari ko thik kr skta hai,fake,rufnd_roman_urdu,roman_urdu
insani smuggler gas pumps aur darwazy ky handels par zehrely tissues daal rahy hain phir mumkina mutasrin ky guzarny ka intezar kr rahy hain,fake,rufnd_roman_urdu,roman_urdu
corona virus ki vaccine 80 canadian doctors ki mot sy munsalik thin,fake,rufnd_roman_urdu,roman_urdu
is saal america mai flu ky records zyada cases hain aur pichly saal koi nhi thi,fake,rufnd_roman_urdu,roman_urdu
stephen boss ki moat corona virus vaccine ki wja sy hui,fake,rufnd_roman_urdu,roman_urdu
video mai dikhaya gya hai keh Senator John Kennedy Homeland Security k Secretary Alejandro Mayorkas sy keh rahy hain ap ka moakhza jaye ga,fake,rufnd_roman_urdu,roman_urdu
kari lake ka case arizona ko benaqab krta hai keh dastakhat ki toseeq ka istemal nhi gya,fake,rufnd_roman_urdu,roman_urdu
england ki oxfordshaire county council ny environmental lockdown residents ko un k apny paros tak mehdud rakhny ka trail pass hai,fake,rufnd_roman_urdu,roman_urdu
pfizer ny tasdeeq ki hai keh stiff person syndrome corona virus vaccine ka ak manfi asar hai,fake,rufnd_roman_urdu,roman_urdu
grant wahl ki moat corona virus vaccine ki wja sy hui,fake,rufnd_roman_urdu,roman_urdu
fedral reserve ny nai currency ki dastyabi ko moatal kr dia hai,fake,rufnd_roman_urdu,roman_urdu
"bari machinary ko ak hi textile car ki battery ky liye darkar maadniyat hasil krny ky liye 500,000 pound zameen ko muntaqil krny ki zarorat hai",fake,rufnd_roman_urdu,roman_urdu
ukraine mai jung sab khatam ho chuki,fake,rufnd_roman_urdu,roman_urdu
is video mai dikhaya gya hai keh chuck grassley joe biden ky istefy ka mutalba kr rahy hain,fake,rufnd_roman_urdu,roman_urdu
char bary athelets mai haliya khoon ky jamny ya falij corona virus vaccine ka napasandida asar hain,fake,rufnd_roman_urdu,roman_urdu
human meat project gosht ky istemal ky mutabadil ikhteyarat bnanye ky liye atiya kiye gaye jismon aur aaza ka istemal kr raha hai,fake,rufnd_roman_urdu,roman_urdu
pfizer ky ceo albert borla ny istefa dety huwe kaha keh mRNA vaccine mahfuz nhi hain,fake,rufnd_roman_urdu,roman_urdu
katty hobbs ka arizona ky intekhabi certification par signature krna illegal tha,fake,rufnd_roman_urdu,roman_urdu
elon musk ny tweet democratic ny twitter ky ceo jack dorsy ko 2020 ky elections ky doran logon ky pages ko block aur delete krny ky liye lakhon dollars ada kiye thy,fake,rufnd_roman_urdu,roman_urdu
jab corona virus jobs nafiz huwe kam az kam 1.1 million americans achnak mar agye,fake,rufnd_roman_urdu,roman_urdu
georgia U.S. Senate runoff ki fox news coverage mai votes ki ginti mai utar charhao voters ki dhokadahi ka saboot hai,fake,rufnd_roman_urdu,roman_urdu
video mai dikhaya gya hai keh ak bacha jill biden ko taqreer ky doran chup rehny ko keh raha hai,fake,rufnd_roman_urdu,roman_urdu
video mai ex president donald trump ko yeh kehty huwe dikhaya gaya hai keh wo kaney west sy bas pareshan nhi ho skty,fake,rufnd_roman_urdu,roman_urdu
georgia american senate ky runoff votes ki ginti mai utar charhao election dhandli ka sabut hai,fake,rufnd_roman_urdu,roman_urdu
holiday heart syndrome coronavirus vaccine ki wja sy hony wali amwat ka ahata hai,fake,rufnd_roman_urdu,roman_urdu
december ky runoff ky din georgia mai black panthers ky musalah group mubaiyan tor par voting ky makhsus 6 mqamat par gasht kr rahy thy,fake,rufnd_roman_urdu,roman_urdu
marjorie taylor greene ny isaiyat par adolf hitler ka hawala dia,fake,rufnd_roman_urdu,roman_urdu
canada bachon ko tibi imdad yafta moat talash krny ki ijazat dy raha hai,fake,rufnd_roman_urdu,roman_urdu
ak tasveer mai ak cia agent ko adolf hitler ki naqali krty huwe dikhaya gya hai,fake,rufnd_roman_urdu,roman_urdu
hitler ka kehna hai keh siyahfam log sachy ibrani hain,fake,rufnd_roman_urdu,roman_urdu
qanon mojuda secretary of state katie hobbs ko intekhabat ki nigrani krny sy mana krta hai jab wo governor ky liye umeedwar thin,fake,rufnd_roman_urdu,roman_urdu
sarhadi diwar aur maxico mai stay policy ny ghair qanoni immigration mai 90 fesad kami ki,fake,rufnd_roman_urdu,roman_urdu
sirf 20% log jo siyasi panah ky liye darkhwast dety hain wo is k liye ehal hain,fake,rufnd_roman_urdu,roman_urdu
unhon ny election ky din ap ki firearm khareedny ki salahiyat ko khatam kr dia,fake,rufnd_roman_urdu,roman_urdu
"50,000 saal purany zombie virus ki rehai ky baad rasty mai ak nai waba ho skti hai",fake,rufnd_roman_urdu,roman_urdu
arizona ky wast mudadti intekhabat ghair qanuni thy kyun keh voting machines ki tasdeeq ky liye istemal hony wali laboratory ko tasleem nhi gya tha,fake,rufnd_roman_urdu,roman_urdu
mery khayal mai sadar trump char baar bahar aye aur nick fuentes ki mazamat ki,fake,rufnd_roman_urdu,roman_urdu
mulk k gulukar jack flint ka inteqal corona virus vaccine ki wja sy huwa,fake,rufnd_roman_urdu,roman_urdu
tajweez krta hai keh virologist ki moat ka taluq corona virus vaccine sy hai,fake,rufnd_roman_urdu,roman_urdu
disney ny nai family christmas film mai hamen shaitan sy pyar hai ko agy barhaya,fake,rufnd_roman_urdu,roman_urdu
elon musk ny kaha keh wo snapchat khareed rahy hain,fake,rufnd_roman_urdu,roman_urdu
"maricopas county ny elan keh election ky din 540,000 sy zyada voters ny 223 vote markaz mai sy ak ka dora lekin hatmi sarkari nataij ka adadoshumar ny dawa keh sirf 248,070 logon ny vote dia",fake,rufnd_roman_urdu,roman_urdu
saudi team ko pareshan jeet par $460k rolls royce mily,fake,rufnd_roman_urdu,roman_urdu
mosmiyati tabdeeli shamsi sargarmi aur chand ki taraf sy hukam dia jata hai aur insaniyat k sath koi taluq nhi hai,fake,rufnd_roman_urdu,roman_urdu
qatar ny germany national team ka tyara wasul krny sy inkar kr dia jis mai ham jins paraston ka logo tha jis ki wja sy wo tyara saltanat e oman ky hawai ady par wapis keny par majbur huwa,fake,rufnd_roman_urdu,roman_urdu
khuni makeup lgany wali khatoon ki tasver ukraine mai jali jungju ki tasver dikhati hain,fake,rufnd_roman_urdu,roman_urdu
biden intezamiya cuba ko mulk badar k rahi hai kyun keh cuba bary paimane par qadamat pasand hain,fake,rufnd_roman_urdu,roman_urdu
tajveez krta hai keh corona virus vaccines ki wja sy FIFA ky 108 registered khilari/coach mar chuky hain,fake,rufnd_roman_urdu,roman_urdu
college of physicians and surgeons of ontario ny tajveez keh ghair vaccination shuda log zehni tor par bimar hain aur unhen nafsiyati adviyat ki zarorat hai,fake,rufnd_roman_urdu,roman_urdu
joe biden sy insani smuggling ki tehqiqat ki ja rahi hian aur wo qasoorwar hain,fake,rufnd_roman_urdu,roman_urdu
mosmiyati sarbarahi ijlas mai john carry ny matwast tabqy ka safaya krna apko markazi banking cop27 digital currency system ky tehat lany k bary mai baat ki,fake,rufnd_roman_urdu,roman_urdu
video mai arizona ky belt arizona mai tehweel ki zanjeer ko torty huwe dikhaya gya hai,fake,rufnd_roman_urdu,roman_urdu
the view ki sunny hostin ny voter fraud ka iteraf,fake,rufnd_roman_urdu,roman_urdu
bachon mai sans ky syncytial virus mai izafa corona virus vaccine sy munslik hai,fake,rufnd_roman_urdu,roman_urdu
"santa clara county, california, ravine sy baramad mai hony waly belts is baat ka sabut hain keh baiyen dhoka kis trha jeetti hain",fake,rufnd_roman_urdu,roman_urdu
world health organization ky director general ny tasdeeq ki keh kuch mumalik bachon ko marny ky liye booster istemal kr rahy hain,fake,rufnd_roman_urdu,roman_urdu
video middle east and africa sy any waly tarkeen e watan ky zarye spain mai dakaiton mai haliya izafy ka sabut hai,fake,rufnd_roman_urdu,roman_urdu
sadar joe biden ny kaha mai janta huwa keh ap sab janty hain keh ab o hawa ka koi masla nhi hai yeh sabit krty huwe keh log mosmiyati tabdeli ky bary mai kai dahaiyon sy jhut bol rahy hain,fake,rufnd_roman_urdu,roman_urdu
republican voting ki umer 28 saal tak barhana chahty hain,fake,rufnd_roman_urdu,roman_urdu
biden child porn shock ki surkhi thi australia mai safa e awal ki khabar,fake,rufnd_roman_urdu,roman_urdu
keh voter fraud ka sabut ka keh 20 lakh voton ki ginti mai kuch riyaston ky din lgty hain jab keh florida ky nataij election ki raat dasteyab thy,fake,rufnd_roman_urdu,roman_urdu
nevada mai ak live stream ka nakam hona blue riyaston ky intekhabaat chori krny ky tareeqon mai sy ak hai,fake,rufnd_roman_urdu,roman_urdu
footage mai dikhaya gya hai keh Dallas Poll Books dhokadahi sy senkron voters ko haqeeqi waqt mai shamil kr rahi hain kyun keh poll band ho raha tha,fake,rufnd_roman_urdu,roman_urdu
FTX ki CEO SEC ky chairman ki beti hai,fake,rufnd_roman_urdu,roman_urdu
ukraine ki madad ky liye bhejy gaye american tax dollars ko crytocurrency firm FTX ny midterm mai democrats ki madad ky liye wapis launder tha,fake,rufnd_roman_urdu,roman_urdu
iran ny 15000 muzahiren ko moat ki saza sunai,fake,rufnd_roman_urdu,roman_urdu
vaccination muhim ky posters mai nazar any waly 4 sala bachy ki moat ka taluq vaccine sy hai,fake,rufnd_roman_urdu,roman_urdu
ham ny 24 ghanty intezar aur Maricopa County mai 62 hazar vote hasil kiye,fake,rufnd_roman_urdu,roman_urdu
maggie hassan ny 700 sy kam abadi waly shehar sy 1100 vote hasil kiye,fake,rufnd_roman_urdu,roman_urdu
newyork ny intekhabi nataij ka naqsha fraud ka sabut hai,fake,rufnd_roman_urdu,roman_urdu
baksar mai boht sy intekhabat 0% hadud ki reporting k sath bulaye ja rahy hain mujhe bary fraud ki ho aa rahi hai,fake,rufnd_roman_urdu,roman_urdu
"jab 36% vote thy, Pennsylvaniaky governary ky umeedwar Josh Shapiro ky pas 370,706 vote aur 56.6% vote thy jab keh Doug Mastriano ky pas 844,669 aur 41.6% thy",fake,rufnd_roman_urdu,roman_urdu
tasweer mai arizona governory ky umeedwar aur secratory of state katie hobbs ko is kamry mai dikhaya gya hai jahan maricopa county mai ballot gin rahy thy,fake,rufnd_roman_urdu,roman_urdu
arizona new jersy aur taxas mai voting mai kharabiyan is baat ka sabut hain keh intekhabat mai dhandli hui hai,fake,rufnd_roman_urdu,roman_urdu
governor ky tor par apny intekhab mai ham ny asy shehar jeety jo kabhi kisi republican ny nhi jeety thy,fake,rufnd_roman_urdu,roman_urdu
tasveer sy pta chalta hai keh Detroit mai Legal Deadline ky baad raat gaye karkun mushtabah belt sy bhari van ko muntaqil kr rahy hain,fake,rufnd_roman_urdu,roman_urdu
ak belt par murda admi is baat ka sabut hai keh democratics ny intekhabat mai dhokha dia,fake,rufnd_roman_urdu,roman_urdu
ak video mai dikhaya gya hai keh 2020 ky sadarti intekhabat ky doran ak whistle blower jali foji belt bna raha hai,fake,rufnd_roman_urdu,roman_urdu
illinois mai zati tor par voting ky liye belt par koi sharpies nhi ki ijazat hai,fake,rufnd_roman_urdu,roman_urdu
video mai dikhaya gya hai keh newyork ki ak naqas voting machine ny governor ki dor mai GPO vote ko batil kr dia,fake,rufnd_roman_urdu,roman_urdu
yeh dhokadahi ki alamat hai keh america ki 244 counties mai wahan vote dalny ky qanoni tor par ehal afrad sy zyada registered voters hain,fake,rufnd_roman_urdu,roman_urdu
maricopa county arizona mai electronic voting machinon ny logon ko vote dalny ki ijazti nhi di,fake,rufnd_roman_urdu,roman_urdu
John Fetterman intekhabaat ko dhokha deny aur chori krny ky haq ky liye muqadma kr rahy hain,fake,rufnd_roman_urdu,roman_urdu
Detroit mai log sirf yeh btany ky liye vote dalny ky liye aa rahy hain mazrat ap pehly hi vote dy chuky hain,fake,rufnd_roman_urdu,roman_urdu
tasweer sy pta chalta hai keh riyast ky new maxico ky secretary ny taqreeban 2 million ki abadi wali riyasat mai 17 million sy zyada registered voters ki ginti ki,fake,rufnd_roman_urdu,roman_urdu
bachon ky liye corona virus vaccine nah sirf beasr ho rahi hai balky yeh khatarnak bhi sabit ho rahi hai,fake,rufnd_roman_urdu,roman_urdu
"maricoya, arizona, polling sites par box number 3 mai rakhy gaye belt ky liye hifazat ka koi silsila nhi hai",fake,rufnd_roman_urdu,roman_urdu
video sy pta chalta hai keh GOP voters ny aam intekhabaat mai rasai sy inkar kr dia,fake,rufnd_roman_urdu,roman_urdu
Madam Tussauds Museum sy ap ki wax mujasma hata di gai lekin adolf hitler ki ak mujasma baqi reh gai,fake,rufnd_roman_urdu,roman_urdu
intekhabat ky nataij mai takheer dhandli ka muh bolta sabut hai,fake,rufnd_roman_urdu,roman_urdu
tajvez krta hai keh chunkeh zyada tar democrates jaldi vote dety hain phir yeh made up belt ya murda logon ki voting ki numaindgi krta hai,fake,rufnd_roman_urdu,roman_urdu
wo dobara election mai dhandli krny ki koshish kr rahy hain soros ki funding wali voting machines par bharosa na kren,fake,rufnd_roman_urdu,roman_urdu
joe biden aur new lift yahan tak keh nau umeron aur naujawanon baligon ki surgery ko farog dety hain chati aur jinsi aaza ko hataty hain,fake,rufnd_roman_urdu,roman_urdu
gaye charaaty huwe is tasver mai koi green house gases ka ikhraj nhi hai,fake,rufnd_roman_urdu,roman_urdu
united states of america thanks giving week k Monday tak disel fuel khatam hony wala hai,fake,rufnd_roman_urdu,roman_urdu
kamala harrisny kaha aafaat ki indad pehly ghair safaidfam shehriyon tak pohanchni chahiye,fake,rufnd_roman_urdu,roman_urdu
"tasver mai stanford ky scientists ka 3d model dikhaya gya hai keh joseph, mariam k shohar, jesus christ ki maa, kesa dikh skta hai",fake,rufnd_roman_urdu,roman_urdu
brazil ky sadarti intekhabaat chori hogaye,fake,rufnd_roman_urdu,roman_urdu
sabiq sadar jimmy carter ny kaha keh ballot mai mail ko kabhi istemal na kren kyunkeh wo itni asani sy kharab ho skty hain,fake,rufnd_roman_urdu,roman_urdu
FIB ny paul pelosi par hamly ki tehqiqat isliye sambhal lin kyunkeh san francisco ky hukam nancy pelosi ki baton par qaim nhi thy,fake,rufnd_roman_urdu,roman_urdu
brazil ky sadar Jair Bolsonaro ak press conference kren gy takeh mutanazia intekhabat ky foji audit ka ilan kren mujrim judges ko arrest kr skty hain,fake,rufnd_roman_urdu,roman_urdu
two third ehal voters vote nhi dety,fake,rufnd_roman_urdu,roman_urdu
"tony evers 9,000 aur 10,000 ky darmiyan mazeed qaidiyon ko chorna chahty hain Wisconsin",fake,rufnd_roman_urdu,roman_urdu
biden aur democrates ny sarhadi hifazat ko khatam kr dia hai,fake,rufnd_roman_urdu,roman_urdu
writers ny itela di hai keh nancy pelosi ny bhang ky stock ky 10 million shares khareedy,fake,rufnd_roman_urdu,roman_urdu
media ny 5 tiktok dance jo ap ukraine ko russia sy larny mai madad krny ky liye kr skty hain par report,fake,rufnd_roman_urdu,roman_urdu
freedom of information act ki darkhwasten 6 january sy ak hafta pehly ray epps ky cell phone aur speaker pelosi ky daftar ky darmiyan darjan bhar phone calls dikhati hain,fake,rufnd_roman_urdu,roman_urdu
"pennsylvania mai 240,000 ghair tasdeeq shuda ballots pehly hi bhejy ja chuky hain ye ak mukamal garbar hai democrates dobara game khel rahy hain",fake,rufnd_roman_urdu,roman_urdu
australian hukaamgaye ko mRNA vaccine dy rahy hain,fake,rufnd_roman_urdu,roman_urdu
JD vance ny paul pelosi par hamly ky bary mai kuch nhi kaha,fake,rufnd_roman_urdu,roman_urdu
paul pelosi hamly sy 911 call ki leak audio tape manzar e aam par ai hai call sabit krti hai keh libral media ny jhut bola hai keh waqia huwa hai,fake,rufnd_roman_urdu,roman_urdu
"katty hobbs ny kaha keh talib ilmon ko wafadari ky ehad, law, Mayflower compact aur azadi ky elan ko seekhny sy rokny ky liye jadojehad ki",fake,rufnd_roman_urdu,roman_urdu
julie powell ka inteqal corona vaccine sy huwa,fake,rufnd_roman_urdu,roman_urdu
paypal ny apni policy ko bahal kr dia hai keh agar wo galt malumat phelaty hain to sarifeen ko un ky accounts sy $2500 ka baraherast jurmana jaye ga,fake,rufnd_roman_urdu,roman_urdu
palestine panah guzenon ky liye american funding agency hamas ki nhi,fake,rufnd_roman_urdu,roman_urdu
agar tajveez 3 pass ho jati hai to yeh bachon ko walidain ki razamandi ky bagair tabdeli ki therapy sy guzarny ki ijazat dy gi,fake,rufnd_roman_urdu,roman_urdu
mai police sarbrahan ki khidmaat hasil krny aur bartaraf krny mai mulavis nhi hun,fake,rufnd_roman_urdu,roman_urdu
dastavez sy pta chalta hai keh rebekah jones ny florida ky whistle blower act ki khilaf warzi ka muzahira,fake,rufnd_roman_urdu,roman_urdu
ak tasver mai david depape ko 6 january ko capital hamly ki filmbandi krty dikhaya gya hai,fake,rufnd_roman_urdu,roman_urdu
california state ky Senator Scott Weiner sirf California ky bachon ko nasbandi nhi krna chahty balky har jagha bachon ki nasbandi chahty hain,fake,rufnd_roman_urdu,roman_urdu
"hijab girl muskan ka nhi huwa inteqal, farzi post ho rahi viral",fake,rufnd_roman_urdu,roman_urdu
pelosis apny ghar ki nigrani ki video ko tabdeel krny sy inqar kr rahy hain,fake,rufnd_roman_urdu,roman_urdu
video mai dikhaya gya hai keh Marjorie Taylor Greeneny 5 janurary 2021 ko republican aur democratic party ky head quarter mai pipe bomb nasb kiye thy,fake,rufnd_roman_urdu,roman_urdu
video dikhata hai foji robot tyar hain,fake,rufnd_roman_urdu,roman_urdu
senate aur house mai tamam democrates ny sirf do mah qabal medicare mai sy 280 billion dollar ki katoti ky haq mai vote dia tha,fake,rufnd_roman_urdu,roman_urdu
kim Reynolds nahi sochty keh naurses educated hain,fake,rufnd_roman_urdu,roman_urdu
arizona ki Secretary of State Katie Hobbs ny republicans ko 6000 galt ballot bhejy,fake,rufnd_roman_urdu,roman_urdu
mcdonalds aloo istemal krta hai jisy monitor mani intehai zehrely kery maar dawa sy spray jata hai,fake,rufnd_roman_urdu,roman_urdu
facebook ny apna naam tabdel kyunkeh ye ak murda idara hai jis ky asasy zabt kiye gaye thy,fake,rufnd_roman_urdu,roman_urdu
gas ki qeemat jab mane uhdah sambhala to $5 sy neechy hai,fake,rufnd_roman_urdu,roman_urdu
"esa nhi hai keh election chori hony ka koi sabut nhi hai, lekin yeh keh kisi adalat mai sabut sunany ki himmat nhi thi unhon ny muqadamat ko mustrid kr dia sabuton ko nhi",fake,rufnd_roman_urdu,roman_urdu
ex president donald trump ny 27 october ko ak bayan jari jis mai kaha gya tha keh unhen btaya gya hai keh un ka twitter account Monday ko backup aur chal jaye ga,fake,rufnd_roman_urdu,roman_urdu
documentary film 2000 mules sabit krti hai democrates ny 2020 ky intekhabat mai dhokha dia,fake,rufnd_roman_urdu,roman_urdu
ibtedai voting par connecticut belt pehl baaz belt sy tasdeeq shuda mohar ki zarorat ko hata dy gi,fake,rufnd_roman_urdu,roman_urdu
DJ mighty mouse ki moat corona virus boster vaccine ki waja sy hui,fake,rufnd_roman_urdu,roman_urdu
tasver mai ak shakhs ko dikahya gya hai jisny apni beti ky rape krny waly ko tashadud ka nishana bnaya,fake,rufnd_roman_urdu,roman_urdu
PCR test dimag mai luciferase dalny ky liye istemal hoty hain,fake,rufnd_roman_urdu,roman_urdu
senate ka mujaviza bill FDA ko ghizai supplement ki manzuri aur jari butiyon par pabandi ka ikhteyar dy ga,fake,rufnd_roman_urdu,roman_urdu
tasver mai dikhaya gya hai keh russian foji ukrainei larki ky sath apni insani trophy ka jashan mana rahy hain,fake,rufnd_roman_urdu,roman_urdu
corona virus vaccine ki wja sy ak haliya show ky doran ketty perry ki ankh band ho gai,fake,rufnd_roman_urdu,roman_urdu
ukraine ky pas ak atomic bomb hai jo mikolaev mai bnaya gya hai,fake,rufnd_roman_urdu,roman_urdu
colorado mai har voter ko ballot illegaly bhejy jaty hain,fake,rufnd_roman_urdu,roman_urdu
Bill & Melinda Gates Foundation ny jabirana society ki traf tabdeli ky hissy ky tor par digital ids ky liye $200 million ka wada,fake,rufnd_roman_urdu,roman_urdu
ak video mai dikhaya gya hai keh nuremberg 2.0 mai insaniyat ky khilaf crimes ka trail january 2023 sy shuru ho raha hai,fake,rufnd_roman_urdu,roman_urdu
cherry beasley 2020 mai hamari riyasat aur pury mulk mai fasadaat ki hosla afzai kr rahy thy,fake,rufnd_roman_urdu,roman_urdu
tulba ky qarz ki mafi manzur hogai mai ne usy ak ya do voton sy pas kraya aur yeh asar main hai,fake,rufnd_roman_urdu,roman_urdu
video mai uganda mai chaata bardaron ko girty huwe dikhaya gya hai,fake,rufnd_roman_urdu,roman_urdu
wikileaks ny registan nevada mai filmaye gaye moon landing cut manazir ko jari,fake,rufnd_roman_urdu,roman_urdu
"nancy pelosi kharidi amgen ky 10,000 hissas nplate ky manufacturer taabkari ki bemari ky ilaj ky liye istemal hony wali dawa",fake,rufnd_roman_urdu,roman_urdu
jab electric cars hadsaat ka shikar hoti hain to wo phaat jati hain lithium batteries ki waja sy wo boht buri trha sy agg pakarti hain,fake,rufnd_roman_urdu,roman_urdu
environmental change ky experts ky liye un ki ak bhi prediction kabhi puri nhi hui,fake,rufnd_roman_urdu,roman_urdu
khnaaq ki vaccine ak zehar ka dart hai jis ky zimni asraat khnaaq ki alamaat sy bhi badtar hain,fake,rufnd_roman_urdu,roman_urdu
body builder corona virus vaccine sy maar gya,fake,rufnd_roman_urdu,roman_urdu
cnn ki ak surkhi mai uganda ky sadar ko yeh kehty huwe dikhaya gya hai keh wo ukraine ki himayat nhi krty kyun keh yeh nagawar hoga,fake,rufnd_roman_urdu,roman_urdu
tajvez krta hai keh ak immigrant jis pear ak bachy k sath jinsi zyadati ka ilzam lgya gya hai wo biden intezamiya ky doran ghair qanuni tor par america mai dakhil huwa,fake,rufnd_roman_urdu,roman_urdu
mulk mai ghair qanuni tor par tarkeen e watan ky sath sabiq fojiyon sy behtr salooq kia jata hai,fake,rufnd_roman_urdu,roman_urdu
Volodymyr Zelensky ny apny naam aur swastika ky sath ak football jersey pakry huwe tasver khinchwai thi,fake,rufnd_roman_urdu,roman_urdu
colloidal silver ky liye ap ko neela krna namumkin hai,fake,rufnd_roman_urdu,roman_urdu
International Monetary Fund ky rukan mumalik ky lakhon logon ko corona virus camps mai rakhy jany ka khatra hai,fake,rufnd_roman_urdu,roman_urdu
2017 ky los vegas mai bary pemany par shooting krny waly 2 shooter thy,fake,rufnd_roman_urdu,roman_urdu
hattey ky singer mikaben ka inteqal corona virus vaccine ki wja sy huwa,fake,rufnd_roman_urdu,roman_urdu
19 october ko donald trump ny tweet ap ka shukriya elon musk mai wapis agya hun,fake,rufnd_roman_urdu,roman_urdu
video mai dikhaya gya hai keh california apny hi jungle mai agg lgata hai aur inhen climate change ky impacts k tor par dikhata hai,fake,rufnd_roman_urdu,roman_urdu
ak antivaccine karkun ny us ky qatal sy ak din pehly us ky khilaf istemal hony waly darany dhamkany waly hathkandun ki dastaveez ki,fake,rufnd_roman_urdu,roman_urdu
video mai dikhaya gya hai keh doctor anthoney fauci yeh tasleem krty huwe keh wo wabai amraaz ky doran ghair zarori tor par mask lgany par americans ko nakam bna,fake,rufnd_roman_urdu,roman_urdu
california vote dalny ky liye ghair shehriyon ko registered kr raha hai aur is ny fedral election integrity program ky sath taawun krny sy inkar kr dia hai,fake,rufnd_roman_urdu,roman_urdu
Fentanyl tajves krta hai Derek Chauvin ny nahi George Floyd ko mara,fake,rufnd_roman_urdu,roman_urdu
kamala harris ny kaha hamen tasleem krna hoga keh gas zyada hai jo kam ky baraks hai,fake,rufnd_roman_urdu,roman_urdu
denmark mai 50 saal sy kam umer logon mai ab covid vaccine mamnu hai,fake,rufnd_roman_urdu,roman_urdu
january 2021 ko chik schumer aur nancy pelosi ko chupty huwe video footage mai dikhaya gya hai keh us 6 capital hamla ak setup tha,fake,rufnd_roman_urdu,roman_urdu
corona virus vaccines aur 50 saal sy kam umer ky baligon mai cancer mai izafy ky darmiyan ak itefaqi taluq hai,fake,rufnd_roman_urdu,roman_urdu
"kid rock ny post Zelensky ny abhi apny walideain ko 8,000,000 dollar ka villa kharida hai jis mai namkeen pani ky talaab aur 3 brand new cars hain",fake,rufnd_roman_urdu,roman_urdu
steel ky hukaam silsilawar qatal ky silsily ki tehqiqat kr rahy hain,fake,rufnd_roman_urdu,roman_urdu
Mistros de Defensa de OTAN ka faisla prevenir ataque de Putin ny hamla awar ko russia ky liye,fake,rufnd_roman_urdu,roman_urdu
electronic registeration information center ak esa nizam hai jisy george soros ny mali aaanat faraham ki hai,fake,rufnd_roman_urdu,roman_urdu
agar kachy poultry ka mohr band bag puffy nazar ata hai to is ka matlab hai keh protien istemal krny ky liye mehfuz nhi hai,fake,rufnd_roman_urdu,roman_urdu
video mai venezuela mai goliyan chalti dikhai dy rahi hain,fake,rufnd_roman_urdu,roman_urdu
trump police k hathon apny bister sy utha,fake,rufnd_roman_urdu,roman_urdu
pfizer exectutive ny etraf vaccine ka transmission rokny ky liye kabhi tajurba nhi gya,fake,rufnd_roman_urdu,roman_urdu
kabal az waqt paida hony waly bachon ko hifazati tikon sy chot lgny ka khatra mukamal mudaat ky bachon ky mukably mai boht zyada hota hai,fake,rufnd_roman_urdu,roman_urdu
ye clip darasal ak video game sy computer ky zariye tayar krda tasveron ko dikhata hai,fake,rufnd_roman_urdu,roman_urdu
ye clip ukraine mai russian missiles ko nhi dikhata hai ye ak video game sy lia gya hai,fake,rufnd_roman_urdu,roman_urdu
ye malala yousfzai ki pakistani cricket player faisal iqbal ky sath tasveer hai,fake,rufnd_roman_urdu,roman_urdu
ye video 2017 ka mazahiya khaka hai jis mai ak actor ny oval office ky set par tor phor ki,fake,rufnd_roman_urdu,roman_urdu
rajasthan mai nurses ny kam salary ky sabab dia tha resign jumatiyon ky naam sy viral kia ja post farz,fake,rufnd_roman_urdu,roman_urdu
rajev gandhi ky hath mai digital camera nhi balky vhs camcard hai,fake,rufnd_roman_urdu,roman_urdu
rafael mamla mai narindra modi par case darj hony ki khabar jhuti hai,fake,rufnd_roman_urdu,roman_urdu
rahul gandhi sy milany ky liye mazduron ko laye jany ka dawa farzi mulaqat ky baad gariyon sy ghar pohanchaye gaye mazdur,fake,rufnd_roman_urdu,roman_urdu
tayyip erdoğan ki nato ijlas mai sadar joe biden sy hui mulaqat ki tasver ko kia ja raha galt dawa ky sath viral,fake,rufnd_roman_urdu,roman_urdu
world health organization ky naam sy viral ho raha job alert farzi hai,fake,rufnd_roman_urdu,roman_urdu
imran khan aur kalbhushan yadev ki ye tasweer edited hai farzi dawa ho raha social media par viral,fake,rufnd_roman_urdu,roman_urdu
glaciers ka mutaliya gumrahkun tareeqy sy samundar ki sateh mai izafy ky khatry ko kaam krny ky liye kia jata hai,fake,rufnd_roman_urdu,roman_urdu
afghan sadar ky ak clip mai ak photographer ko shamil krny ky liye is video ko edit kia gya hai,fake,rufnd_roman_urdu,roman_urdu
pakistan mai do shadiyon ky laazmi qanon ky bary mai tanziya dawa dobara samny aya hai,fake,rufnd_roman_urdu,roman_urdu
hamas ky jangju ky bary mai malaysia ky purny akhbaar ky safah awal par gumrahkun posts share ki gain,fake,rufnd_roman_urdu,roman_urdu
taiwan ky siyasatdan ny taiwan ko tabah krny ky mansuby ky bary mai american radio maizban ky tanziya tweet ko jhuta share kia,fake,rufnd_roman_urdu,roman_urdu
ghair qanoni srilanka ki chandni ki tanziya tasaweer ko facebook par haqeeqi products ky tor par galt tareeqy sy paish kia gya,fake,rufnd_roman_urdu,roman_urdu
george w bush ko phone ky galt siry par baat krty huwe tasveer khenchi gai,fake,rufnd_roman_urdu,roman_urdu
corona virus vaccine ny jj watt ki atrial fibrillation,fake,rufnd_roman_urdu,roman_urdu
2018 ky interview sy pta chalta hai keh bill gates ny clean energy par apni position badal li hai,fake,rufnd_roman_urdu,roman_urdu
video mai rand paul ko nancy pelosi sy kehty huwe dikhaya gya hai keh wo ak ghadar hai,fake,rufnd_roman_urdu,roman_urdu
1956 ki ak video ny corona virus ky bary mai khabardar tha,fake,rufnd_roman_urdu,roman_urdu
samundri tufan ky aghaz ky doran florida ky school ab bhi khuly thy,fake,rufnd_roman_urdu,roman_urdu
joe biden ny jill biden ky bary mai kaha wo 12 saal ki thi mai 30 saal ka tha,fake,rufnd_roman_urdu,roman_urdu
kamala harris ny samundri tufan ian ky bary mai kaha keh agar ap ki jild ka rung mukhtalif hai to ap ko tezi sy rahat mily gi,fake,rufnd_roman_urdu,roman_urdu
"ak Stockton, California council ky rukan ny kaha keh stockton mai ak serial killer hai",fake,rufnd_roman_urdu,roman_urdu
ohio mai deyohekal insani Caucasian kankal mojud hain jo kisi bhi maruf tehzeeb sy pehly hain,fake,rufnd_roman_urdu,roman_urdu
cdc ka kehna hai keh 60% americans mai parjevi hain,fake,rufnd_roman_urdu,roman_urdu
sadar joe biden ny ak nabalig k sath namunassib taluqat ka iteraf,fake,rufnd_roman_urdu,roman_urdu
russian army ny donetsk mai hathyar daal diye hain,fake,rufnd_roman_urdu,roman_urdu
america mai ab ak hukumat hai jo sarhadi agents ko muhlik taqat ky istemal sy mana krti hai lekin 1RS agents ko qanon ki pasdari krny waly shehriyon par SWAT team ki hikmat e amli istemal krny ki tarbeyat dy rahi hai,fake,rufnd_roman_urdu,roman_urdu
ron johnson ny qanoon nafiz krny waly idaaron ky liye funding ky khilaf vote dia hai aur hal hi mai naye afsaran ki bharti aur tarbeyat ky mansuby ki mukhalfat ki hai,fake,rufnd_roman_urdu,roman_urdu
iran mai haliya muzahiron ky doran halak hony ky baad baap ny apni beti ki qabar par raqs,fake,rufnd_roman_urdu,roman_urdu
north korea ny ukraine jung ky liye ak lakh sy zyada foji russia bhejy,fake,rufnd_roman_urdu,roman_urdu
San Rafael Warnock ny biden ky sath medicare ky expences mai kami ky liye vote dia,fake,rufnd_roman_urdu,roman_urdu
samundri tufan ka haqeeqi mani ya her-ricane us african aurat ki rooh hai jisy chori gya hai,fake,rufnd_roman_urdu,roman_urdu
vladimir putin jung sy bhag rahy hain,fake,rufnd_roman_urdu,roman_urdu
pelosi ka penal penal trump ko giraftar krny ky liye tayar hai,fake,rufnd_roman_urdu,roman_urdu
footage NASA ny DART khalai jahaz sy apny ap ko ak asteroid sy takra jany sy pehly share tha haqeeqi nhi hai,fake,rufnd_roman_urdu,roman_urdu
BLA ki baghawat ky darmiyan china ky sadar shi ghar mai nazarband,fake,rufnd_roman_urdu,roman_urdu
video mai dikhaya gya hai keh 2022 ky qomi intekhabat ky baad italians ny european union ka jhanda utar kr us ki jgha italian parcham lga dia,fake,rufnd_roman_urdu,roman_urdu
jesy hi samundri toofan ian qareeb aya sadar joe biden ny kaha samundri tufan ky mosam ki tayari ka ak aham hissa abhi vaccine lgana hai,fake,rufnd_roman_urdu,roman_urdu
ak news anchor ny khabardar keh agar samundri tofan ian magrib ki traf 20 mile agy barhta hai ap aur ap ki janany waly sabhi mar jayen gy,fake,rufnd_roman_urdu,roman_urdu
britain mai charles ny fori tori par william ko takht sonp dia,fake,rufnd_roman_urdu,roman_urdu
joe biden ny elton john ko aids ka zimedar thehraya,fake,rufnd_roman_urdu,roman_urdu
ratan tata ny nhi dia mukesh ambani ko ly kr yeh bayan farzi post hui viral,fake,rufnd_roman_urdu,roman_urdu
rickshaw driver ki beti nhi hain ye khatoon inspector emotional story fake hai,fake,rufnd_roman_urdu,roman_urdu
rohingya refugees ky naam sy viral kia ja raha dawa aur tasaver dono hi farzi hain,fake,rufnd_roman_urdu,roman_urdu
russia ky nafsiyati clinic ki nhi balky ak show sy li gai yeh viral tasver,fake,rufnd_roman_urdu,roman_urdu
ronaldo ny ki thi dubai aur wahan ky logon ki tareef islam sy jor kr farzi dawa viral,fake,rufnd_roman_urdu,roman_urdu
rohingya refugees ki purani picture fake claim ky sath hui viral,fake,rufnd_roman_urdu,roman_urdu
diamonds sy dhaky emirates ky airplane ki pictures pakistani artist ny digital tor par bnanai hain,fake,rufnd_roman_urdu,roman_urdu
gaza mai naya saal ky din ki hartaal purani afp tasver ky sath gumrahkun hai,fake,rufnd_roman_urdu,roman_urdu
zakhmi bachi ki yeh tasver haal mai kabul airport par huwe hamla ky baad ki nhi balky 2011 ki hai,fake,rufnd_roman_urdu,roman_urdu
former prime minister manmohan singh ki fake picture galat claim ky sath ho rahi viral,fake,rufnd_roman_urdu,roman_urdu
saal 2019 mai mamta banerjee sy milny gaye shahrukh khan ki tasver ko kia ja raha current elections results sy jor kr viral,fake,rufnd_roman_urdu,roman_urdu
martha ky vineyard ny apny island sy har akhri illegal immegrant ko mulkbadar krny ky liye army ka istemal,fake,rufnd_roman_urdu,roman_urdu
nostradamus ny queen elizabeth ii ky inteqal ki durust paishan goi ki thi,fake,rufnd_roman_urdu,roman_urdu
nancy pelosi yerevan mai Tsitsernakaberd Armenian Genocide Memorial Complex mai taqreban hans parin,fake,rufnd_roman_urdu,roman_urdu
tasweer mai queen elizabeth aur prince charles ethopia ky king hail selassie I ky samny jhukty huwe dikhaty hain,fake,rufnd_roman_urdu,roman_urdu
supreme court ny abhi condom par pabandi lgany ka vote dia hai,fake,rufnd_roman_urdu,roman_urdu
tamam banks ko jald hi tamam coins federal government ky hawaly krny hongy is sy pehly keh wo sirf electronic lain dyn ka istemal kren,fake,rufnd_roman_urdu,roman_urdu
ak royal guard member corona virus vaccine ki waja sy gir gya,fake,rufnd_roman_urdu,roman_urdu
tasweer mai queen elizabeth ii car oil check kr rahi hain,fake,rufnd_roman_urdu,roman_urdu
trump ky wukla ny ak hi waqt mai is par chor dia,fake,rufnd_roman_urdu,roman_urdu
ohio SNAP fawaid ky liye qualify krny ky liye ab 3 afrad ka khandan ak mah mai $3660 tak kama skta hai aur yeh $2700 huwa krta tha isliye yeh taqreeban $1000 mahana barh gya hai,fake,rufnd_roman_urdu,roman_urdu
9/11 par cnn ki ak report sy sabit keh airplane pentagon sy kabhi nhi takraya,fake,rufnd_roman_urdu,roman_urdu
FBI ny tasdeeq ki keh ashley biden ny kaha keh us ky walid ny us ky sath badtamizi ki,fake,rufnd_roman_urdu,roman_urdu
"pop, xi aur putin sabhi world events ki planing ky liye milty hain",fake,rufnd_roman_urdu,roman_urdu
"illinois ky naye qanon ky tehat yeh jaraim naqabil e giraftar hain: chori, daketi, atish zani, ighwah, DUI cimes, yahan tak keh DUI jis mai halakat zyada tar manshiyat ky crimes aur yahan tak keh dusry darjy ka qatal bhi shamil hai",fake,rufnd_roman_urdu,roman_urdu
trump ky ilawa sab ko shahi janazy mai madu gya,fake,rufnd_roman_urdu,roman_urdu
tasvir sy pta chalta hai keh queen elizabethii ek luciferin thin,fake,rufnd_roman_urdu,roman_urdu
nancy pelosi congress sy mustafi hony wali hain kyun keh trump ny us ky khilaf moakhzy ka muqadma dair hai,fake,rufnd_roman_urdu,roman_urdu
donald trump ny kaha keh mai ny kabhi kisi ko nhi btaya lekin us ny mujhe niji tor par night,fake,rufnd_roman_urdu,roman_urdu
"grand rapids, michigan mai 2020 mai hony waly muzahiron ky baad Democratic U.S. House candidate Hillary Hillary Schulten ny tabahi ko mustrid aur fasadiyon ki tareef ki",fake,rufnd_roman_urdu,roman_urdu
joe biden ny white house mai ak shetan parast muqarar,fake,rufnd_roman_urdu,roman_urdu
joe biden ny pop francis ko america mai famous african american baseball player qarar dia,fake,rufnd_roman_urdu,roman_urdu
9/11 ky bary mai kehta hai 2 tyary khali waqt mai teen amarton ko girany ka sabab nhi bn skty,fake,rufnd_roman_urdu,roman_urdu
tasvir mai dikhaya gya hai keh queen elizabeth ii ny barak obama ki traf sy dia huwa brooch pehn kr donald trump sy mulaqat ki,fake,rufnd_roman_urdu,roman_urdu
taswir mai dikhaya gya hai keh queen elizabeth ii ko african reporter ak darya ky paar ly jary hain,fake,rufnd_roman_urdu,roman_urdu
bbc ky ak radio station ny queen elizabeth ii ky inteqal ky elan ky baad raqs e moseeqi dobarah shuru kr dia,fake,rufnd_roman_urdu,roman_urdu
video mai queen elizabeth ii africans ko chickens ki trha khana khilaty huwe dikhaya gya hai,fake,rufnd_roman_urdu,roman_urdu
fedral government ehal ghar malikan ko muft solar panel ki tanseeb aur $8500 ky maraati check faraham kr rahi hai,fake,rufnd_roman_urdu,roman_urdu
astronaut Karen Nyberg ny green screen ky samny jo qias tor par space sy ak video tha ko filmaya,fake,rufnd_roman_urdu,roman_urdu
sadar joe biden ka kehna hai keh haal hi mai kaha gya hai keh Wisconsin ky 48.8 fisad voters democracy ky liye khatrah hain,fake,rufnd_roman_urdu,roman_urdu
video mai dikhaya gya hai keh hillary clinton ek shetani rasam mai khaalai firqy ky rehnuma ka libas pehny huwe haun,fake,rufnd_roman_urdu,roman_urdu
russia ny ukraine par apny hamly mai kuch nhi khoya,fake,rufnd_roman_urdu,roman_urdu
video sy pta chalta hai keh joe biden ki haliya taqreer ky doran marines mojud nhi thy,fake,rufnd_roman_urdu,roman_urdu
russian army ukraine sy nikal rahi hai september 2022 mai,fake,rufnd_roman_urdu,roman_urdu
yahan nevada mai DMV sab ko register krta hai vote dalny ky liye aur iska matlab illegal hai wo check nhi krty,fake,rufnd_roman_urdu,roman_urdu
executive order 14067 fedral government ko apny paisy ko on aur off krny ki ijazat dy ga,fake,rufnd_roman_urdu,roman_urdu
malka elizabeth ka inteqal corona virus vaccine ki wja sy huwa,fake,rufnd_roman_urdu,roman_urdu
america aur elon musk ny ukraine ki madad ky liye naye hypersonic jet ka inkeshaf,fake,rufnd_roman_urdu,roman_urdu
sehat ki qomi idary corona virus ky amzur shuda ilaj ki fehrist mai ivermectin shamil krty hain,fake,rufnd_roman_urdu,roman_urdu
wallmart intezamiya $2 mai $500 grocery cards ky sath barhti hui qeematon mai madad kr rahi hai,fake,rufnd_roman_urdu,roman_urdu
bank of america ny pehli bar ghar khareedny walon ky liye ak new mortgage home loan program ka elan lekin sirf siyahfam aur spainish hi eligible hongy,fake,rufnd_roman_urdu,roman_urdu
Mandela Barnes ka kehna hai keh sehat ki dekh bhal ko lakhon logon sy dur krny ki himayat krta hai,fake,rufnd_roman_urdu,roman_urdu
pani sy chalny wali car 22 gallon par LA sy NY tak safar kr skti hai,fake,rufnd_roman_urdu,roman_urdu
public health order title 42 hai hamary mulk mai aany waly illegal immegrants ky zabardast selab ko rokny ky liye border gasht ka akhri tola hai,fake,rufnd_roman_urdu,roman_urdu
dastavezaat sy sabit hota hai keh white house pury FBI ko trump ko nishana bnany ky pichy hai biden ny jhut bola,fake,rufnd_roman_urdu,roman_urdu
IRS police ky logon ky liye 87000 naye agents ki khudmat hasil kr raha hai jo apny tulba ky qarzy maaf kr deny ky baad zyada fedral tax ada kren gy,fake,rufnd_roman_urdu,roman_urdu
fox news ny qanuni jhut bolny ka haq talash,fake,rufnd_roman_urdu,roman_urdu
UK Pfizer-BioNTech ab hamla khawateen ky liye mRNA corona virus vaccine ki sifarish nhi kr raha hai,fake,rufnd_roman_urdu,roman_urdu
fedral election commission ky paas ak ghair wazeh fileing sy pta chalta hai keh biden ny bazabta tor par ak aur mudat ky liye apni boli ka ilan hai,fake,rufnd_roman_urdu,roman_urdu
starbucks ny abhi ilan hai keh wo cash less ka rahy hain,fake,rufnd_roman_urdu,roman_urdu
tulba ky qarz sy nijat internal revenue service ky zarye qabil e tax hai,fake,rufnd_roman_urdu,roman_urdu
instagram ky price location feature ko mujrim mutasireen ko nishana bnany ky liye istemal kr skty hain,fake,rufnd_roman_urdu,roman_urdu
foji ko ghurti young lady ki ye tasweer palestine ki nhi balky 2016 ki chilli country ki hai,fake,rufnd_roman_urdu,roman_urdu
fifa worldcup 2022 ki iftetahi taqreeb ki viral video digitally bnai gai hai,fake,rufnd_roman_urdu,roman_urdu
qabailiyon ki zameen par namaz ky liye qabzy wali khabar fake hai,fake,rufnd_roman_urdu,roman_urdu
quran ki ayaten parhaty huwe nazar araha shakhs nhi hai footballer christiano ronaldo ham shakal ka video farzi dawa ky sath viral,fake,rufnd_roman_urdu,roman_urdu
quran ki tilawat wala yeh video fifa worldcup ka nhi hai 2021 ka video gumrahkun hawaly sy viral,fake,rufnd_roman_urdu,roman_urdu
kajol ky bageshwar dham jany ko ly kr viral ho raha dawa farzi hai,fake,rufnd_roman_urdu,roman_urdu
kata sar ly kr thany pohancha nujawan chennai ky naam par viral ho raha karnatak ka video,fake,rufnd_roman_urdu,roman_urdu
kachry ky truck ka yeh video karnatak ka nhi balky turkiye ka hai,fake,rufnd_roman_urdu,roman_urdu
karachi ky nuclear power plant mai dhamaka ka dawa farzi grid station mai lgi agg ka video viral,fake,rufnd_roman_urdu,roman_urdu
cricket stadium mai qabil etraz harkat krta shakhs pakistani nhi hindustani hai,fake,rufnd_roman_urdu,roman_urdu
cricketer irfan pathan ka viral video shaheen bagh ka nhi balky kolkata road show ka hai,fake,rufnd_roman_urdu,roman_urdu
karnatak ki purani tasver ko lockdown ki waja sy ki gai khudkushi bta kr kia ja raha viral,fake,rufnd_roman_urdu,roman_urdu
kashmir ky zakhmi bachy ky naam sy viral hui tasver lebonon ki ashura ky roz ki hai,fake,rufnd_roman_urdu,roman_urdu
lalu yadev ka purana photo fake claim ky sath viral ho raha hai,fake,rufnd_roman_urdu,roman_urdu
lebonon ky yom e ashura ky matam ki tasveer kashmir ky naam sy hui viral,fake,rufnd_roman_urdu,roman_urdu
madhya pradesh mai evm pakry jany ki khabar farzi sabit hui,fake,rufnd_roman_urdu,roman_urdu
morocco ka 2015 ki video hijab mutanaziya ky baad huwa hindustan ka btaty huwe viral,fake,rufnd_roman_urdu,roman_urdu
congress ny sirf apny zati maliyaat ky IRS auditing sy khud ko mustasna qarar deny ky liye vote dia,fake,rufnd_roman_urdu,roman_urdu
video ka dawa hai keh google street view antarctica ko sabz podon aur eynton ki amarat ky sath dikhata hai,fake,rufnd_roman_urdu,roman_urdu
muft health allowance baghair kisi qeemat ky dastiyab hai,fake,rufnd_roman_urdu,roman_urdu
1957 sy pehly paida hony waly logon ko apny social security check mai $1728 ka izafa ja raha hai,fake,rufnd_roman_urdu,roman_urdu
american climate states ka 96% kharab hai,fake,rufnd_roman_urdu,roman_urdu
afrat e zar mai kami ky qanon ny 65 saal sy kam umar ky americans ky liye muft health insurance ko barha dia,fake,rufnd_roman_urdu,roman_urdu
corona virus vaccine sehat ky masail ky liye zimedar hain jo haliya khabron mai numayan hain,fake,rufnd_roman_urdu,roman_urdu
Tulsi Gabbard Venmos Nancy Pelosi $600.01 IRS ko pelosi ky maliyat ka audit krny pe majbur kar rahi hai,fake,rufnd_roman_urdu,roman_urdu
video mai steve bannon ko roty huwe dikhaya gya hai trump jail jany wala hai,fake,rufnd_roman_urdu,roman_urdu
tasvir ak IRS agent ki tarbeyati class dikhati hai,fake,rufnd_roman_urdu,roman_urdu
amazon ak promotion chala raha hai aur sirf $1 mai betarteeb package dy raha hai,fake,rufnd_roman_urdu,roman_urdu
video mai Mitch McConnell ko dikhaya gya hai keh nancy pelosi ko jail mai daal dia jana chahiye,fake,rufnd_roman_urdu,roman_urdu
video mai ted cruze us waqt bharak uthy jab FBI ky director ny Mar-a-Lago chapy par biden ka difa krny ki koshish ki,fake,rufnd_roman_urdu,roman_urdu
video mai dikhaya gya hai keh ex president barak obama awam ko gumhrah krny ka tareeqa bta rahy hain,fake,rufnd_roman_urdu,roman_urdu
leak hony waly paighamat sabiq sadar barak obama aur judge Reinhart ky darmiyan sabiq trump ki Mar-a-Lago state par illegal chapy ki paishgoi ki gai thi,fake,rufnd_roman_urdu,roman_urdu
Congressional Budget Office ka kehna hai keh new IRS agents sy hasil hony wali aamdani ka 90% $200000 sy kam kamany waly logon sy aye ga aur paida hony wali amdani $300 sy zyada billion hogi,fake,rufnd_roman_urdu,roman_urdu
new york shehar ky nalky ky pani mai polio hai,fake,rufnd_roman_urdu,roman_urdu
numaindaye adam kinznger ny 2020 ky sadarti intekhabat mai trump ki jeet ki iteraf,fake,rufnd_roman_urdu,roman_urdu
Anne Heche ko illuminati ny isliye qatal kr dia tha kyun keh wo jeffrey Epstein ky bary mai ak film par kam kr rahi thin,fake,rufnd_roman_urdu,roman_urdu
writers ny itela di hai keh white house ky mulazim Andrew Bates ny ek haliya tweet mai nazi alamat ka istemal,fake,rufnd_roman_urdu,roman_urdu
"corona virus vaccine ki wja sy ak ashton kutchers basarat, samaat aur chalny ki salahiyat sy mehrum hogai",fake,rufnd_roman_urdu,roman_urdu
south carolina mai wallmart mai store ki khali shelfs gosht ki kami ki waja sy thin,fake,rufnd_roman_urdu,roman_urdu
atlanta ky pani mai unhun ny monkey pox daal dia,fake,rufnd_roman_urdu,roman_urdu
donald trump junior ny tweet jabkeh mery walid apny taqreeban tamam hamiyon sy pyar krty hain barahekaram sadar trump ki himayat ky liye mar-a-lago na layen hamary pas boht sy aham logo clip ky zarye aty hain aur isy saaf rakhny ki zarorat hai,fake,rufnd_roman_urdu,roman_urdu
video mai dikhaya gya hai keh Ron DeSantis Sean Hannity ky sath behas kr rahy hain,fake,rufnd_roman_urdu,roman_urdu
bill gates aur AOC cow car sy zyada alodgi kharij krti hai,fake,rufnd_roman_urdu,roman_urdu
Brian Kemp khawateen ko isqaat e hamal ki tehqiqat aur saza dena chahta hai,fake,rufnd_roman_urdu,roman_urdu
Boston Children's Hospital ab nujawan larkiyon ky liye jinsi tasdeeq krny waly hysterectomies paish kr raha hai,fake,rufnd_roman_urdu,roman_urdu
humkumat IRS ko musalah kr rahi hai kyun keh joe biden tax barha raha hai aur americans ko ghair musalah kr raha hai,fake,rufnd_roman_urdu,roman_urdu
ak tasver Ghislaine Maxwell aur bruce Reinhart ko dikhati hai,fake,rufnd_roman_urdu,roman_urdu
pennsylvania ny 1823148 mail in ballot bhejy unhen 2589242 wapis mily,fake,rufnd_roman_urdu,roman_urdu
california mai electric cars payedar nhi hain kyunkeh un ki sirf 10% batteries recycle hain riyast unhen recycle nhi kr skti,fake,rufnd_roman_urdu,roman_urdu
Argent Chain Los Angeles and Baja California ky hamly ki tasdeeq krta hai prepararon 1000 tabahkun,fake,rufnd_roman_urdu,roman_urdu
ex president donald trump ny 6 january 2021 ko capital ky irdgird fojen talab kin taky yeh yaqeeni bnaya ja sky keh har koi mehfuz hai lekin democrates ny issy mustrid kr dia,fake,rufnd_roman_urdu,roman_urdu
video mai dikhaya gay hai keh clark county poll worker ghair qanuni tor par logon sy apny ballot ko drop box ky bahir ak bag mai rakhny ky liye keh kr kaam kr raha hai,fake,rufnd_roman_urdu,roman_urdu
tasver mai electric cars dikhai deti hain jo france mai sarkari mulazmeen ky liye khareedi gai thin aur phir tarq kr di gain kyun keh batteries ko change krna boht expensive tha,fake,rufnd_roman_urdu,roman_urdu
ted cruz ny hunter ky laptop sy hasil kardah nai datavez ko leak jis mai nancy pelosi ko shamil gya hai,fake,rufnd_roman_urdu,roman_urdu
fori tor par china tyar hai united nation ky atomic weapons ky liye tayar hai new york Ann Alert Rosa,fake,rufnd_roman_urdu,roman_urdu
tasweer 5 august 2022 ko Wisconsin mai trump ki rally mai bary paimany par hajum ko dikhati hai,fake,rufnd_roman_urdu,roman_urdu
roe bamuqabla weed ko ulatna supreme court ki traf sy illegal iqdam tha,fake,rufnd_roman_urdu,roman_urdu
azeem jheelon mai bull shark ki dastavez mojud hain,fake,rufnd_roman_urdu,roman_urdu
senate democrates ka mafahmati bill medicare sy 300 billion dollar chen ly ga,fake,rufnd_roman_urdu,roman_urdu
biden ghair qanuni shanakhti card dena chahta hai taky wo american advantage jama krna shuru kr sken,fake,rufnd_roman_urdu,roman_urdu
tajvez krta hai hai keh jar ki nehren breast cancer sy linked hain,fake,rufnd_roman_urdu,roman_urdu
$846.3 million mega millions jackpost jeetny par IRS ko mubarkbad,fake,rufnd_roman_urdu,roman_urdu
CDC ny monkey pox ko herpes ki hawa sy paida hony wali shaqal ky tor par darjahbandi hai jo falij ka bais bn skta hai,fake,rufnd_roman_urdu,roman_urdu
earpod basically ap ky brain ko microwave kr rahy hain,fake,rufnd_roman_urdu,roman_urdu
kisi b trha sy shaqal ya shaqal mane hamal tak mehdud ya mehdud hony ka khatrah nhi hai,fake,rufnd_roman_urdu,roman_urdu
nancy pelosi aur democrates hr 1808 ky sath raton raaton raat 150 million americans ko mujrimon mai tableel krna chahty hain,fake,rufnd_roman_urdu,roman_urdu
artificial cyanide par based b12 ap ky bachon ky vitamins mai zehrila juz hai,fake,rufnd_roman_urdu,roman_urdu
carbovegetables homeopathy medicine medical oxygen ka alternative nhi hoskti viral post gumrahkun hai,fake,rufnd_roman_urdu,roman_urdu
pradhan mantri jin aushadi kendras par remdesivir injection dastiyab nhi hai viral post gumrahkun hai,fake,rufnd_roman_urdu,roman_urdu
2016 ki in pictures mai mexico mai ak ustad ko apny ak talib ilm ky bachy ko uthaty huwe dikhaya gya hai,fake,rufnd_roman_urdu,roman_urdu
fori gumrahkun post ka dawa krny waly chehry ky mask akely covid 19 ki bahali ko rokny mai madad kr skty hain,fake,rufnd_roman_urdu,roman_urdu
meerut ky ilaqon ko naye covid tanao ky phelny ki janch ky liye seal kia gya viral video lakhnow ky tor par guzar gya,fake,rufnd_roman_urdu,roman_urdu
post ka dawa krna keh yeh vaccine new born babies ko aluminium ki ghair mehfuz miqdaar injection deti hai gumrahkun hai,fake,rufnd_roman_urdu,roman_urdu
bharat mai pakistani high commision ka school kam sharah e dakhla ky bais band huwa,fake,rufnd_roman_urdu,roman_urdu
who ny remarks ki wazahat is ky baad keh is ny kaha keh ghair alamti logon sy corona virus ki munteqali boht nayab hai viral video purani aur gumrahkun hai,fake,rufnd_roman_urdu,roman_urdu
who ky zariye mask ky istemal par purana screenshot haliya viral post gumrahkun hai,fake,rufnd_roman_urdu,roman_urdu
video mai btaye gaye iqdamaat corona virus ka ilaj nhi hain balky quwat e mudafiyat barhany ky liye totky hain,fake,rufnd_roman_urdu,roman_urdu
corona virus sy mutaliq viral graphics mai galt malumaat unicef ki traf sy jari nhi ki gai hain viral post gumrahkun hai,fake,rufnd_roman_urdu,roman_urdu
gumrahkun post tajvez krti hai keh kala lehsan cancer ka ilaj krta hai mahireen e sehat ka kehna hai keh scientific proof naa kafi hain,fake,rufnd_roman_urdu,roman_urdu
ucc ky bary mai gumrahkun dawy ky sath bjp viral ki himayat ky liye phone number shuru kia gya,fake,rufnd_roman_urdu,roman_urdu
vitamin b17 ki kami ka dawa krny wali video cancer ka sabab banti hai grapes khany sy cancer thik ho jaye ga gumrahkun hai,fake,rufnd_roman_urdu,roman_urdu
suraj ki roshni sy uv rays ka dawa krny wali post gumrahkun hai,fake,rufnd_roman_urdu,roman_urdu
purani nissabi kitab mai covid 19 ky ilaj ka zikar nhi hai gumrahkun post viral ho rahi hai,fake,rufnd_roman_urdu,roman_urdu
corona virus par ye viral paigham galt tor par unicef sy mansub hai,fake,rufnd_roman_urdu,roman_urdu
kutty ki vaccine ka covid 19 sy koi taluq nhi gumrahkun post viral ho rahi hai,fake,rufnd_roman_urdu,roman_urdu
fori 5 second ka asool khany ki hifzan e sehat ka ak afsana hai mahireen dobara samny any waly dawy ko mustarid krty hain,fake,rufnd_roman_urdu,roman_urdu
viral post ak purani tasvir dikhati hai jis ka covid19 sy koi taluq nhi hai,fake,rufnd_roman_urdu,roman_urdu
tonic water aur zinc covid 19 ko khatam krny ka dawa krny walu post gumrahkun hai,fake,rufnd_roman_urdu,roman_urdu
hongkong mai phalon aur sabziyon ky zariye covid 19 muntaqil hony ka dawa krny wali post gumrahkun hai,fake,rufnd_roman_urdu,roman_urdu
maweshiyon ki vaccine ka taluq covid 19 sy nhi gumrahkun post viral ho rahi hai,fake,rufnd_roman_urdu,roman_urdu
clorox ko coronavirus ky bary mai pehly sy malum hony ka dawa krny wali post aur corona virus naya virus nhi hai gumrahkun hai,fake,rufnd_roman_urdu,roman_urdu
mahwari ky doraan thanda pani khera pena cancer banjhpan ka sabab nhi bny ga gumrahkun post viral,fake,rufnd_roman_urdu,roman_urdu
fori tasver par farzi post zehn ki kaifiyat ka taiyun krti hain,fake,rufnd_roman_urdu,roman_urdu
kya wax lgy apple ka istemal ap ki jaan ly skta hai gumrahkun video viral ho rahy hai,fake,rufnd_roman_urdu,roman_urdu
irani qatil ki phansi ki purani tasaver hakumat mukhalif muzahiron sy jhuti tor par munsalik hain,fake,rufnd_roman_urdu,roman_urdu
post ye dawa krti hain keh makhi ky zehr ky ilaj sy infection thik hota hai gumrahkun hai,fake,rufnd_roman_urdu,roman_urdu
haal hi mai polio sy bachao ky qatry pilaye gaye bachon ka dawa krny wali post sy virus phelta hai jis ki wja sy hfmd jali hai,fake,rufnd_roman_urdu,roman_urdu
ye homeopathy medicine 48 hours mai dengue ka ilaj kr skti hai ak gumrahkun dawa,fake,rufnd_roman_urdu,roman_urdu
nhi orange juice ky sath mila kr tartar ki cream apko tambaku noshi chorny mai madad nhi kry gi,fake,rufnd_roman_urdu,roman_urdu
is karhi ky istemal sy diabetes thik hony ka dawa krny wali post gumrahkun hai,fake,rufnd_roman_urdu,roman_urdu
falij ky shikar shakhs ki ungliyon par suiyan chubhna ya kaan kheenchna us ki jaan bacha skta hai ak gumrahkun post hai,fake,rufnd_roman_urdu,roman_urdu
imran khan hamla case ki tehqiqat krnywali jit ky imran sy mutaliq gumrahkun dawy,fake,rufnd_roman_urdu,roman_urdu
khawateen ki cricketer rashi kanojiaky tor par viral hony wali larki ki betarteeb tasver,fake,rufnd_roman_urdu,roman_urdu
karnatak ky cm siddaramaiah ny footballers ki toheen nhi ki bjp hakumat ka purana video jhuty dawy ky sath viral,fake,rufnd_roman_urdu,roman_urdu
haqaiq ki janch partaal rameez raja ki pakistani team ko dantny wali ye video purani hai aur uska taluq t20 worldcup mai zimbabwe aur pakistan ky match sy nhi hai,fake,rufnd_roman_urdu,roman_urdu
cancer sy jaan ki bazi haarny waly cricketer david miller ky madaah ki tasver jali dawy ky sath viral,fake,rufnd_roman_urdu,roman_urdu
agnipath scheme ky khilaf ehtejaj ka purana video gumrahkun dawy ky sath viral ho raha hai,fake,rufnd_roman_urdu,roman_urdu
haiderabad train hadsy ka purana video odisha train hadsy ky naam sy viral ho raha hai,fake,rufnd_roman_urdu,roman_urdu
yakam july sy railway ky 10 qawaid mai tabdeli ka dawa krny wala viral paigham gumrahkun hai,fake,rufnd_roman_urdu,roman_urdu
zehni tor par bimar larki ny bhagwan raam ky posters par andy phenky viral dawa gumrahkun hai,fake,rufnd_roman_urdu,roman_urdu
social media par shokat khanum hospital ky posters hatany ka dawa jhuta hai,fake,rufnd_roman_urdu,roman_urdu
hindustan mai bni aur farokht ki jany wali tamam cadbury products vegeterian hain gumrahkun dawa viral,fake,rufnd_roman_urdu,roman_urdu
delhi gurdwary ka muft dialysis center kal nhi khul raha hai ye pehly sy kaam kr raha hai,fake,rufnd_roman_urdu,roman_urdu
nepal ny tamam private hindustani news channels par pabndi lgany ka dawa krny wali viral post gumrahkun hai,fake,rufnd_roman_urdu,roman_urdu
musafir ky sath tte ki badtameezi ka viral video delhi patna train ka hai tamilnado ka nhi,fake,rufnd_roman_urdu,roman_urdu
tamilnado mai immigrants aur muqami logon ky darmiyan tasadum par viral post gumrahkun video gujarat mai gang war ki hai,fake,rufnd_roman_urdu,roman_urdu
ias ka imtehan pas krny waly jory ki khabar 6 saal purani hai gumrahkun dawy ky sath share ki gai hai,fake,rufnd_roman_urdu,roman_urdu
amul butter ky chaapy ky manzar mumbai ky hain delhi ky nhi purani khabren gumrahkun post ky liye istemal ki jati hain,fake,rufnd_roman_urdu,roman_urdu
51 saal sy zyada umer ky baligh afrad grocery aur akhrajat ky liye izafi akhrajat mai dollars wasul kr skty hain,fake,rufnd_roman_urdu,roman_urdu
american numainda Mayra Flores Congress ki Mexico mai paida hony wali pehli rukan hain,fake,rufnd_roman_urdu,roman_urdu
"ameer tareen americans ki traf sy ada jany wala average fedral income tax 8% hai agar ap ak police ehalkar, ustad, firefighter, union worker hain, to ap shaid is sy do sy teen guna zyada adaigi kren gy",fake,rufnd_roman_urdu,roman_urdu
ADHD mojud nhi hai,fake,rufnd_roman_urdu,roman_urdu
aala darjy ky ukrainei hukam ny switzerland mai Luxury real estate ki khareed o farokht ki,fake,rufnd_roman_urdu,roman_urdu
Ron DeSantis ny abhi tak 6 january ki bagawaat ki mazamat nhi ki hai,fake,rufnd_roman_urdu,roman_urdu
fluoride concrete ky zariye sorakh khaa jaye ga is liye yeh ap ky danton ky liye mehfuz nhi thy,fake,rufnd_roman_urdu,roman_urdu
"Sri Lanka ky president, Estonia ky prime minister aur ukraine ky sifarat karon ko giraftar kr liye gya",fake,rufnd_roman_urdu,roman_urdu
colloidal silver by zarar hai jab tak keh ap ko is sy allergy nah ho,fake,rufnd_roman_urdu,roman_urdu
highland park illinois mai shooter ny illegal gun khareedi,fake,rufnd_roman_urdu,roman_urdu
Shinzo Abe ko is liye qatal gya kyun keh us ny vaccine ka hukam nhi dia 1.6 million khuraken wapis bhejen aur shehriyon ko ivermectin di,fake,rufnd_roman_urdu,roman_urdu
immune system mojud nhi hai,fake,rufnd_roman_urdu,roman_urdu
belarus ny poland ky khilaf jung ka ilan kr dia,fake,rufnd_roman_urdu,roman_urdu
ak tasveer mai do afrad ko bhagty huwe dikhaya gya hai jo beghar hony ka drama krty hain aur phir ap par hamla kr ky lut lety hain,fake,rufnd_roman_urdu,roman_urdu
dunya ki sab sy bari strawberry ki tasver nhi hai ye ai technique sy bnai gai hai,fake,rufnd_roman_urdu,roman_urdu
dehshatgardi ki training ky dawa ky sath viral ho raha galt video taleem hasil krny madrisa ja rahy thy bachy,fake,rufnd_roman_urdu,roman_urdu
delhi bjp ky naam sy viral ho raha tweet farzi hai,fake,rufnd_roman_urdu,roman_urdu
delhi police ky jawan par pistol tanany wala mulzim shahrukh hai anuraag nhi,fake,rufnd_roman_urdu,roman_urdu
delhi police mai mutasir tamam mazahib ky logon ko mily ga moawza sirf muslamanon ko milny wali baat farzi hai,fake,rufnd_roman_urdu,roman_urdu
delhi ky babarpur mai officers ki milli bhagat sy evm ki chori ka dawa galt,fake,rufnd_roman_urdu,roman_urdu
delhi ky bazar ka nhi pakistan ky faisalabad ka hai yeh viral video,fake,rufnd_roman_urdu,roman_urdu
tasver ky sath share kia gya dawa keh jerusalem mai putin pub ka naam badal kr zelensky rakh dia gya,fake,rufnd_roman_urdu,roman_urdu
dhanbad kky naked drama ka video jhuty firqawarana dawa ky sath viral,fake,rufnd_roman_urdu,roman_urdu
do bachon ki maa nhi hai tasver mai nazar arahi rohengia ki bachi abadi control par netasih ka farzi bayan viral,fake,rufnd_roman_urdu,roman_urdu
do saal purany rajasthan launching ky video ko gujrat ka bta kr kia ja raha hai viral,fake,rufnd_roman_urdu,roman_urdu
deyodhar ky naam par viral hui indore ki muslim khawateen ki 4 saal purani tasver,fake,rufnd_roman_urdu,roman_urdu
who ky director ko giraftar nhi kia gya tanziya viral huwa,fake,rufnd_roman_urdu,roman_urdu
digitally tayar kia gya video ukraine bombing ky naam par ho raha viral,fake,rufnd_roman_urdu,roman_urdu
drum mai sharaab bharny waly video ka kissan andolan sy nhi hai koi taluq video ludhiyana ka hai,fake,rufnd_roman_urdu,roman_urdu
donald trump ki beti nhi gai thi oic ky hospital mai farzi hai dawa,fake,rufnd_roman_urdu,roman_urdu
dcp amit sharma sy munsalik mot ki khabar jhuti hai,fake,rufnd_roman_urdu,roman_urdu
"ak tasvir mai 21 june 2014 ko pilot ki traf sy san antonio, Texas mai united states ky Lackland Air Force Base ky qareeb parwaz krny waly f16 foji tyary ky cockpit sy li gai ufo ki tasveer dikhai gai hai",fake,rufnd_roman_urdu,roman_urdu
jk rolling ny tweet agar ap american birds apni tangen band rakh skty hain to shaid ap ko pehly isqat e hamal ki zarorat nah pary,fake,rufnd_roman_urdu,roman_urdu
yeh 911 call hai jo san antonio mai paye janye waly truck mai phansy tarqeen e watan ny ki thi,fake,rufnd_roman_urdu,roman_urdu
trump ajj qoam sy khitab kr rahy hain,fake,rufnd_roman_urdu,roman_urdu
kisi ny bhi chapy huwe Carry permit ky sath kabhi bhi bary paimany par firing nhi ki,fake,rufnd_roman_urdu,roman_urdu
tasver mai glastonbury mai ak kurydan ka moqam dikhaya gya hai jab climate worker greta thunberg ny wahan baat ki,fake,rufnd_roman_urdu,roman_urdu
iceland ny tamam mazahib ko zehni aarzy qarar dy dia,fake,rufnd_roman_urdu,roman_urdu
hamary pas abhi ak parol board hai jis ny hochul ky tehat pichly do salon mai 20 police qatilon ko reha hai,fake,rufnd_roman_urdu,roman_urdu
international oil ky muqably mai american oil zyada cheap hai,fake,rufnd_roman_urdu,roman_urdu
egypt sy ki ja rahi hai eid ul azha ki tasver kashmir ki btaty huwe viral,fake,rufnd_roman_urdu,roman_urdu
Wisconsin mai joe biden ka 21000 sy kam votes ka marjan 2020 mai kisi bhi riyasat mai sab sy sakht tha,fake,rufnd_roman_urdu,roman_urdu
canada mai gas $9.00 per gallon hai,fake,rufnd_roman_urdu,roman_urdu
ak tasver 6 january 2021 ko gas ki prices dikha rahi hai,fake,rufnd_roman_urdu,roman_urdu
tasvir ka ak majmua zahir krta hai keh joe biden ny hamary mulk k sath hai,fake,rufnd_roman_urdu,roman_urdu
prince harry aur meghan ny bilakhir divorce papers sign kr diye,fake,rufnd_roman_urdu,roman_urdu
Kansas mai haal hi mai marny waly hazaron maveshi garmi sy nhi mary gaye,fake,rufnd_roman_urdu,roman_urdu
gun ki kharidari ky liye intezar ki mudat mai farq nahi par skta kyun keh agar kisi ny faisla hai keh wo apni jan leny wala hai to wo apni jab ly ga,fake,rufnd_roman_urdu,roman_urdu
sadar biden ka asar un ki party mai green new deal ky bunyad paraston ki taraf dekha ja raha hai jis ki wja sy texas mai chaat ky zariye bijli ki lagat ati hai,fake,rufnd_roman_urdu,roman_urdu
tasveer kim jong un ky wazan mai kami ko zahir hai,fake,rufnd_roman_urdu,roman_urdu
along with 8 republican american house of reps ny 194-226 ko vote dia taky ap ki gun ko firearms manufacturer ky licenses ky bghair juda krny aur dobara assemble krny ko jurm qarar dia jaye,fake,rufnd_roman_urdu,roman_urdu
picture mai american numaindy lauren boebert ko do kam lebas mardon ky sath dikhaya gya hai,fake,rufnd_roman_urdu,roman_urdu
"ak big boy restaurant ky nishan ny kaha keh donald trump darust thy jab unhon ny paishgoi ki thi keh agar biden muntakhib huwe to ap ko $5,$6, aur $7 ki gas nazar aye gi",fake,rufnd_roman_urdu,roman_urdu
khurak ko tabah krny waly waqiyat ki 95 items ki list yeh zahir krti hai keh agar ap ko lgta hai keh wo khurak ki kami ka mansuba nhi bna rahy hain to ap ko dhokha dia gya hai,fake,rufnd_roman_urdu,roman_urdu
pentagon akhirkar saaf agya aur etraf krta hai keh unkraine mai 46 american foji mali aaanat sy chalny waly biolabs hain,fake,rufnd_roman_urdu,roman_urdu
justine bieber ka ramsay hunt syndrome and hailey bieber ky khoon ka jamna corona virus vaccine ki waja sy huwa tha,fake,rufnd_roman_urdu,roman_urdu
president joe biden ny tasdiq har ak ko is hafty apny 1k dollar ky gas ky check mosul hongy,fake,rufnd_roman_urdu,roman_urdu
jab joe biden ny is intezamiya mai qadam rakha 20 million log berozgari insurance advantages par thy,fake,rufnd_roman_urdu,roman_urdu
photo mai booking mugshot mai paul pelosi ko chot lgi hui dikhai deti hai,fake,rufnd_roman_urdu,roman_urdu
ak nhi 6 january ko crowd mai sy ak bhi shakhs firearm uthae huwa nhi paya gya,fake,rufnd_roman_urdu,roman_urdu
facebook par khawateen ki tadad dunya mai zinda sy zyada hai,fake,rufnd_roman_urdu,roman_urdu
donald trump 6 january 2021 sy pehly capital ki hifazat ky liye national guard ky 20000 fojiyon ko ikhtiyar dia tha lekin nancy pelosi aur check schumer ny usy mustarid kr dia tha,fake,rufnd_roman_urdu,roman_urdu
bennie thomson ny 90 ki dahai mai fa'al tor par hangamun ki qayadat ki,fake,rufnd_roman_urdu,roman_urdu
mulk ky pury raqby ka ak chothai hissa jo keh bhang ki paidawar ky tehat hai yahan north carolina mai hai,fake,rufnd_roman_urdu,roman_urdu
sarkari fakhar ky jhandy ko ukraine ky rangon mai shamil krny kiye tabdel kr dia gya tha,fake,rufnd_roman_urdu,roman_urdu
floride toothpaste ky liye haal hi mai ak awami sehat ka intebah jary gya tha,fake,rufnd_roman_urdu,roman_urdu
mulk ki sarhad par wazeer e difa rajnath singh ki nimbu mirchi lgaty huwe photo edited hai,fake,rufnd_roman_urdu,roman_urdu
malaiysa mai ghar lotny ka intezar kr rahy bangladeshiyon ki tasver ko hindustan ka bta kr kia ja raha hai viral,fake,rufnd_roman_urdu,roman_urdu
mumbai ky naam par viral ho raha thany mai 6 saal qabal munhadim hui imarat ka video,fake,rufnd_roman_urdu,roman_urdu
mandsaur mai bachon ny nhi lgaye pakistan zindabad ky nary viral post farzi,fake,rufnd_roman_urdu,roman_urdu
muhajir mazduron ki badsaluki ka video galt dawa ky sath kia ja raha viral,fake,rufnd_roman_urdu,roman_urdu
molana saad ky khilaf muqadma wapis liye jany ki baat jhuti fir ky baad sy farar hai molana,fake,rufnd_roman_urdu,roman_urdu
medical ky tulba ghar aa kar nhi lga rahy aids ky injection police ki ittela ky naam par social media par viral hui farzi post,fake,rufnd_roman_urdu,roman_urdu
bbc ny boris jhonson ki queen ki Platinum Jubilee Thanks giving Service mai pohanchny ki footage mai tarmeem ki,fake,rufnd_roman_urdu,roman_urdu
zimbabwe mai logon ny zindagi ki zyada qeemat ki wja sy apni ungliyon ko hazaron dollar mai bechna shuru kr dia hai,fake,rufnd_roman_urdu,roman_urdu
NCGOP Sen. [Rick] Scott ki Rescue america ki inteha pasandana policy ki himayat mai samny ai,fake,rufnd_roman_urdu,roman_urdu
600000 sy zyada winconsin deer ky licenses ki farokht sy pta chalta hai keh winconsin ky shikari dunya ki akhwin bari foj hain,fake,rufnd_roman_urdu,roman_urdu
biden ny americans ko zameen par gas ki sab sy sasti qeemat di,fake,rufnd_roman_urdu,roman_urdu
video mai dikhaya gya hai keh ukrainian army russian helicopter ko maar giraty hain,fake,rufnd_roman_urdu,roman_urdu
us depertment of justice ny constructively andaza lgaya hai keh guns har sal 1.5 million bar jan bachany ky kiye istemal hoti hain,fake,rufnd_roman_urdu,roman_urdu
illinois high school 2022-2023 educational year mai race par based catergorization ka system implement kry ga,fake,rufnd_roman_urdu,roman_urdu
hamari supreme court ny kabhi law right nhi cheena,fake,rufnd_roman_urdu,roman_urdu
murda log hamesha democrate ko vote dety hain,fake,rufnd_roman_urdu,roman_urdu
world economic forum ki apni police force hai,fake,rufnd_roman_urdu,roman_urdu
aaron salter jr ko ak bary paimany par shooter ny maar dala kyun keh wo pani sy chalny wali car ka engine bnany par kam kr raha tha,fake,rufnd_roman_urdu,roman_urdu
costco gas pump ki screen ny kaha ham par ilzam nah lgayen joe biden ko mord e ilzam thehrayen,fake,rufnd_roman_urdu,roman_urdu
wo shakhs jis ny texas uvalde school shooter ko mara wo on duty police officer bhi nhi tha,fake,rufnd_roman_urdu,roman_urdu
do mukhtalif mardon ky sath tv interviews jin mai sy har ak ki shanakht uvalde ky shikar ky walid ky tor par hui hai dikhaty hain keh rob elementary school mai bary paimany par shooting ki gai thi,fake,rufnd_roman_urdu,roman_urdu
bill gayes ny chichak ki qisam ky phelny ka mansuba bnaya,fake,rufnd_roman_urdu,roman_urdu
yeh bary paimany par firing ky waqiyat is qadar hoty hain keh ted cruz ko waqai mai ak template mil gya keh wo tweet krny ky liye tyar hain jab bhi ye waqy hoty hain,fake,rufnd_roman_urdu,roman_urdu
in mai sy ak bhi bary paimnay par firing nhi hui hai jo gun show ya internet par khareedi gai ho,fake,rufnd_roman_urdu,roman_urdu
mask ky zyada istemal aur corona virus sy hony wali amwat ky darmiyan ak musbat taluq hai,fake,rufnd_roman_urdu,roman_urdu
video dikhata hai russian dessert bases aur basic skeleton ko bayraktar tb2 deone ny nishanah bnaya,fake,rufnd_roman_urdu,roman_urdu
unhon ny flu ko corona virus ky tor par manzur aur wo monkey pox aur shingles ky sath bhi esa hi krny ja rahy hain,fake,rufnd_roman_urdu,roman_urdu
ham mazi ky tajurbat sy janty hain keh bachon ko mehfuz rakhny ka sab sy moasar zariyah campus mai musalah qanun nafiz hai,fake,rufnd_roman_urdu,roman_urdu
ABC News ny Uvalde، Texas school shooter ki tasvir ko mazeed connection zahir krny ky liye tabdeel kr dia,fake,rufnd_roman_urdu,roman_urdu
ICE Uvalde، Texas mai hai lehaza undocumented parents ko arrest exile par ghor krna hoga is sy pehly keh wo yeh check kren aya un k bachy zindah hain,fake,rufnd_roman_urdu,roman_urdu
is picture mai uvalde texas mai school ki firing ky mutasireen ko dikhaya gya hai,fake,rufnd_roman_urdu,roman_urdu
tajvez krta hai keh january ka traffic hadsa jis mai laboratory bandar shamil thy insanon mai monkey pox phelany ka zimedar tha,fake,rufnd_roman_urdu,roman_urdu
texas mai farokht hony wali banduqon mai sy 50% khamiyon ki wja sy pasemanzar ki janch sy nhi guzarti hain,fake,rufnd_roman_urdu,roman_urdu
unhon ny mark zuckerberg ko cia agent k tor par benaqab,fake,rufnd_roman_urdu,roman_urdu
skirt mai ak admi ki tasver mai uvalde texas school shooter ko dikhaya gya hai,fake,rufnd_roman_urdu,roman_urdu
uvalde texas school shooter ek homosexual left-wing illegal alien tha jis ka naam Salvatore Ramos tha,fake,rufnd_roman_urdu,roman_urdu
american reporter jack posobiec ko world economic forum mai giraftar gya,fake,rufnd_roman_urdu,roman_urdu
uvalde texas bary paimany par shooter ek illegal alien tha,fake,rufnd_roman_urdu,roman_urdu
swedish health ministry monkeypox ky phelny ki wja sy pabandiyan mutarif krwany par ghor kr rahy hain,fake,rufnd_roman_urdu,roman_urdu
current monkeypox phelny ki mansubah bandi government aur industry ky rehnumaun ny ki thi,fake,rufnd_roman_urdu,roman_urdu
na hi rahul rajeev ny kalma prha aur na hi ye tasweer indra gandhi ky janazy ki hai,fake,rufnd_roman_urdu,roman_urdu
monkeypox biological war hai hamari governments ki traf sy hamary khilaf,fake,rufnd_roman_urdu,roman_urdu
world health assembly ko itefaq sy geneva airport ko dhamaky sy ura deny ky baad mansukh kr dia gya tha,fake,rufnd_roman_urdu,roman_urdu
stacy Abrams ny mlb ky boycott ki himayat ki,fake,rufnd_roman_urdu,roman_urdu
nasa ky zariye hasil ki gai mars rover ki photo mai ak darwaza dikhaya gya hai jo mawraye zameen ki zindigi ki tajwiz krta hai,fake,rufnd_roman_urdu,roman_urdu
video mai dikhaya gya hai keh ak russian pilot jet plans sy farar ho raha hai aur ak russian plan missile ki zad mai araha hai,fake,rufnd_roman_urdu,roman_urdu
georgia ky governer brian camp ny har registered voter ko 7.5 million ballot bhejny ki ijazat di,fake,rufnd_roman_urdu,roman_urdu
hindustan ky muqabla pakistan bangladesh aur srilanka ki gdp growth rate ko ly kr viral graphics farzi,fake,rufnd_roman_urdu,roman_urdu
monkeypox ky ghawaun ki tasaveer sabit krti hain keh mojudah virus ak phelna ak dhokha hai,fake,rufnd_roman_urdu,roman_urdu
merrick garland ny waliden par police ko us waqt cher dia jab wo school ky boards mai sirf apny bachon ki hifazat ky liye sunany ki koshish kr rahy thy,fake,rufnd_roman_urdu,roman_urdu
supreme court ky justice clarence thomas aur un ki wife ginnie ny 5135 dollar ki sharaab ki bottle par lutf andoz hony ki apni ak tasweer post ki hai kyun keh american ladies un sy abortion ky haquq chenanny par mayus hain,fake,rufnd_roman_urdu,roman_urdu
ye fani tufaan ki nhi balky purani tasaweer hain,fake,rufnd_roman_urdu,roman_urdu
video mai dikhaya gya hai keh russian tank ka calm attacker helicopter sy completely destroy ho gya hai,fake,rufnd_roman_urdu,roman_urdu
government tonny evers ka kehna hai keh police ki tehreek ko defend krny ka ak bara hami hai,fake,rufnd_roman_urdu,roman_urdu
fox news ka kehna hai keh aur Candice Owens ny tweet keh nai studies sy pta chalta hai keh 68% wo log jinhon ny covid ky ilaj ya rok tham ky liye ivermectin ka istemal wo taweel mudati anton aur peshaab ki bezabtagi ka shikar hain,fake,rufnd_roman_urdu,roman_urdu
ye viral tasvir baba ram dev ki 2011 ki bhook hartal ki hai germany ki nhi,fake,rufnd_roman_urdu,roman_urdu
ye video haiderabad ky caa ehtejaj ka hai assam nrc sy nhi hai taluq,fake,rufnd_roman_urdu,roman_urdu
ye video taliban ky chief secretary ka nhi balky pakistani scholar ka hai,fake,rufnd_roman_urdu,roman_urdu
upsc imtehan mai islamic studies hony ka dawa farzi nikla,fake,rufnd_roman_urdu,roman_urdu
georgia mai agriculture ab bhi economics ka number 1 shoba hai,fake,rufnd_roman_urdu,roman_urdu
biden intezamiya esi tarameem la rahi hai jo tajvez kry gi keh zameen ki tamam qomeyn qomi sehat ki dekhbhal ky faislon par apni khudmukhtari WHO ko sonp dyn,fake,rufnd_roman_urdu,roman_urdu
fojiyon ny russian tank ko NLAW ky sath ghaat lga kr tabah kr dia,fake,rufnd_roman_urdu,roman_urdu
rajasthan ky shivlang ki tasvir makkah madina ki bta kr ki ja rahi hai viral,fake,rufnd_roman_urdu,roman_urdu
goat milk bachy ky formula sy ak acha alternative hai,fake,rufnd_roman_urdu,roman_urdu
Lancaster County mai mail ballot ka msla voter fraud ki alamt hai,fake,rufnd_roman_urdu,roman_urdu
elon musk aur nasa mai data leak hony wali tasver kaha jata hai keh yeh elon musk ky space x satellite mai sy ak hai,fake,rufnd_roman_urdu,roman_urdu
cbs news ny itela di hai keh buffalo ki firing mai do mushtabah afrad ko giraftar gya hai aur ak aur shikar ki shanakht hogai hai,fake,rufnd_roman_urdu,roman_urdu
ak haliya tasvir mai dikhaya gya hai keh russian orthodox church shaitan nami rocket ko barkat dy raha hai,fake,rufnd_roman_urdu,roman_urdu
logon ki aksariyat jinhen hamen jari kr rahy hain wo samaat ky liye zahir nahi ho rahy hain,fake,rufnd_roman_urdu,roman_urdu
agar ap enfamil aur similac customer service numbers par call kren gy to ap ki riyast ap ko bachon ka muft formula bhejy gi,fake,rufnd_roman_urdu,roman_urdu
ukraine ko baby formula donation ny current american qillat ko dur krny mai madad ki,fake,rufnd_roman_urdu,roman_urdu
kafanon mai lashon ki footage mai 2013 mai egypt muzahireen ko dikhaya gya hai na keh gaza mai palestianins ki fake death,fake,rufnd_roman_urdu,roman_urdu
clip mai pakistan mai mehngai ky khilaf ehtejaj nhi dikhaya gya ye toheen e risalat ky demo ky bary mai 2020 ki posts sy lia gya hai,fake,rufnd_roman_urdu,roman_urdu
clip mai dikhaya gya hai keh turk foji 2018 mai shaam jaty hain 2021 mai jerusalem mai nhi,fake,rufnd_roman_urdu,roman_urdu
pakistan ky sabiq wazeer shiekh rasheed ahmad ki hospital mai chupy huwe jhuti post mai purani tasver share ki gai,fake,rufnd_roman_urdu,roman_urdu
pakistan ky siyasatdanon ki jhuta dawa hai keh wazeer ny mulk bhar mai bijli ki katoti ky liye apni hi hukumat par tanqeed ki,fake,rufnd_roman_urdu,roman_urdu
pakistan ky province ny private colleges mai co gender classes par pabandi nhi lgai,fake,rufnd_roman_urdu,roman_urdu
pakistan ky wazeer e azam ky bazar ky dory ki video mai wo chor hai ky nary lgaye gaye hain,fake,rufnd_roman_urdu,roman_urdu
pakistan ki shooting video ko gadhy par mohlik afghan hamla ky tor par jhuta share kia gya,fake,rufnd_roman_urdu,roman_urdu
pakistan ki vaccine mohim mai bachon ky mary jany ki jhuti khabron mai purani video istemal ki gai hai,fake,rufnd_roman_urdu,roman_urdu
pakistan mai khawateen ky aalmi din ky march ky baad doctrate shudah tasveer gardish kr rahi hai,fake,rufnd_roman_urdu,roman_urdu
quake imran khan ky sath khana khaty huwe pm modi ki edited tasveer hui ak baar phir sy viral,fake,rufnd_roman_urdu,roman_urdu
quake namaz ada krty huwe logon ki yeh tasvir babri masjid ki nhi balky dehli ky kotla masjid ki hai,fake,rufnd_roman_urdu,roman_urdu
quake viral tasveer mai nazar arahi khatoon infosys institute ki chairman siddha murthy hain parle g girl nhi,fake,rufnd_roman_urdu,roman_urdu
canada ky wazeer e azam ny nigerians ky liye khasusi e-visa deny ky executive order par sign nhi kiye hain,fake,rufnd_roman_urdu,roman_urdu
garaj chamak ki purani video ko russia ki ukrainian city par hamly ki footage ky tor par galt tor par share kia gya,fake,rufnd_roman_urdu,roman_urdu
pakistani sifaratkar ky jali account ny imran khan ki bartarfi ky bary mai man gharat tweet share ki hai,fake,rufnd_roman_urdu,roman_urdu
pakistani politician ki is tasveer mai whiskey ki bottle shamil krny ky liye doctorate ki gai hai,fake,rufnd_roman_urdu,roman_urdu
pakistani politicians ka jhuta dawa hai keh wazeer e kharja ny ameer ko ameer tar bnany ki waqalat ki,fake,rufnd_roman_urdu,roman_urdu
pakistani wazeer e azam ki purani video jhuti posts mai share ki gai jis mai dawa ki gaya keh unhon ny istefa dia aur naya intekhabaat ka mutalba kia,fake,rufnd_roman_urdu,roman_urdu
germany mai dominion voting ky server strong nhi kiye gaye,fake,rufnd_roman_urdu,roman_urdu
fake announcement ka kehna hai keh american super market chain ben and jerry ki products ko chor rahi hai,fake,rufnd_roman_urdu,roman_urdu
fake poster share kia gya jis mai dawa kia gya keh unkraine mai larny ky liye america mai homeless people ko bharti kia gya,fake,rufnd_roman_urdu,roman_urdu
jaly huwe trucks ki clip 2022 mai filmai gai thi imran khan ki giraftari ky baad nhi,fake,rufnd_roman_urdu,roman_urdu
south africa ky newspaper ny clear kia keh us ny tanziya mazmun mai british lady ki covid 19 vaccine leny wali tasver ka istemal kia hai,fake,rufnd_roman_urdu,roman_urdu
south africa mai purani video ko turkiye-shaam ky zalzaly sunami ky tor par jhuta share kia gya,fake,rufnd_roman_urdu,roman_urdu
south africa mai covid 19 ko bacteria aur 5g mobile technology sy jorny wala dhokha,fake,rufnd_roman_urdu,roman_urdu
south korea ky president ki april 2023 mai american congress mai taqreer ky tor par galt tor par share kia gya matan,fake,rufnd_roman_urdu,roman_urdu
jhuta dawa krny ky liye purani video dobara chalai gai ex pakistani president reporter ky qatilon mai namzad,fake,rufnd_roman_urdu,roman_urdu
jhuta dawa gardish krta hai keh video mai moat ky 12 saal baad sadaam hussain ki laash dikhai gai hai,fake,rufnd_roman_urdu,roman_urdu
jhuta dawa krny ky liye purani video dobara manzar e aam par agai jis mai sabiq pakistani wazeer e azam ky hamiyon ky ehtejaj ko dikhaya gya hai,fake,rufnd_roman_urdu,roman_urdu
jhuty hawalon ka dawa hai keh boris johnson and mike pompeo nigeria ky alehdigi pasandon ki himayat ka izhar krty hain,fake,rufnd_roman_urdu,roman_urdu
chuha ko hindustan ky zyre intezam kashmir ki university mai filmaya gya pakistan mai hukam ki meeting nhi,fake,rufnd_roman_urdu,roman_urdu
china mai phelny wala corona virus american government ky kisi idary ny nhi bnaya tha,fake,rufnd_roman_urdu,roman_urdu
chinese rehnumaon ki mulaqat ki purani tasvir jo jhuta tor par russia ki baghawat sy munsalik hai,fake,rufnd_roman_urdu,roman_urdu
chinese plateau ki video turkiye aur shaam ky zalzaly sy jhuty tor par munsalik hai,fake,rufnd_roman_urdu,roman_urdu
chinese social media posts ny jhuta dawa kia joe biden unkraine mai class a ky sangeen ilzamaat mai matlub ky tor par darj,fake,rufnd_roman_urdu,roman_urdu
haqaiq ki janch partal is viral paigham ki zad mai nah ayen jis mai dawa kia gya hai keh school tulba ko muft laptop aur tablet taqseem kr rahy hain,fake,rufnd_roman_urdu,roman_urdu
haqaiq ki janch partal hindustani parcham ki behurmati krny wali pakistan ki purani video jhuty dawe ky sath viral ho rahi hai,fake,rufnd_roman_urdu,roman_urdu
FASTag Scam viral video haqiqi waqiya nhi hai,fake,rufnd_roman_urdu,roman_urdu
CNN ka tarmeem shuda screenshot jhuty dawy ky sath viral ho gya,fake,rufnd_roman_urdu,roman_urdu
2009 ki video mai covid 19 vaccine aur banjhpan ky bary mai sazishi theory dobara viral hui hai galt malumaat hain,fake,rufnd_roman_urdu,roman_urdu
itlay mai corona virus ky bary mai is viral message mai kiye gaye daawe galt hain,fake,rufnd_roman_urdu,roman_urdu
spain sy chennai super kings aur dhuni ky madahon ki tasweer share ki gai viral dawa jhuta,fake,rufnd_roman_urdu,roman_urdu
ebola virus sy aludah cold drinks par viral post fake hai,fake,rufnd_roman_urdu,roman_urdu
bard AI tool download link ki paishkash krny sy malware ka khatra lahaq hai,fake,rufnd_roman_urdu,roman_urdu
backing soda cancer ka ilaj krny wala viral paigham jali hai,fake,rufnd_roman_urdu,roman_urdu
pepsi mai HIV ka mutasira khoon par fake post viral ho rahi hai,fake,rufnd_roman_urdu,roman_urdu
fake tata salt manufacturing ka video galt dawa ky sath viral ho raha hai,fake,rufnd_roman_urdu,roman_urdu
china ky bary mai viral CNN ki tweet mangharat hai,fake,rufnd_roman_urdu,roman_urdu
qatar mai patanjali masnuaat par pabandi ka dawa krny wali post gumrahkun hai,fake,rufnd_roman_urdu,roman_urdu
karachi ki khatun seema haider ny kabhi pak foj mai khidmaat injam nhi din viral dawa galt hai,fake,rufnd_roman_urdu,roman_urdu
cooper hospital mumbai ki video jali dawaon ky sath viral,fake,rufnd_roman_urdu,roman_urdu
KBC whatsapp par online lottery nhi chala raha qareen sy mohtat rehny ko kaha jata hai,fake,rufnd_roman_urdu,roman_urdu
KCR ki yashoda hospital mai ilaj krwany ki purani khabar taza tareen viral,fake,rufnd_roman_urdu,roman_urdu
mouth wash corona ka ilaj nhi kry ga mahireen ka mashwara hai keh zubani khaa mai mojud viral ko sirf kuch waqt ky liye beasar kr skty hain,fake,rufnd_roman_urdu,roman_urdu
nariyal ky tail ka dawa krny wali post jali hai,fake,rufnd_roman_urdu,roman_urdu
"nhi covid 19 ka matlab yeh nhi hai keh artificial intelligence ky sath vaccination ka identity certificate, viral post fake hai",fake,rufnd_roman_urdu,roman_urdu
nahi japan ny microwave oven ko thikany lgany ka faisla nhi kia hai,fake,rufnd_roman_urdu,roman_urdu
nahi WHO ny yeh nhi kaha keh corona virus taqat kho raha hai viral psot world health organization sy galt tor par mansub,fake,rufnd_roman_urdu,roman_urdu
nahi machis ka powder bichu ky katny ky zehar ka ilaj nhi kr skta,fake,rufnd_roman_urdu,roman_urdu
nepal sy 2012 ki tasver haliya ky tor par share ki gai hai iss taver ka hinduatan mai covid lockdown sy koi taluq nhi hai,fake,rufnd_roman_urdu,roman_urdu
viral post jis mai kaha gya hai keh yateem bacha police officer bn gya jali hai,fake,rufnd_roman_urdu,roman_urdu
viral link pe click na kren jo bot brand ky naam ka galt istemal krta ho yeh ak dhokha hai,fake,rufnd_roman_urdu,roman_urdu
haqeeqat ki janch karen tilagong ky shiwalinga ko srilanka ky tor par share kia ja raha hai,fake,rufnd_roman_urdu,roman_urdu
khan ky bator wazeer e azam bar taraf hony k baad pakistan ky hawai ady ki international hasiyat ko mansukh nahi kia gya,fake,rufnd_roman_urdu,roman_urdu
khudkush hamly ky mutasireen ki purani tasver 2022 ky kabul bomb blast ky bach jany waly kt tor par jhuti tor par share ki gai,fake,rufnd_roman_urdu,roman_urdu
khoon mai latpat car ki tasweer kenya mai pakistani sahafi ky qatal sy munsalik hai,fake,rufnd_roman_urdu,roman_urdu
daryaon ki yeh tasweer jo kabhi nhi milti georgia mai li gai thi DR congo mai nhi,fake,rufnd_roman_urdu,roman_urdu
doctor ki photo mubaiyan tor par americam fojiyon ko pakistan ky homeless pahangah mai khana khaty huwe online ko gumrah krti hai,fake,rufnd_roman_urdu,roman_urdu
doctor ki tasweer mai asal mai moscow mai muzahireen ko dikhaya gya hai jo kremlin ky naqad ki rehai ka mualbah kr rahy hain,fake,rufnd_roman_urdu,roman_urdu
WHO ab bhi covid 19 ki muntaqli ko rokny ky liye khud ko alg thalg rakhny aur social distance ki sifarish krta hai,fake,rufnd_roman_urdu,roman_urdu
roty huwe pakistani wazeer ki purani video chor ka nara lgany k liye,fake,rufnd_roman_urdu,roman_urdu
zimbabwe ky sarfeen american mazafati ilaqon mai rattlesnakes ky bary mai fake warnings phelaty hain,fake,rufnd_roman_urdu,roman_urdu
zimbabwe ky sarfeen ny american citizen ko nishanah banany waly mujrimon ky jhuty dawon sy khoof o hiras phelaya police ki warning ko janam dia,fake,rufnd_roman_urdu,roman_urdu
zimbabwe ki dhokha dahi ki posts sarfeen ko mali imdad ky program ky bary mai jhuty dawon ky sath raghib krti hain,fake,rufnd_roman_urdu,roman_urdu
zer e hirasat american police chief ki purani tasver jasusi ky ilzam mai biden ky executive assistant ki giraftari ky bary mai jhuti social media posts mai gardish kr rahi hai,fake,rufnd_roman_urdu,roman_urdu
ex pakistani prime minister ki party ny AI sy tayar krdah tasveer share ki hai jis mai dikhaya gya hai keh aurat police ka muqabla krti hai,fake,rufnd_roman_urdu,roman_urdu
sazishi theories ka dawa hai keh afghanistan sy rawana hony wala american jet jali tha,fake,rufnd_roman_urdu,roman_urdu
social media par made in nigeria helicopter belgium mai tyar kardah hawai jahaz dikha rahy hain,fake,rufnd_roman_urdu,roman_urdu
social media posts mai jhuta dawa kia gya hai keh nigerian shakhs ny mulk badri sy bachny ky liye apni moat ko chalang lga di,fake,rufnd_roman_urdu,roman_urdu
social media posts ny sadar biden ko trump ka man gharat khat share kia,fake,rufnd_roman_urdu,roman_urdu
social media posts ny yeh dawa krny ky liye tehqeeq ki galt tashreeh ki hai keh andy ki zardi insanon mai covid ko rokny mai madad deti hai,fake,rufnd_roman_urdu,roman_urdu
sweden denmark ky quran ko jalany sy purani tasaver jhuti tor par munslik hain,fake,rufnd_roman_urdu,roman_urdu
cnn ka jali mazmun moty covid 19 mareez ko bghair injection lgaye jany ka ilzam online gumrah krta hai,fake,rufnd_roman_urdu,roman_urdu
cnn ky jali muzmun mai kaha gya hai keh american fojiyon ny haiti ka rukh kia,fake,rufnd_roman_urdu,roman_urdu
senegal ki football parade ki video ko america mai imran khan ki rally ky tor par jhuta share kia gya,fake,rufnd_roman_urdu,roman_urdu
shaam ki purani video helicopter hadsy sy jhuti tor par munsalik hai jis mai hindustani foji sarbarah mara gya tha,fake,rufnd_roman_urdu,roman_urdu
shipping containers mai deyohekal chatan ki tasver ivory coast mai nhi balky malawi mai li gai thi,fake,rufnd_roman_urdu,roman_urdu
sadi purani taswer mai bhutan mai tibetan nuns ko dikhaya gya hai japan mai african aabadkaron ko nhi,fake,rufnd_roman_urdu,roman_urdu
tibi mahireen ny is dawe ko galt qarar dia hai keh covid 19 swabs bheys mai vaccine hain,fake,rufnd_roman_urdu,roman_urdu
taveel arsy sy band newyork herolds ny pakistan ki adliya ky bary mai tanqeedi cartoon shaya nhi kia,fake,rufnd_roman_urdu,roman_urdu
imart girny ki video turkiye ki nhi saudia arab ki hai,fake,rufnd_roman_urdu,roman_urdu
imran khan ky hamiyon ny pakistan rally ki giraftriyon ky bary mai posts mai purnai tasweer share ki,fake,rufnd_roman_urdu,roman_urdu
imran khan ky sath viladmir putin ki taswer shamil ky liye american traffic ki tasvir mai tarmeem ki gai,fake,rufnd_roman_urdu,roman_urdu
imran khan ki giraftari ky baad pakistan ky hangamy sy purani hamly ki taswer ko galt tor par jora gya,fake,rufnd_roman_urdu,roman_urdu
imran khan ki hospital mai chehal qadmi ki video qatil hamly sy pehly ki hai,fake,rufnd_roman_urdu,roman_urdu
imran khan ki yeh tasvir pakistan ky wazeer e azam muntakhib hony sy pehly li gai thi,fake,rufnd_roman_urdu,roman_urdu
ghar mai deyohekal kankal ki tasweer taiwan ky mujasma saz ki takhleq kardah art work hai,fake,rufnd_roman_urdu,roman_urdu
galt subtitles wali video mai putin pakistan ky wazeer e azam imran khan ki tareef krty huwe bhi dikhya gya,fake,rufnd_roman_urdu,roman_urdu
galt tareeqy sy paish ki gai password ki tasvir ny obama ki birther sazishi theory ko zinda kr dia,fake,rufnd_roman_urdu,roman_urdu
pfizer ki dastavezat covid 19 vaccine ky khatrat ko zahir nhi krti hain,fake,rufnd_roman_urdu,roman_urdu
football lionel messi sy mansub man gharat iqtesab 2018 sy online gardish kr raha hai,fake,rufnd_roman_urdu,roman_urdu
french football team PSG ny record farokht ky dawe ki tardeed krty huwe kaha hai keh 24 hours mai 800000 shirts unreal,fake,rufnd_roman_urdu,roman_urdu
palestinian refugees ky liye american funding agency hamas ki nhi,fake,rufnd_roman_urdu,roman_urdu
film ki footage jhuty dawe ky sath share ki gai hai jis mai dikhaya gya hai keh ukrainian army chechnya mai citizens ko murder krta hai,fake,rufnd_roman_urdu,roman_urdu
florida ki amarat girny ki purani video ko turkiye mai zalzaly sy galt tor par jora gya hai,fake,rufnd_roman_urdu,roman_urdu
funland ky wazeer e azam ka nigeria ki alehdigi pasand rehnuma ko online share kia gya khat man gharat hai,fake,rufnd_roman_urdu,roman_urdu
footage mai 2011 ka japan sunami dikhaya gya hia turkiye ka zalzala nhi,fake,rufnd_roman_urdu,roman_urdu
footage mai 2020 ka beirut dhamakah dikhaya gya hai turkiye mai zalzala nhi,fake,rufnd_roman_urdu,roman_urdu
footage mai dikhaya gya hai keh american security gaurds riyast ky governor sy nhi balky neveda ky politicians sy tasadam kr rahy hain,fake,rufnd_roman_urdu,roman_urdu
fori jali post jis mai dawa kia gya hai keh facebook app ki posts ko covid 19 pandamic ky darmiyan apny khilaf muqadmy mai istemal kr raha hai,fake,rufnd_roman_urdu,roman_urdu
fori jhuta paigham unicef sy mansub kia gya jis mai dawa kia gya keh 26-27 degree centigrade corona virus ko dobara maar deta hai,fake,rufnd_roman_urdu,roman_urdu
fori WHO ka dawa krny wali jali post ny covid 19 ki bahali ko rokny ly kiye gobhi ky istemal ky khilaf intebah kia,fake,rufnd_roman_urdu,roman_urdu
fori jali post claiming mask ko microwave mai saaf kia ja skta hai,fake,rufnd_roman_urdu,roman_urdu
facebook posts mai jhuta dawa kia gya hai keh canada ethopia ky shehriyon ko muft visa jari kr raha hai,fake,rufnd_roman_urdu,roman_urdu
facebook ki posts american girja gharon par tax lgany ky asrat ko barha charha kr paish krti hain,fake,rufnd_roman_urdu,roman_urdu
germany mai waqy field station ki purani tasveer ko masjid bta kr kia gya viral,fake,rufnd_roman_urdu,roman_urdu
fact check kisanon ky sath police ki bad saluki ki yeh tasver ak comedy video ka manzar hai,fake,rufnd_roman_urdu,roman_urdu
amethi mai nhi hui rahul gandhi ki pitai farzi hai viral tasvir,fake,rufnd_roman_urdu,roman_urdu
kashmir mai pakistani to reh skta hai magar bharti nhi congress ny nahi dia esa koi bayan,fake,rufnd_roman_urdu,roman_urdu
Allah ky bandy film ka nhi hai hazur ﷺ sy koi taluq viral post ka dawa farzi hai,fake,rufnd_roman_urdu,roman_urdu
AI technique sy bnai gai tasvir ko kia ja raha switzerland ki library ka btaty huwe farzi dawa ky sath viral,fake,rufnd_roman_urdu,roman_urdu
10 second tak sans rokna nhi hai corona virus ka self test viral post farzi hai,fake,rufnd_roman_urdu,roman_urdu
2005 mai photography ka maqsad sy khinchi gai tasvir ko bangladesh mai aye selab sy jor kr kia ja raha viral,fake,rufnd_roman_urdu,roman_urdu
2008 ky majiz show ky video ko ab fiqawaranah dawa ky sath kia ja raha hai viral,fake,rufnd_roman_urdu,roman_urdu
2011 mai sikh naujawan ky sath hui badsaluki ka video caa ky muzahireen ky naam par ab viral,fake,rufnd_roman_urdu,roman_urdu
2011 mai hui thi akhilesh yadav ki giraftari us waqt ka video ak martaba phir viral,fake,rufnd_roman_urdu,roman_urdu
2013 ki tasvir ko dehli ki kisan tracktor rally sy jor kar kia ja raha farzi dawa,fake,rufnd_roman_urdu,roman_urdu
2015 ky muzahiry ki tasver ko edit kr ky kia ja raha russia mai nupur sharma ky khilaf huwe ehtejaj ka btaty huwe viral,fake,rufnd_roman_urdu,roman_urdu
2017 mai udypur mai nikali gai thi rally video ab dehli intekhabaat ky naam par viral,fake,rufnd_roman_urdu,roman_urdu
2017 mai truck driver ko peetny ka haryana ka video ab ho raha hai viral,fake,rufnd_roman_urdu,roman_urdu
2018 ki kushambi ki tasveer kisanon sy jor kar ho rahi farzi dawa ky sath viral,fake,rufnd_roman_urdu,roman_urdu
operation theater mai zikar e ilahi krny wala ye shakhs imran khan nhi hai video purana hai,fake,rufnd_roman_urdu,roman_urdu
Aditya Thackeray Ajmer Sharif Dargah october mai nhi june mai gaye thy,fake,rufnd_roman_urdu,roman_urdu
shehriyat tarmeemi bill par rahul gandhi ky naam sy viral huwa farzi tweet,fake,rufnd_roman_urdu,roman_urdu
shaheed ka beta nhi balky pakistani singer ka bacha viral video ka dawa farzi hai,fake,rufnd_roman_urdu,roman_urdu
sarfeen ky jazbaat ka faida uthany ky maqsad sy edit kia gya cancer mutasira ka placard,fake,rufnd_roman_urdu,roman_urdu
IFS Sneha Dubey ny nhi kia reporters ko ly kar yeh tweet viral post fake hai,fake,rufnd_roman_urdu,roman_urdu
uttarakhand ky naam par viral ho rahi morocco ki tasver,fake,rufnd_roman_urdu,roman_urdu
ethopia ky video ko kia ja raha hindustani foj ky farzi dawa k sath viral,fake,rufnd_roman_urdu,roman_urdu
italy ky republic day ki video ko france ky zariye hindustan ko rafale ship sonpy jany ki taqreeb bta kr kia ja raha viral,fake,rufnd_roman_urdu,roman_urdu
Ajmer Sharif Dargah mai nazar aa rahi roshni koi mojza nhi balky digitally tayar kia gya video hai,fake,rufnd_roman_urdu,roman_urdu
ajmer ki bakra mandi mai corona virus ki post jhuti esa koi mamlah nhi aya hai ab tak samny,fake,rufnd_roman_urdu,roman_urdu
Actress Mallika Sherawat ny kitab nhi likhi viral dawa jhuta hai,fake,rufnd_roman_urdu,roman_urdu
Uddhav Thackeray Sonia Gandhi ky agy nhi balky Bal Thackeray ki tasvir ky agy jhuky thy,fake,rufnd_roman_urdu,roman_urdu
Arvind Kejriwal ny nhi kia Shiv Sena ko ly kr esa koi tweet facebook par farzi tweet viral,fake,rufnd_roman_urdu,roman_urdu
is israeli foji ny nhi kia islam qabool farzi dawa ho raha social media par viral,fake,rufnd_roman_urdu,roman_urdu
is tasver ma joe biden ky sath flyod ki beti nhi hai viral daya farzi hai,fake,rufnd_roman_urdu,roman_urdu
company ny kaha keh is viral video mai mojud mard volvo ky malik nhi hain,fake,rufnd_roman_urdu,roman_urdu
kashmir mai zulm ky naam par shaheed police ehalkar ky janazy ka ak saal purana video ho raha viral,fake,rufnd_roman_urdu,roman_urdu
is shakhs ky seeny mai nhi lga hai artificial dil farzi hai post ka dawa,fake,rufnd_roman_urdu,roman_urdu
is lion ny church ky leader par hamlah nhi kia ye film ka ak scene hai,fake,rufnd_roman_urdu,roman_urdu
is video mai muslim ghulba par baat kr raha shakhs himaliya company ka malik nhi hai,fake,rufnd_roman_urdu,roman_urdu
hospitals ky andar bandron ka yeh video south africa ka hai hindustan ka nhi,fake,rufnd_roman_urdu,roman_urdu
israel ky naam sy viral train ka yeh video asal mai editing tool ki madad sy tayar kia gya hai,fake,rufnd_roman_urdu,roman_urdu
islam ko ly kr unesco ny nhi jari kia koi certificate farzi documentary ho raha viral,fake,rufnd_roman_urdu,roman_urdu
asal tasvir Narendra Modi ki hai Rahul Gandhi ki nhi viral tasvir farzi hai,fake,rufnd_roman_urdu,roman_urdu
afghan shehri ki purani tasvir ko taleban jungju ki haliya taswer bta kr kia ja raha hai viral,fake,rufnd_roman_urdu,roman_urdu
united nations ny pakistan ko POK sy bahir jany ka nhi dia koi notice,fake,rufnd_roman_urdu,roman_urdu
akhilesh yadav ky sath tayara mai yogi nhi unky ham shakal khana kha rahy thy,fake,rufnd_roman_urdu,roman_urdu
aljazair ky purany waqiyat ko bharat ky naam par ishteyal angez firqa warana angle ky sath kia ja raha share mulzim aur mutasra dono hi musalman thy,fake,rufnd_roman_urdu,roman_urdu
gwanda mai nujawan ko zinda jalany ka mamla firqawarana nhi sarak par hui larai ka nateeja,fake,rufnd_roman_urdu,roman_urdu
gaming video ko kia ja raha afghanistan par american bombing bta kr viral,fake,rufnd_roman_urdu,roman_urdu
amit shah ny karobari tabqa ko nhi btaya munafa khor viral ho rahi clip farzi,fake,rufnd_roman_urdu,roman_urdu
amjad ali aur tameem shiekh naam ky logon ki kerala mai hathni ki death ka mamla mai nhi hui giraftari viral post farzi hai,fake,rufnd_roman_urdu,roman_urdu
amritsar mai tractor ki zaad mai ai khawateen mamly ka bjp sy nhi hai koi taluq viral post farzi hai,fake,rufnd_roman_urdu,roman_urdu
indonesia ky purany video ko assam ka bta kr kia ja raha viral,fake,rufnd_roman_urdu,roman_urdu
india gate par freedom fighter k nhi worldwar 1 mai larny waly ky naam darj hain,fake,rufnd_roman_urdu,roman_urdu
indian oil ky naam par viral ho raha hai fake warning,fake,rufnd_roman_urdu,roman_urdu
obama 2017 mai khareed chuky hain 8.1 million dollar ka makan post farzi hai,fake,rufnd_roman_urdu,roman_urdu
owaisi ny nhi likha united nations ko khat viral ho raha farzi dawa,fake,rufnd_roman_urdu,roman_urdu
ak47 ak56 guns ki purani tasver madrisa chapa mari ky naam sy ho rahi viral,fake,rufnd_roman_urdu,roman_urdu
editing tool ki madad sy bni shahrukh khan ki tasvir kashmiri ham shakal ky naam sy farzi hawaly ky sath viral,fake,rufnd_roman_urdu,roman_urdu
irani suby kurdistan ky gaon mai huwe musical festival ky video koo kiya ja raha hindustan ky haliya mutnaziya sy jor kar viral,fake,rufnd_roman_urdu,roman_urdu
AIIMS ki dr. ooma kumar ny immunity ko ly kr nahi dia hai interview viral post fake hai,fake,rufnd_roman_urdu,roman_urdu
AIIMS ki dr. ooma kumar ny corona virus par yeh interview nhi dia viral post farzi hai,fake,rufnd_roman_urdu,roman_urdu
rbi ki traf sy banks mai lyen dyen ka waqt barhany ka dawa gumrahkun hai,fake,rufnd_roman_urdu,roman_urdu
arctic okiyanus mai dikhy chand ka btaty huwe viral kia ja raha video digitally edited hai,fake,rufnd_roman_urdu,roman_urdu
icecream sale krny waly ki patayi mai koi firqa warana angle nhi farzi hai dawa,fake,rufnd_roman_urdu,roman_urdu
IPS rupa ky naam sy viral ho rahi hai farzi post,fake,rufnd_roman_urdu,roman_urdu
ivory coast ky footballer didier drogba ny apna mazhab tabdeel nhi kia islam qabool kiye jany ki khabar farzi hai,fake,rufnd_roman_urdu,roman_urdu
baba ram dev ki 2011 ki bhook hartal ki tasver galt dawa ky sath viral,fake,rufnd_roman_urdu,roman_urdu
nana patikar ky naam sy bany farzi account sy kia gya viral tweet,fake,rufnd_roman_urdu,roman_urdu
nigeria ky fojiyon ki laash ki purani tasver ko ladakh mai shaheed huwe hindustani fojiyon ki bta kr kia ja raha hai viral,fake,rufnd_roman_urdu,roman_urdu
gutter mai giri khawateen ka yeh video dehli nhi pakistan ka hai,fake,rufnd_roman_urdu,roman_urdu
gujarat mai nhi kr rahy musalman dar sy hijrat muzahiry ky video ky sath kia ja raha farzi dawa,fake,rufnd_roman_urdu,roman_urdu
bacha chori ky ilzam mai 9 mah qabal hui thi 2 khawateen ki pitai video ab firqa warana dawa ky sath viral,fake,rufnd_roman_urdu,roman_urdu
bachy ky hath mai nazar araha ye playcard edited hai,fake,rufnd_roman_urdu,roman_urdu
broiler chicken mai corona virus paye jany ka daawa farzi hai,fake,rufnd_roman_urdu,roman_urdu
haqaiq ki janch partal nahi viral video mai endless love gany wala couple ukraine ky president volodymyr zelensky aur unki wife nhi hain,fake,rufnd_roman_urdu,roman_urdu
burka pehny huwe shakhs ka jamiya sy nhi hai koi lena dena tasveer egypt ki hai,fake,rufnd_roman_urdu,roman_urdu
biryani farokht krny ky zariye hinduon ky khany mai namard bnany ki goli milany wala dawa bebunyad hai,fake,rufnd_roman_urdu,roman_urdu
bazurg maa ko ghar mai band kr shaheen bagh jany ka dawa farzi nikla,fake,rufnd_roman_urdu,roman_urdu
bus ki tasver mai ambedkar ki photo ko chipka kr galt dawa ky sath kia ja raha hai viral,fake,rufnd_roman_urdu,roman_urdu
bakar eid sy qabal phir sy viral hui denak jagran ky ek mohalla ek holika campaign ki edited tasveer,fake,rufnd_roman_urdu,roman_urdu
bakar eid sy pehly bill gates ny nhi dia yeh bayan phir sy viral ki jarahi farzi post,fake,rufnd_roman_urdu,roman_urdu
ukraine ki jungi posts par foji parade mai russian tan ky girny ki purani video,fake,rufnd_roman_urdu,roman_urdu
bandooq nigal jany wala yeh sanp asal nhi balky russian artist ki takhliq hai,fake,rufnd_roman_urdu,roman_urdu
bengal tashadud ky naam par viral ho rahi hain jamsheedpur aur lakhnao ki purani taasaver,fake,rufnd_roman_urdu,roman_urdu
bangladesh ka video ab maghrabi bengal ky naam par farzi dawa ky sath viral,fake,rufnd_roman_urdu,roman_urdu
bangladesh ky mujrim ki tasver viral ho rahi hai congress leader ky naam par,fake,rufnd_roman_urdu,roman_urdu
banglore mai mulzim ky qatal ka video tripura ky naam par galt aur firqawarana dawa ky sath ho raha viral,fake,rufnd_roman_urdu,roman_urdu
bihar mai nhi jalaya gya bjp ka jhanda 2018 ki rajasthan ki tasver ab ho rahi viral,fake,rufnd_roman_urdu,roman_urdu
bhagwa dress pehny shakhs ky amit shah ki ralley mai patharbazi krny ka dawa galt viral video jamsheedpur ka,fake,rufnd_roman_urdu,roman_urdu
bhopal police ny nhi jari ki rohingya mohajireen ky khilaf koi advisory farzi message ho raha viral,fake,rufnd_roman_urdu,roman_urdu
2015 mai turkiye ky zariye jari krda pm modi ka postage stamp misleading claim ky sath viral ho raha hai,fake,rufnd_roman_urdu,roman_urdu
viral video jis mai dawa kia gya hai keh jaypur mai hanuman chalisa parhi gai bari bheer jali hai footage pakistan ki hai,fake,rufnd_roman_urdu,roman_urdu
beijing ki purani masjid ki tasveer xinjiang ky naam par ho rahi viral,fake,rufnd_roman_urdu,roman_urdu
parliament mai nhi so rahy thy amit shah 6 maah purani hai tasveer,fake,rufnd_roman_urdu,roman_urdu
pak maqbuza kashmir ki 2 saal purani zalzala ki tasveer kashmir waadi ki halia photo bta kr viral,fake,rufnd_roman_urdu,roman_urdu
pakistan ka viral video ab up ky naam par viral,fake,rufnd_roman_urdu,roman_urdu
pakistan ky purany video ko hindustan mai isolation ward mai tableghi jummaati ka bta kr kia gya viral,fake,rufnd_roman_urdu,roman_urdu
pakistan ky khyberpakhtunkhawah mai bhari miqdar mai baramad huwe asleha ka video hindustan mai huwa kashmir ky naam sy viral,fake,rufnd_roman_urdu,roman_urdu
pakistan ky sabiq sadar asif zardari ny nhi kia imran khan ki himayat ka ilan purana video farzi dawa ky sath viral,fake,rufnd_roman_urdu,roman_urdu
pakistan ky video ko bharat ky haiderabad ky hospital ka bta kr kia ja raha viral,fake,rufnd_roman_urdu,roman_urdu
pakistan ky video ko up police ki barbariyat bta kr kia ja raha viral,fake,rufnd_roman_urdu,roman_urdu
pakistan ki gumshuda bachi ka purana video nagarpur ky naam par viral,fake,rufnd_roman_urdu,roman_urdu
pakistan mai bany kartarpur sahib gurdwary ky naam sy viral ho rahi tasver farzi,fake,rufnd_roman_urdu,roman_urdu
pakistan mai pheli bollywood actor tigher sheroff ky mot ki farzi khabar,fake,rufnd_roman_urdu,roman_urdu
pakistan mai 2 maah qabal hui thi loat viral video ka mumbai sy koi taluq nhi,fake,rufnd_roman_urdu,roman_urdu
pakistan mai na mobile phone par pabndi lgi hai aur na hi istemal krny par saza e mot viral post fake hai,fake,rufnd_roman_urdu,roman_urdu
pakistan ny nhi jeeta international polo championship 2022 dawa farzi hai,fake,rufnd_roman_urdu,roman_urdu
pakistani actoress saeeda imtiaz ka nhi huwa inteqal instagram hack ky baad hui farzi khabar share,fake,rufnd_roman_urdu,roman_urdu
pakistani cricketer babar azam ki un hi ki behn sy shadi ki galt khabar ho rahi social media par viral,fake,rufnd_roman_urdu,roman_urdu
pakistani leader ki is tasveer ko edit kr ky chipkai gai hai sharaab ki bottel,fake,rufnd_roman_urdu,roman_urdu
patna mai 4 saal pehly huwe lathi charge ka video kashmir ky naam par viral,fake,rufnd_roman_urdu,roman_urdu
patna mai nhi mila shehnshah ashok ka mujasma viral tasveer pakistan ki hai,fake,rufnd_roman_urdu,roman_urdu
purany amritsar ky muzahiry ki video ko guzishta roz ka bta kr farzi malumaat ky sath kia ja raha viral,fake,rufnd_roman_urdu,roman_urdu
purani tasaver ko uttrakhand ky junglaat mai pheli agg ka bta kr kia ja raha hai viral,fake,rufnd_roman_urdu,roman_urdu
parcham ko jalany ki yeh tasveer pakistan ky multan ki hai shaheen bagh ki nhi,fake,rufnd_roman_urdu,roman_urdu
pardhan mantri jin kaliyan o bhaag inn logo ko 5000 ruppee nhi dy rhy jinho ny covid wax lia hai viral dawa jhuta hai,fake,rufnd_roman_urdu,roman_urdu
protocol sy ty hoti hai rukan mumalik ky khary hony ki jaga wazir e azam modi ki tasweer galat dave ky sath viral ho rhi hai,fake,rufnd_roman_urdu,roman_urdu
prianka gandhi ky galy mai jenev nhi rudrakash ka dhaga tha,fake,rufnd_roman_urdu,roman_urdu
prianka gandhi ki 12 saal purani tasweer ko u p intakhabat sy jor kr kiya ja rha share,fake,rufnd_roman_urdu,roman_urdu
pulwama hamla pr abhinandan ny nhi dia koi bayan farzi hai viral tasweer,fake,rufnd_roman_urdu,roman_urdu
pulwama waqiye ky master mind ki giraftari ky dawa wala video hamly sy 2 saal pehly ka hai,fake,rufnd_roman_urdu,roman_urdu
paharon mai khali nhi huwe petrol pump aur atm traffic jaam ki purani tasveer ho rahi viral,fake,rufnd_roman_urdu,roman_urdu
police ehalkar ki pittai ka photo galat firqawarana dawa ky sath viral,fake,rufnd_roman_urdu,roman_urdu
pm modi ny nhi kia corona virus sy mutasir ak crore mareezon ky muft ilaj ka dawa,fake,rufnd_roman_urdu,roman_urdu
piyaz khany sy thik nhi hora corona virus viral kia ja raha dawa farzi hai,fake,rufnd_roman_urdu,roman_urdu
tableeghi jumaat ky molana tariq jameel ka nhi huwa inteqal afwa ho rahi viral,fake,rufnd_roman_urdu,roman_urdu
turkiye ky 2011 ky zalzala ky video ko kia ja raha haal ka btaty huwe share,fake,rufnd_roman_urdu,roman_urdu
tarangy ko ly kr bjp rehnuma shahnawaz hussain ka farzi bayan social media par ho raha viral,fake,rufnd_roman_urdu,roman_urdu
trump ky 3 saal purany video sy ki gai cher chaar nhi lga tha koi mazhabi nara,fake,rufnd_roman_urdu,roman_urdu
trump ky any ky sabab thely nhi tory gaye bhuneshwar ka video ahmadabad ky naam par viral,fake,rufnd_roman_urdu,roman_urdu
trump ny modi ko vote deny ki appeal nhi ki photo shopped hai viral photo,fake,rufnd_roman_urdu,roman_urdu
trump ny elon musk ky account ko nhi kia moatal galt dawa viral,fake,rufnd_roman_urdu,roman_urdu
bachi ko zameen par pathakhny ky is mamly mai nhi hai koi firqawarana angle mutasira aur mulzim dono musalman hain,fake,rufnd_roman_urdu,roman_urdu
2 taiyaron ky takrany ka america ka ye video istanbul ka btaty huwe kia ja raha share,fake,rufnd_roman_urdu,roman_urdu
japan mai hawai baitulkhalaa ky nam sy viral ki ja rahi tasver asal nhi balky ai technique sy ki gai hai tayar,fake,rufnd_roman_urdu,roman_urdu
jamiya ehtejaj mai zakhmi huwe talib ilm shakir ki nhi hui mot aiims mai hai dakhil,fake,rufnd_roman_urdu,roman_urdu
jawaid jaferi ka farzi tweet viral actor ny nhi kia esa koi tweet,fake,rufnd_roman_urdu,roman_urdu
jaddah mai 3d art projection work ky video ko nizamuddin mai farishty nazar any ky galt dawa ky sath kia ja raha viral,fake,rufnd_roman_urdu,roman_urdu
germany mai 3 ankhon ky sath paida huwe bachy ky naam sy viral kia ja raha video digitally edited hai,fake,rufnd_roman_urdu,roman_urdu
malaysia sy shivlinga ki viral video tamilnado ki trha viral hoti hai,fake,rufnd_roman_urdu,roman_urdu
bihar mai selab ka 5 saal purana video assam ki trha viral ho raha hai,fake,rufnd_roman_urdu,roman_urdu
jammu kashmir high court ki imarat par pehly sy mojud nhi tranga farzi tasver ho rahi viral,fake,rufnd_roman_urdu,roman_urdu
jharkhand ky tabraiz ansari ky janazy ky naam par viral ho raha hai 10 maah purana video,fake,rufnd_roman_urdu,roman_urdu
jaipur ki tasver ghaziabad ky naam par ho rahi viral,fake,rufnd_roman_urdu,roman_urdu
chicken khany sy banjhpan aur mardana bimariyon ka who ky hawaly sy kia ja raha viral dawa puri trah farzi hai,fake,rufnd_roman_urdu,roman_urdu
china ky yellow river ka video puny ky naam sy viral,fake,rufnd_roman_urdu,roman_urdu
hadsa ka shikaar nhi huwa rafael jet hindustani air force ky naam sy viral tweet fake,fake,rufnd_roman_urdu,roman_urdu
hijjab ko ky kr nhi hui khatoon ki pitai purana video galt dawa ky sath viral,fake,rufnd_roman_urdu,roman_urdu
hazrat ayesha ki nhi hai yeh silai machine farzi post barson sy hai viral,fake,rufnd_roman_urdu,roman_urdu
chinese government ny corona virus mutasir 20000 mareezon ko khatam krny ky liye adalat sy nhi mangi manzuri,fake,rufnd_roman_urdu,roman_urdu
government ny nhi roka hai adhaar card ka amal farzi post viral,fake,rufnd_roman_urdu,roman_urdu
haiderabad mai huwe saream chaqubazi ky waiqye ko up ky bara banki ka bta kr kia ja raha viral,fake,rufnd_roman_urdu,roman_urdu
khatoon sy rishwat lety jawan ka viral video purana hai us ka lockdown sy nhi hai koi taluq,fake,rufnd_roman_urdu,roman_urdu
khatoon sy badtameezi ka video india ka nhi morocco ka purana video hai,fake,rufnd_roman_urdu,roman_urdu
kpk mai ihl e tashi ky khilaf tashadud ky ilan ky dawa ky sath viral kia ja raha video multan mai bheer ky zariye ki gai pitai ka hai,fake,rufnd_roman_urdu,roman_urdu
khartom ki burj al fateh par hamla ki edited tasver ho rahi asal btaty huwe viral,fake,rufnd_roman_urdu,roman_urdu
khataween ky sath berehmi sy paish arahy police ehalkar ka video kashmir ka nhi balky nepal ky beerganj ka hai,fake,rufnd_roman_urdu,roman_urdu
khawateen ky caa nrc ehtejaj ky purany video ko kia ja raha farzi dawa ky stah viral,fake,rufnd_roman_urdu,roman_urdu
khawateen ki security ky liye viral ho raha help line number fake hai,fake,rufnd_roman_urdu,roman_urdu
khudkushi krny ki koshish kr rahy shakhs ky vide ko kabba mai dudh charhany ky farzi dawa ky sath kia gya viral,fake,rufnd_roman_urdu,roman_urdu
khyberpakhtunkawa mamla ky baad mandir bnao campaign ky naam sy viral ki ja rahi tasver purani hai,fake,rufnd_roman_urdu,roman_urdu
darjeeling mai 2017 mai bjp leaders par huwe hamla ka video ab patna ky naam par viral,fake,rufnd_roman_urdu,roman_urdu
dargah mai manoj tevari ka derh saal purana video farzi dawa ky sath viral,fake,rufnd_roman_urdu,roman_urdu
dillit ko zinda jalany ky naam par viral huwa rajasthan ka video,fake,rufnd_roman_urdu,roman_urdu
dillit leader chandrasekhar ravan ko musalman btany wali post farzi hai,fake,rufnd_roman_urdu,roman_urdu
Karina Kapoor ky perody account ki post gumrah kun dawe ky sath share ki gyi,fake,rufnd_roman_urdu,roman_urdu
Bary pemany pr land sliding ki puarni video jhuty dawon ky sath viral ho rhi hai,fake,rufnd_roman_urdu,roman_urdu
Bangladesh sy purani video viral ho rhi hai jis mai nuh tashadud sy mutaliq jhuty dawe kiye ja rhy hain,fake,rufnd_roman_urdu,roman_urdu
Sitara ky nishan waly bank note jali hony ka dawa krny wali viral post jhuti hai,fake,rufnd_roman_urdu,roman_urdu
"2020 Cowad summit ka tarmeem shuda video clip jo b m modi ky amrici riyasti dory sy munsalik hai, gumrah kun dawe ky sath share kiya gya",fake,rufnd_roman_urdu,roman_urdu
"2000 rupee ky note badalny ky liye kisi shanakhti saboot ki zarorat nhi, viral dawa gumrah kun hai",fake,rufnd_roman_urdu,roman_urdu
"Hakumat ka 2000 rupee ky karansi noto ko marhala waar khatam krny , yakam January sy 1000 rupee ky note dobara mutarif krwany ka koi mansooba nhi hai , viral dawa jhuta hai",fake,rufnd_roman_urdu,roman_urdu
Digital wallet fraud pr RBI governor ka video edit or jali hai,fake,rufnd_roman_urdu,roman_urdu
"Ye 500 rupee ka naya note nhi hai , viral dawa jali hai",fake,rufnd_roman_urdu,roman_urdu
"Haqeeqat ki janch karen : RBI ny tamam banko mai lain dain ky okat mai tossee krdi , ye aik gumrah kun dawa hai",fake,rufnd_roman_urdu,roman_urdu
Viral dawa ky PM modi ny misar mai islami skill cap pehni thi galat hai,fake,rufnd_roman_urdu,roman_urdu
Jhuty dawon ky sath PM modi ka edit shuda video viral ho rha hai,fake,rufnd_roman_urdu,roman_urdu
Duck Archad ki viral tasveer AI sy tayar ki gai hai,fake,rufnd_roman_urdu,roman_urdu
"Haqaiq ki janch ky rujhanaat: May main Karnatak ky intehabat, Pakistan,AI aur RBI sar e fehrist galt malumat ky rujhanat mai shamil hain",fake,rufnd_roman_urdu,roman_urdu
"Pehalwan Vaneesh aur Sangeeta Phogat ki viral tasveer mai AI ka istemal krty huwe hera pheri ki gai, gumrah kun dawy ky sath share kia gya",fake,rufnd_roman_urdu,roman_urdu
elon musk ka account 44 billion dollar ky moahidy sy pichy hatny ky baad tweeter par muatal hai,fake,rufnd_roman_urdu,roman_urdu
Civil Protections Democracy Act Biden Administration ko 6 billion dollar ky sath riyasaton ko khareedny ki ijazat dy ga agar wo nasal nhi tanqeedi nazariya ko apnaty hain,fake,rufnd_roman_urdu,roman_urdu
ak bary dhamaky ky baad moscow agg ki lapait mai agya,fake,rufnd_roman_urdu,roman_urdu
ak tasver sy pta chalta hai keh apny istefy ky baad boris johnson samundar mai farar ho gaye hain,fake,rufnd_roman_urdu,roman_urdu
president donald trump presidential limousine mai thy jab wo 6 january 2021 ko white house alps mai apni rally sy nikal rahy thy,fake,rufnd_roman_urdu,roman_urdu
florida ky government Ron DeSantis ny bill par dastakhat kiye jis mai florida ky tulba professors ko riyasat ky sath siyasi khayalat ka indraj krny ki zarorat hai,fake,rufnd_roman_urdu,roman_urdu
fox Chris Wallace ki Sunday ki jgha Candice Owens ko paish krta hai,fake,rufnd_roman_urdu,roman_urdu
tasweer sy pta chalta hai keh highland park shooter ka antifa connection tha,fake,rufnd_roman_urdu,roman_urdu
ukrainian attack ny moscow mai sky high building ko tabah kr dia,fake,rufnd_roman_urdu,roman_urdu
Peter Major ny Adam Schiff ki sarbarahi mai 6 january ko commission bnany ky haq mao vote dia,fake,rufnd_roman_urdu,roman_urdu
dawa krta hai keh american army Polymer drone flies istemal kr rahi hai jo ak bari makhi ki trha nazar ati aur kaam krti hai,fake,rufnd_roman_urdu,roman_urdu
"video mai Harrisburg, Pennsylvania mai bary paimany par firing ky natejy mai dikhaya gya hai",fake,rufnd_roman_urdu,roman_urdu
video mai dikhaya gya hai keh 2 july ko russian top khany ky Tank Bayrektor TB2 Drone ky zariye mukamal tor par tabah ho gaye,fake,rufnd_roman_urdu,roman_urdu
ak tasver mai shooting sy pehly highland park shooting ky mushtabah shakhs ko jail ya bahali ya nafsiyati markaz mai dikhaya gya hai,fake,rufnd_roman_urdu,roman_urdu
2022 mai chothy july ky kick out ki lagat mai afrat e zar ki wja sy 67.2 fisad izafa huwa,fake,rufnd_roman_urdu,roman_urdu
plan b isqat e hamal ka sabab bn skta hai yeh wahin box par hai,fake,rufnd_roman_urdu,roman_urdu
united states ky bani baap ka irada tha keh church ko hukumat ki hidayat krna hai,fake,rufnd_roman_urdu,roman_urdu
international olympic committee ky adad o shumar ky mutabiq 1966 sy 2004 tak har saal austan 35 saal sy ham umer ky 29 athletes achanak moat ka shikar huwe march 2021 sy march 2022 tak 769 atheletes inteqal kr gaye ya fil ka dora par gaye,fake,rufnd_roman_urdu,roman_urdu
1800 ki dahai mai muqami american abadiyon ko nuqsan pohanchany waly buffalos ky qatal par american government ki beamly sy zahir hota hai keh ab ye khurak ki qilat paida kr rahi hai takeh american zyada government par munhasir hon,fake,rufnd_roman_urdu,roman_urdu
breaking judiciary democrats ny hamary intekhabat mai ghair shehriyon ki voting ki himayat krny ky liye vote dia,fake,rufnd_roman_urdu,roman_urdu
soursop cancer ka ilaj krta hai,fake,rufnd_roman_urdu,roman_urdu
jeffery episton ka wakil ak vifaqi judge bn gya aur mar-a-lago search warrant par dastakhat krny wala shakhs tha,fake,rufnd_roman_urdu,roman_urdu
belt katai ny yuma county arizona mai city council ky intekhabat ky nataij ko tabdil kr dia,fake,rufnd_roman_urdu,roman_urdu
barron trump ko fees ky liye school sy nikal dia gya hai,fake,rufnd_roman_urdu,roman_urdu
chinese army qafla russia sy ukraine mai dakhil huwa,fake,rufnd_roman_urdu,roman_urdu
tasver ukraine mai larai ko zahir krti hai,fake,rufnd_roman_urdu,roman_urdu
video mai crocodiles ky hamly ko dikhaya gya hai jis ny brazil ky sahilon par selab agya hai aur residents ko khof mai mubtala kr dia hai,fake,rufnd_roman_urdu,roman_urdu
martha ky vineyard ny sirf 24 hours ky baad 50 illegal afrad ko mulk badar kr dia,fake,rufnd_roman_urdu,roman_urdu
nhi yeh cars garam mosam ki waja sy nhi pighlen,fake,rufnd_roman_urdu,roman_urdu
nhi yeh videos egypt aur united arab emirates mai pehly lgny wali agg ky bary mai reports mai online gardish kr chuky hain,fake,rufnd_roman_urdu,roman_urdu
ye video 2021 sy afghanistan iran border par agg lgny ki itelaat ky baad gardish kr rahi hai,fake,rufnd_roman_urdu,roman_urdu
ye video 2021 sy american afghan inkhela ky baad taliban ky bary mai reports mai gardish kr rahi hai,fake,rufnd_roman_urdu,roman_urdu
kuwait mai filipino ky qatal mai mubayina tor par irani muzahireen ki tasaver share ki gain,fake,rufnd_roman_urdu,roman_urdu
kuwait mai halak hony waly filipino worker ky bary mai jhuti posts purany khabron ka glt istemal kr rahi hain,fake,rufnd_roman_urdu,roman_urdu
nigeria ky siyasatdan ki britain mai giraftari ky baad azu e tanasil ki kheyp ko china sy rokny ky bary mai purana dhokha,fake,rufnd_roman_urdu,roman_urdu
south africa ky transport minister ka dawa hai keh garhy tanziya mazmun ki bunyad par achy driver paida krty hain,fake,rufnd_roman_urdu,roman_urdu
800 sy zyada bachon ko janam deny waly doodh waly ki kahani tanziya site sy shuru hoti hai,fake,rufnd_roman_urdu,roman_urdu
Pfizer-BioNTech ky muqadamat sy pta chalta hai keh waba shuru hony sy pehly corona virus ky khilaf moderna ki vaccine kaam mai thin,fake,rufnd_roman_urdu,roman_urdu
pfizer trial mai taqreeban nisf hamla khawateen ka isqat e hamal huwa,fake,rufnd_roman_urdu,roman_urdu
screenshots sy pta chalta hai keh qadamat pasand siyasi mubasir ben shapiro ny pay check protection program ky qarz ki mafi mai $20000 sy zyada wasul kiye,fake,rufnd_roman_urdu,roman_urdu
agar ap ky jisam ka pH alkaline hai to ap ko cancer nhi ho skta aur agar ap ko cancer hai to yeh dur ho jata hai,fake,rufnd_roman_urdu,roman_urdu
video mai tucker carlson ko ak mehman ky sath interview mai speechless dikhaya gya hai,fake,rufnd_roman_urdu,roman_urdu
corona virus pandamic ki plaing ki gai aur event 201 nami 2019 ki naqal is ky liye ak mashq thi,fake,rufnd_roman_urdu,roman_urdu
charlie christ ny police ko defend krny ky liye biden ky agendy ki himayat ki,fake,rufnd_roman_urdu,roman_urdu
american b-1b lancer sy naye intehai muhlik atomic bomb ka tajurba kr raha hai,fake,rufnd_roman_urdu,roman_urdu
"american numaindy jackie walorski, R-Ind., aur actor Anne Heche ki moat mashkuk aur juri hui hai kyun keh unhon ny pedophilia ky khilaf larny mai shirkat ki",fake,rufnd_roman_urdu,roman_urdu
taswir sy pta chalta hai keh trump apny florida ky ghar ki FBI ki talashi sy mutaliq united states ki government ky khilaf ak muqadmy mai apni numaindgi kr rahy hain,fake,rufnd_roman_urdu,roman_urdu
pakistan ke wasaail se malamal suba balochistan mai alehdgi pasand baghiyon ka kehna hai keh unhon ne foji helicopter ko maar giraya jo peer ko selab se mutaliq imdadi karwai ke doran gir gya tha jis mai ak aala foji commander samet sawar tamam 6 afraad halaak ho gaye thy,fake,rufnd_roman_urdu,roman_urdu
Marjorie Taylor Greene par kal raat joe biden ky DOJ ny chapa mara tha,fake,rufnd_roman_urdu,roman_urdu
england mai corona virus ky injections lgwany waly bachon ky kisi bhi wja sy marny ka imkan 4423% zyada hota hai aur 13633% ghair vaccine shuda bachon ky muqabaly mai corona virus sy marny ka imkan zyada hota hai,fake,rufnd_roman_urdu,roman_urdu
tasvir dikhati hai florida ki antiweak mamnuqa kitabon ki fehrist,fake,rufnd_roman_urdu,roman_urdu
new england journal of medicine ky mutaliye sy pta chalta hai keh vaccine lgwany waly afraad SARS-CoV-2 infection ky 10 din baad ghair vaccine ky muqably mai 5 guna zyada mutadi hoty hain,fake,rufnd_roman_urdu,roman_urdu
biden ap ky taxes ki chaan been ky liye mazeed IRS agents ko shamil kr raha hai jitna keh hamary pas mulk mai har jurm ki taftesh krny waly jasus hain,fake,rufnd_roman_urdu,roman_urdu
pur tashadud jurm har waqt ki buland tareen satah par hai,fake,rufnd_roman_urdu,roman_urdu
japan sy nhi khareedy jaty hain evm farzi dawa ho raha hai viral,fake,rufnd_roman_urdu,roman_urdu
RBI ny nhi jari kia 1000 rupees ka note viral tasawir farzi hain,fake,rufnd_roman_urdu,roman_urdu
art of living ki mangolia taqreeb ko japan ka bta kr kia ja raha hai viral,fake,rufnd_roman_urdu,roman_urdu
meghan markle ko queen elizabeth ii ki akhri rasumat mai shirkat ki ijazat nhi di gai,fake,rufnd_roman_urdu,roman_urdu
greta thunburg ny chinese logon par zor nhi dia keh wo darakhton ko bachany ky liye chinese kanta istemal krna band kren,fake,rufnd_roman_urdu,roman_urdu
amnbala mai manchaly shakhs ki pittai ka video jhuty firqawarana dawy ky sath viral,fake,rufnd_roman_urdu,roman_urdu
ye video ak 3d designer ky zariye takhliq karda tufaan ki digital animation hai,fake,rufnd_roman_urdu,roman_urdu
baboons ky group ko congress nhi kehty viral dawa farzi hai,fake,rufnd_roman_urdu,roman_urdu
balakot ki 2005 ky zalzala ki tasveren ho rahi hain viral,fake,rufnd_roman_urdu,roman_urdu
bollywood sy jury logon ka 2018 ka collage edit kr ky kia ja raha viral,fake,rufnd_roman_urdu,roman_urdu
bachpan ka pyar gany waly sehdev ko nhi mili 23 lakh ki car farzi khabar ho rahi viral,fake,rufnd_roman_urdu,roman_urdu
rajasthan ky gangapur mai musalmanon ko nhi marny aai bher galt dawa ky sath video ho raha viral,fake,rufnd_roman_urdu,roman_urdu
shaam ky 2012 ki video ko ab hindustani airforce ka bta kr kia ja raha hai viral,fake,rufnd_roman_urdu,roman_urdu
is tasvir mai subramanian swamy apni beti ky sath nhi balky kuch stars ky sath hai,fake,rufnd_roman_urdu,roman_urdu
is chinese hacker ky sabab nhi huwa tha facebook wahtsapp aur instagram band viral post farzi hai,fake,rufnd_roman_urdu,roman_urdu
rai bareli ka ak saal purana video gumrahkun dawa ky sath viral,fake,rufnd_roman_urdu,roman_urdu
saloon purani yeh tasveer south hindustan ki hai dehli riots sy iska koi lena dena nhi,fake,rufnd_roman_urdu,roman_urdu
agra ky college mai web series ki shooting ky liye lgya gya tha pakistan ka jhanda video farzi dawa ky sath huwa viral,fake,rufnd_roman_urdu,roman_urdu
tipu sultan naam ki kisi film mai kaam nhi kr rahy shahrukh khan khayali aur farzi poster ho raha viral,fake,rufnd_roman_urdu,roman_urdu
rajasthan mai ak saal pehly huwe larki ky qatal ko farzi firqawarana dawa ky sath kia ja raha hai viral,fake,rufnd_roman_urdu,roman_urdu
yeh tasvir 2014 ki numaish mai maya sy mutasir batman ka mujasma dikhati hai na keh qadeem nawadraat,fake,rufnd_roman_urdu,roman_urdu
posts pfizer ko gumrahkun covid vaccine trail ky dawa ky sath nishana bnati hain,fake,rufnd_roman_urdu,roman_urdu
srilanka ki singer ky hindustan visit ki nhi balky 2019 ki tokyo airpost ki hai viral tasveer,fake,rufnd_roman_urdu,roman_urdu
republic tv ky parody account sy kia gya galt tweet farzi dawa ky sath ho raha viral,fake,rufnd_roman_urdu,roman_urdu
"world economic forum mai, moderna ky ceo stephane bancel ny teraf keh un ki company ny wabai marz shuru hony sy pehly 2019 mai corona virus vaccine ki 100,000 dozes tayar kin",fake,rufnd_roman_urdu,roman_urdu
south ky superstar prabhas nhi huwe hain bsp party mai shamil viral kia ja raha dawa farzi,fake,rufnd_roman_urdu,roman_urdu
shaheen bagh ky muzahiry mai yogi adityanath ky bhai nhi un ky ham shakal pohancy thy,fake,rufnd_roman_urdu,roman_urdu
egypt ki janib sy hindustan ko bheji gai tibbi imdad ko kiya ja raha turkey ki bta kr viral,fake,rufnd_roman_urdu,roman_urdu
world health organization ny bakery products ko khany sy nhi kia mana farzi post hui viral,fake,rufnd_roman_urdu,roman_urdu
farzi dawa ky sath viral ho rahi nirbhaya gang rape ky mujrim ki tasveer zamanat par bahar nhi jail mai band hain qasoorwar,fake,rufnd_roman_urdu,roman_urdu
saudiarab ky vision 2030 ky educational curriculum mai mahabharata aur ramayana ky shamil hony ka dawa farzi hai,fake,rufnd_roman_urdu,roman_urdu
sunni waqf board ny nhi kia babri hospital bnany aur doctor kafeel khan ko us ky sarbarah rakhny ka faisla viral dawa mangharat hai,fake,rufnd_roman_urdu,roman_urdu
ismatdari par bjp mp karan khare ky naam sy viral ho raha bayan farzi,fake,rufnd_roman_urdu,roman_urdu
sarson ky oil sy corona virus ki waba ka ilaj nhi ho skta hai dusry faidy zaror hain,fake,rufnd_roman_urdu,roman_urdu
pfizer kehta hai keh dudh na pilayen har jgha bachy formula ki kami gates bilkul nai artificial breast ku doodh ki technology ko farogh dety hain sab kuch 2 hafty sy bhi kam mudadt mai yahan dekhny ky liye kuch nhi hai,fake,rufnd_roman_urdu,roman_urdu
pakistan university ny tulba ko anti valentine day letter bhejny ki tardeed ki hai,fake,rufnd_roman_urdu,roman_urdu
georgia ky secratory foreign brad raffensperger ny 2020 mai scale ko tip krny ky liye zuckerberg ki raqam ka 50 million dollar istemal,fake,rufnd_roman_urdu,roman_urdu
amanat ullah khan ny shariya nhi zariya kaha tha video farzi dawa k sath viral,fake,rufnd_roman_urdu,roman_urdu
pakistani sarkari mulazmeen ky ehtejaj ky bary mai posts mai 2021 sy footage gardish kr rahi hai,fake,rufnd_roman_urdu,roman_urdu
barf mai dhaky ghar ki austria ki tasver kashmor ky naam par ho rahi viral,fake,rufnd_roman_urdu,roman_urdu
is formula ki kami ap ko khofzada nah hony dyn apny bachy ko samundari algae ki sath bhang ka dudh bnayen yeh asan hai mai wada krta hun,fake,rufnd_roman_urdu,roman_urdu
pakistan mai talib ilm ky bank note ky design mai ghalti sy new currency lg gai,fake,rufnd_roman_urdu,roman_urdu
bjp ky mp manoj tewari ky liye nhi malaysia ky wazeer e azam ky liye roka gya tha traffic,fake,rufnd_roman_urdu,roman_urdu
srilanka mai masjid tor kar musalmano ky hindu mazhab apnanay ka dawa galt,fake,rufnd_roman_urdu,roman_urdu
saudi hakumat ny nhi dia ronaldo ko gold bike video ky sath kia ja raha dawa farzi hai,fake,rufnd_roman_urdu,roman_urdu
saudiarab ky naam par viral ho rahi srilanka ki tasaweer,fake,rufnd_roman_urdu,roman_urdu
pakistani opposition politicians ki giraftari par tanaziya khana jungi ky jhuty dawon ko janam deta hai,fake,rufnd_roman_urdu,roman_urdu
saudiarab mai yeh crowd corona virus ky chalty lockdown ky baad kharidari nhi kr rahi purana video galt hawaly sy viral,fake,rufnd_roman_urdu,roman_urdu
mujrim 37 admiyon ky jory katny k baad pakra gya,fake,rufnd_roman_urdu,roman_urdu
atlanta ka shehar lafz women par pabandi lga raha hai,fake,rufnd_roman_urdu,roman_urdu
lakhnow ky viral video mai firqawarana angle nhi mutasreen aur mulzimaan sabhi ak communittee ky,fake,rufnd_roman_urdu,roman_urdu
australia mai tamam joggers ko helmet pehanana chahiye,fake,rufnd_roman_urdu,roman_urdu
mother teresa ny bachy bechy,fake,rufnd_roman_urdu,roman_urdu
yeh sadar biden hain jo medicare advantage ko kam krny ki tajwez dy rahy hain,fake,rufnd_roman_urdu,roman_urdu
sweden ky laxley ki taver ko kashmir ka bta kr kia ja raha farzi dawa ky sath viral,fake,rufnd_roman_urdu,roman_urdu
surat mai muzahira ky naam par viral ho rahi hain purani tasaver,fake,rufnd_roman_urdu,roman_urdu
musalmanon ko voting sy nhi roka gya viral video ka dawa farzi sabit huwa,fake,rufnd_roman_urdu,roman_urdu
caa ky khilaf bayan deti yeh khaton atiya alvi hain atal bihari wajpai ki bhateji nhi,fake,rufnd_roman_urdu,roman_urdu
shaam aur afghanistan ky purani tasveer huwi kashmir ky naam par viral,fake,rufnd_roman_urdu,roman_urdu
tayyip erdoğan ko nhi kia gya giraftar video palestine ka hai,fake,rufnd_roman_urdu,roman_urdu
pakistani akhbar ki sheh surkhiyon mai quran e pak na parhny ki waja sy any waly selab ka mashwarah dia gya,fake,rufnd_roman_urdu,roman_urdu
shabana azmi ny nhi kahi mulk chorny ki baat viral message galt hai,fake,rufnd_roman_urdu,roman_urdu
shadeed bhook lgny par apni biwi ka ghost khaa skty hain sohar saudi mufti ny nhi jari kia esa fatwa,fake,rufnd_roman_urdu,roman_urdu
shashi tharoor ki 15 maah purani tasver galt hawaly ky saath hui viral,fake,rufnd_roman_urdu,roman_urdu
shahrukh khan ky naam par viral huwa yeh bayan farzi hai,fake,rufnd_roman_urdu,roman_urdu
lata mangeshkar ky akhri didar ki is tasver mai shahrukh khan ky sath nazar arahi khaton in ki manager pooja hain,fake,rufnd_roman_urdu,roman_urdu
libya ky samundar mai huwe behri jahaz hadsa ka nhi hai viral kia ja raha video,fake,rufnd_roman_urdu,roman_urdu
"morocco ki masjid al hassan sani mai 8 lakh logon ky namaz ada krny ka dawa gumrahkun hai, namaz taraweeh ki yeh tasver bhi purani hai",fake,rufnd_roman_urdu,roman_urdu
corona virus par yeh viral message unicef ny nhi kia hai jari,fake,rufnd_roman_urdu,roman_urdu
quick 4 din tak gharara krny aur chai peny sy corona virus thik hony ka dawa farzi hau,fake,rufnd_roman_urdu,roman_urdu
alia bhat ki beti ky naam sy viral tasver edited hai galt dawa huwa viral,fake,rufnd_roman_urdu,roman_urdu
tufaan ky purany video ko kia ja raha haal ka btaty huwe share,fake,rufnd_roman_urdu,roman_urdu
sadar e mumliqat ny seema haider ki darkhwast par koi jawab nhi dia viral video award taqreeb ky khitab ka hai,fake,rufnd_roman_urdu,roman_urdu
tariq fateh ko canada sy nhi nikala hai police ehalkaron sy mazaq ki yeh tasver purani hai,fake,rufnd_roman_urdu,roman_urdu
building mai lgi agg ka yeh video abudhabi ka hai turkiye ka nhi,fake,rufnd_roman_urdu,roman_urdu
fake hai navjot singh sindhu ki pakistan ky jhandy wali picture,fake,rufnd_roman_urdu,roman_urdu
imran khan ky sath khana khany wali rahul gandhi ki tasver farzi hai,fake,rufnd_roman_urdu,roman_urdu
iran mai agar ak 12 sala bachi ki ismatdari ki jati hai aur usky walid ko hamla kr dia jata hai to usy bachy ko saza k liye ly jana chahiye ya umer bhar ky liye jail mai daal dia jana chahiye intezar kren maaf kijiye ka nhi yeh alabama hai,fake,rufnd_roman_urdu,roman_urdu
pakistan ky human rights ky wazeer sirf crop picture mai mask pehny huwe shakhs nhi thy,fake,rufnd_roman_urdu,roman_urdu
pakistan ky aanjahani hukmaran yahya khan ky qareebi sathi ky bary mai jhuti posts mai bharti singer ki video share ki gai,fake,rufnd_roman_urdu,roman_urdu
usmania hospital ky murdakhana ka yeh video taqreeban 6 saal purana hai covid 19 sy nhi hai koi taluq,fake,rufnd_roman_urdu,roman_urdu
arab league ka abhi bhi hissa hai qatar aur palestine viral post ka dawa farzi hai,fake,rufnd_roman_urdu,roman_urdu
pakistan ky sabiq wazeer e azam khan ky muawin ny giraftari ki koshish ky bary mai tweet mai galt tasver share ki,fake,rufnd_roman_urdu,roman_urdu
jammu kashmir ky doda mai giraftar fidaain ky naam par pakistan mai pakry gaye manshiyat smuggler ki purany tasver viral,fake,rufnd_roman_urdu,roman_urdu
fix nhi ftx ka ad lga tha hindustan banam afghanistan maych mai viral tasveer edited hai,fake,rufnd_roman_urdu,roman_urdu
bubonic plague ky mareez ki tasveer ko norway mai quran nazar e atish krny ki koshish krny waly shakhs sy jor kr kia ja raha viral,fake,rufnd_roman_urdu,roman_urdu
imran khan ky sath narindra modi nhi sabiqa biwi hain farzi hai viral tasver,fake,rufnd_roman_urdu,roman_urdu
ghulaf e kabba par nhi charhaya tha shakhs ny dudh balky ki thi khud sozi ki koshish,fake,rufnd_roman_urdu,roman_urdu
farooq abdullah ky bharat mata ki jaye ky nary wala video amit shah ky wazeer e dakhla banany ky baad ka nhi,fake,rufnd_roman_urdu,roman_urdu
ye video ethopiya mai graduation ki taqreeb ky bary mai posts mai 2020 sy gardish kr rahi hai,fake,rufnd_roman_urdu,roman_urdu
ukraine ny russian language par pabandi ky qawaneen ko apnaya,fake,rufnd_roman_urdu,roman_urdu
armour manufacturing country ki wahid industry hain jinhen qanuni charah joi sy istesna hasil hai,fake,rufnd_roman_urdu,roman_urdu
monkeypox ak lab mai bnaya gya tha aur injection ky zariye dia gya tha,fake,rufnd_roman_urdu,roman_urdu
foj ny nhi kia kashmiri khatoon ky sath tashadud pashto singer aur actoresss neelam gull ki pictures hi rahi hain viral,fake,rufnd_roman_urdu,roman_urdu
monkeypox ky bary mai 2021 ka ak mazmun jis mai shingles rash ki ak tasver istemal ki gai hai is sy sabit hota hai keh monkeypox virus ak dhokha hai,fake,rufnd_roman_urdu,roman_urdu
video mai dikhaya gya hai keh ukraine mai helicopters ko ghaat lga kr utara ja raha hai short range hawa sy hawa mai maar krny wala missile,fake,rufnd_roman_urdu,roman_urdu
jeshuda bin ki 4 saal purani mumbai ki tasver shaheen bagh ky naam par hui viral,fake,rufnd_roman_urdu,roman_urdu
fake purani photo ki aar mai army ko badnaam kia ja raha hai,fake,rufnd_roman_urdu,roman_urdu
fareedabad ky atali ky naam par viral ho raha purana video 4 saal pehly huwa tha hangama,fake,rufnd_roman_urdu,roman_urdu
kashmir ky naam par viral ho raha hai morocco ka 6 saal purana video,fake,rufnd_roman_urdu,roman_urdu
US DA prediction kr raha hai keh 2022 ky mosam e khizan tak egg prices 12 dollar par dozan hongi,fake,rufnd_roman_urdu,roman_urdu
corona virus ko ly kr dehli police ny nhi jari ki yeh guideline viral post farzi hai,fake,rufnd_roman_urdu,roman_urdu
corona vaccine mai chup hony ka dawa kr rahy mazhabi rehnuma pakistani hain hindustani nhi,fake,rufnd_roman_urdu,roman_urdu
kashmir ki purani tasweer ko social media par phir sy kia ja raha viral,fake,rufnd_roman_urdu,roman_urdu
safaidfaam bala-dasti california ky san bernardino mai tamam wallmarts ko goli maar kr siyahfamon aur maskinon ko mar dalen gy,fake,rufnd_roman_urdu,roman_urdu
6 january 2021 ko US capital par hamlah ek dhul jhonka tha,fake,rufnd_roman_urdu,roman_urdu
kabba shareef ka darwaza khulny ky manzar ky video ko kia ja raha farishton ki azan aur namaz ky dwa ky sath viral,fake,rufnd_roman_urdu,roman_urdu
kabba shreef mai video sy log farishton aur jinnat ki namaz ko record nhi kr rahy thy viral dawa farzi hai,fake,rufnd_roman_urdu,roman_urdu
joe biden ny ak new card manzur jo 25 saal ya is sy zaya umer ky americans ko muft health insurance deta hai,fake,rufnd_roman_urdu,roman_urdu
corona virus chaar roz tak galy mai rehta hai is ka koi sabut nhi hai,fake,rufnd_roman_urdu,roman_urdu
gavin newsom ny mubayina tor par nancy pelosi ki darkhwast par mudakhlt ki aur california highway petrol ko barahyrast hukam dia keh wo paul pelosi ky khilaf DUI ki giraftari ky liye tamam ilzemat ko khatam kry,fake,rufnd_roman_urdu,roman_urdu
muhammad bin salman ky naam sy muft hajj form ky dawa ky sath farzi link viral,fake,rufnd_roman_urdu,roman_urdu
kolhapur mai mazhabi mamla mai na dhamki di na qatal huwa post mehaz ak afwa,fake,rufnd_roman_urdu,roman_urdu
covid 19 ky ilaj ka dawa krny wali patanjali ki dawa par lgi pabandi moasar hai hakumat sy manzuri milny ky dawa ky sath viral post farzi,fake,rufnd_roman_urdu,roman_urdu
gutter mai giry larky ko bachany ka yeh video pakistan ka hai mumbai ka nhi,fake,rufnd_roman_urdu,roman_urdu
masjid mai machine gun milny wali baat jhuti hai 2019 ky mamla ko ab kia ja raha hai viral,fake,rufnd_roman_urdu,roman_urdu
muslim nhi hai nehru khandan farzi shajranasb ky zariye ki ja rahi galt tashheer,fake,rufnd_roman_urdu,roman_urdu
guzishta roz munhadim huwa pull 50 saal purana hai wazeer e azam modi ny nhi kia tha is ka iftetah,fake,rufnd_roman_urdu,roman_urdu
gorakhpur madisa mai black board par likhi sanskrit ko edit kr ky firqawarana farzi dawa ky dawa ky sath kia gya viral,fake,rufnd_roman_urdu,roman_urdu
lalu ky baiton ka ak saal purana dance video gumrahkun dawa ky sath ho raha viral,fake,rufnd_roman_urdu,roman_urdu
viral post mai dikh rahy shakhs lok sabha sadar nhi hain,fake,rufnd_roman_urdu,roman_urdu
yeh khatoon parda krny ky liye nhi isi ky liye kaam krny par giraftar hui thi,fake,rufnd_roman_urdu,roman_urdu
luke montaigner ny nhi kaha keh covid vaccine lgwany walon ki hi jaye gi 2 saal ky andar moat viral ho rahi yeh post farzi hai,fake,rufnd_roman_urdu,roman_urdu
mob launching ka viral video india ka nhi balky bangladesh ka hai,fake,rufnd_roman_urdu,roman_urdu
lebonon ki nhi hai ye viral tasweer 2012 ki shaam ki photo farzi dawa ky sath viral,fake,rufnd_roman_urdu,roman_urdu
larki ky walid ny nhi balky oman ky shiekh ny ki nabaligh sy shadi viral post ka dawa galt hai,fake,rufnd_roman_urdu,roman_urdu
varanasi mai inspector ki pitai krny waly bjp karkunaan nhi thy,fake,rufnd_roman_urdu,roman_urdu
honduras ki fish rain ki reports china mai truck hadsy ki purani tasveer dikhati hain,fake,rufnd_roman_urdu,roman_urdu
mars par hazrat muhammad ﷺ ka naam hony ka dawa ky sath jis tasver ko viral kia ja raha hai digitally tayar ki gai photo hai,fake,rufnd_roman_urdu,roman_urdu
mask checking ky naam par up police ka farzi message viral,fake,rufnd_roman_urdu,roman_urdu
fact check pakistani singer meesha shafi ko nhi hui 3 saal ki saza viral dawa farzi hai,fake,rufnd_roman_urdu,roman_urdu
fact check garam bhaap aur chai sy corona virus ky ilaj ka dawa krny wali post farzi hai,fake,rufnd_roman_urdu,roman_urdu
imran khan ky sath khaton ki tasver scheme launch ky doraan ki hai bhartiya khatoon ki edited photo btaty huwe kia ja raha viral,fake,rufnd_roman_urdu,roman_urdu
bazurg shakhs ki tasver 1999 mai ak aur zalzaly ki hai turkiye ky haliya zalzala sy nhi koi hai taluq,fake,rufnd_roman_urdu,roman_urdu
morocco ki charwaha bachi ki tasweer ko kia ja raha france ki sabiq wazeer e azam bata kr share,fake,rufnd_roman_urdu,roman_urdu
mareez ki pitai krty huwe doctor ka viral video kanpur ky sarkari hospital ka nhi,fake,rufnd_roman_urdu,roman_urdu
egypt ky shakhs ny apni mubayina mehbuba ky liye nhi bnaya danton ka haar viral kahani farzi hai,fake,rufnd_roman_urdu,roman_urdu
egypt ky sharqiya mai ghair qanoni ghar ko tory jany ki tasweer farzi kahani ky sath viral,fake,rufnd_roman_urdu,roman_urdu
masla e kashmir ky sabab colonel vijay acharya ny nhi dia istefa retired officer ky proxy handle sy propoganda tweet huwa viral,fake,rufnd_roman_urdu,roman_urdu
namaz ada krty logon ki yeh tasweer 2018 ki hai lockdown sy nhi hai koi taluq,fake,rufnd_roman_urdu,roman_urdu
hindustan mai madaris par pabandi lagany ko ly kr nhi dia tha apj abdulkalam ny koi bayan,fake,rufnd_roman_urdu,roman_urdu
nhi huwa pakistan ky sabiq wazeer e azam imran khan ka inteqal dawa farzi hai,fake,rufnd_roman_urdu,roman_urdu
multavi hony ky baad dobara psl ky 11 march sy shuru hony ka dawa farzi hai,fake,rufnd_roman_urdu,roman_urdu
mulk ki tamam larkiyon ky liye muft scooty ki koi scheme nhi farzi video ho raha viral,fake,rufnd_roman_urdu,roman_urdu
mac in india ky tehet 2 crore nujawan ko muft laptop deny wali khabar farzi hai,fake,rufnd_roman_urdu,roman_urdu
minar e pakistan ki purani tasveer ko pdm ky jalsy sy jor kr kia ja raha viral,fake,rufnd_roman_urdu,roman_urdu
nigeria mai muzhira kr rahy logon ky play card par edit kr ky chipkai gai hai sushant singh rajpoot ki tasweer,fake,rufnd_roman_urdu,roman_urdu
nabi kareem ﷺ ny 1400 saal pehly nhi bandha is pathar ko post ka dawa farzi,fake,rufnd_roman_urdu,roman_urdu
nhi russia ny india ko nataij sy khabardar nhi kia viral cnn ka screenshot edit kr dia gya,fake,rufnd_roman_urdu,roman_urdu
nhi yeh tasveer gujarat ki bullet train ki nhi hai,fake,rufnd_roman_urdu,roman_urdu
nobel inam yafta luc montagnier ny covid 19 vaccine ky bary mai yeh nhi kaha viral post fake hai,fake,rufnd_roman_urdu,roman_urdu
nepal ki purani tasveer hindustan ky naam par viral is photo ka lockdown sy nhi hai koi taluq,fake,rufnd_roman_urdu,roman_urdu
hariyana ny sarsa zila mai bacha chor groh ky sargarm hony wali khabar farzi,fake,rufnd_roman_urdu,roman_urdu
haryana mai huwe asatza ky muzahiry ko kashmir ka bta kr kia ja raha viral,fake,rufnd_roman_urdu,roman_urdu
hillary clinton ky sath usama bin ladin ki tasveer edited hai hindustani singer ki 2004 ki photo mai ki gai hai tarmeem,fake,rufnd_roman_urdu,roman_urdu
himaliya company ky ceo ki tasweer galt naam aur dawa ky sath ho rahi hai viral,fake,rufnd_roman_urdu,roman_urdu
hindu muslim ki farzi dawa ky sath ho rahi hai viral madhiya pardesh ka purana video,fake,rufnd_roman_urdu,roman_urdu
hindustan ki shikast ky baad jashan ky doran bangladeshi shakhs ko nhi lgi agg farzi hai viral post,fake,rufnd_roman_urdu,roman_urdu
yemen ki purani tasveer ky sath afghan airport mai kamzor security ky baary mai tanziya posts gumrah krti hain,fake,rufnd_roman_urdu,roman_urdu
hindustani jawan ki nhi kurd khatoon fighter ki hai ye tasvir,fake,rufnd_roman_urdu,roman_urdu
hawa mai mojud chattan ki tasver photoshopped hai asal mai viral pathar teen choty patharon par thika hai,fake,rufnd_roman_urdu,roman_urdu
hawa mai nazar araha ye khajur ka darakht crane ky zariye bandha huwa tha video ky sath kia ja raha dawa farzi hai,fake,rufnd_roman_urdu,roman_urdu
haiti sadar ky qatal ky baad nhi hui khatoon e awal ki moat viral post afwa hai,fake,rufnd_roman_urdu,roman_urdu
yeh corona virus ki vaccine nhi covid 19 test kit hai,fake,rufnd_roman_urdu,roman_urdu
yeh gariyan mosam ki garmi sy nhi agg ki garmi sy pighli thin,fake,rufnd_roman_urdu,roman_urdu
up police ny nhi badmaashon ny ki thi khatoon ki pitai viral video 2016 ka hai,fake,rufnd_roman_urdu,roman_urdu
up ky muradabad mai ghar par taranga lgaye jany sy rokny ky dawa ky sath viral ho raha video farzi,fake,rufnd_roman_urdu,roman_urdu
unesco nhi krta qomi taranon ko recon,fake,rufnd_roman_urdu,roman_urdu
is video mai united arab emirates mai indonesia ky sadar joko widodo ky nam sy mansub ak gali ko dikhaya gya hai,fake,rufnd_roman_urdu,roman_urdu
kabul ky uper sy helicopter ki parwaz ki video mai afghan qomi fakhar ka gana shamil krny ky liye tarmem ki gai,fake,rufnd_roman_urdu,roman_urdu
clip mai dikhaya gya hai keh hindustani karkun bila moavza ujrat par solar panel tabah kr raha hai lanat nhi,fake,rufnd_roman_urdu,roman_urdu
computer sy tayar karda tasver mai elon musk ko robot biwi ky sath nhi dikhaya gya,fake,rufnd_roman_urdu,roman_urdu
kuwait mai filipino worker ky qatal sy munsalik american adalat ki purani hearing ka clip,fake,rufnd_roman_urdu,roman_urdu
quick bihar ki jail mai guzishta saal hui mock drill ky video ko kia ja raha phir sy viral,fake,rufnd_roman_urdu,roman_urdu
godaam mai agg lgny ki purani video abudhabi mai 2022 ky hosi hamly ki footage ky tor par jhoti tor par share ki gai,fake,rufnd_roman_urdu,roman_urdu
gas cylinders ki mayad khatam hony ki dates nhi chapi hui hain,fake,rufnd_roman_urdu,roman_urdu
lebia mai behri jahaz ky tabah hony ki purani tasaver ko egypt ky tarkeen e watan ki kashti ki tabahi ky tor par galt tor par share kia gya,fake,rufnd_roman_urdu,roman_urdu
leonal messi ko sign krny ky baad bsg ny ak din mai 23 million nhi balky 3 million instagram followers hasil kiye,fake,rufnd_roman_urdu,roman_urdu
mahireen ka kehna hai keh covid 19 test kits mai positive aur negative control swab sirf quality control ky liye istemal hoty hain,fake,rufnd_roman_urdu,roman_urdu
mahireen ka kehna hai keh jab suraj sab sy zyada dur hota hai to us ka darja harart ya insani sehat par koi asar nhi parta,fake,rufnd_roman_urdu,roman_urdu
marhalawar wabai marz ky hissy ky tor par corona virus ki mukhtalif halaten jari nhi ki gain,fake,rufnd_roman_urdu,roman_urdu
mashoor pakistani tiktok user haiderabadi mot ky jhansy mai nishana bna,fake,rufnd_roman_urdu,roman_urdu
makkah ki azeemushan masjid mai zeer e hirasat shakhs ki video ky sath jhuta dawa gardish kr raha hai,fake,rufnd_roman_urdu,roman_urdu
malavi ny qomi parcham mai south korea ka nishan shamil nhi kia,fake,rufnd_roman_urdu,roman_urdu
man gharat news alert ka jhuta dawa hai keh russian president ny south africa ki anc ko apny mamlaat sy dur rahny ko kaha,fake,rufnd_roman_urdu,roman_urdu
mohlik sarak hadsy ki video kenya ky capital nairobi mai nhi balky chicago mai bnai gai,fake,rufnd_roman_urdu,roman_urdu
moarikheen ka kehna hai keh vaccine ka certificate online share kia gya hai jo 1906 ka hai,fake,rufnd_roman_urdu,roman_urdu
maradona ko alvidai boli dety huwe pele ki doctor shuda tasver online gardish kr rahi hai,fake,rufnd_roman_urdu,roman_urdu
mexican cartel ny ukraine ky liye american weapon hasil krny ka koi sabut nhi dia,fake,rufnd_roman_urdu,roman_urdu
may 2022 mai hindustan ky zyr e intezaam kashmir mai ehtejaj ky tor par 2018 ki american ralley ki tasweer ko galt tareeqy sy paish kia gya,fake,rufnd_roman_urdu,roman_urdu
nigeria aur kenya mai purany cockroach ky x-ray hoax ka naya version gardish kr raha hai,fake,rufnd_roman_urdu,roman_urdu
nigeria alehdgi pasand group sy trump ky jhuty rawabit par biden ki mohim ko 600 million dollar ka atiya nhi dy raha hai,fake,rufnd_roman_urdu,roman_urdu
nhi ap ko marny ky liye ap ki gari par fentanyl sy lgi neeli tape nhi lgai ja rahi hai,fake,rufnd_roman_urdu,roman_urdu
nhi yeh tasveer ak jahaz dikhati hai jo 1968 mai chilli mai gira tha,fake,rufnd_roman_urdu,roman_urdu
naye pakistan ky note mai emandarana zindagi guzarny ky hawaly sy quotation barqarar hai,fake,rufnd_roman_urdu,roman_urdu
naye pakistan ky wazeer e azam singer ky bary mai jhuty dawy ki zad mai agaye unhen daftar mai serenating,fake,rufnd_roman_urdu,roman_urdu
highway dhamaky ki video ko ev ky tasadum ky tor par galt tareeqy sy paish kia gya,fake,rufnd_roman_urdu,roman_urdu
hajum ki footage mai kenya mai university ka ehtejaj dikhaya gya hai france mai covid 10 ka muzahira nhi,fake,rufnd_roman_urdu,roman_urdu
hermann goering sy galt mansub khof par iktebas,fake,rufnd_roman_urdu,roman_urdu
hindustan ky zeer e intezam kashmir ki video mai kisi shakhs ko pakistan khudkush hamly ky baad ghamzada nhi dikhaya gya hai,fake,rufnd_roman_urdu,roman_urdu
hindustani wazeer e azam ki tasver jis ka saya janwar sy milta julta hai digitally change kr dia gya hai,fake,rufnd_roman_urdu,roman_urdu
world economic forum ny july 2021 mai omicron ky mukhtalif qism ki report nhi ki asal mazmun ko update kia gya tha,fake,rufnd_roman_urdu,roman_urdu
video 2018 mai america par tufaan dikhati hai 2022 mai pakistan mai nhi,fake,rufnd_roman_urdu,roman_urdu
video december 2021 sy indonesia ky social media trend ky bary mai posts mai online gardish kr rahi hai,fake,rufnd_roman_urdu,roman_urdu
video game ko ukraine ky tanaziye ki live footage ky tor par galt tor par share kia gya,fake,rufnd_roman_urdu,roman_urdu
ye tufani video 2020 mai australia mai li gai thi 2022 mai pakistan mai nhi,fake,rufnd_roman_urdu,roman_urdu
ye galt sub title wali video hai jis mai putin ko 2016 ki foji prade ky doran taqrer krty huwe dikhaya gya hai,fake,rufnd_roman_urdu,roman_urdu
ye footage 2016 mai malaysia mai hony waly hamly ky bary mai media reports mai gardish kr rahi hai,fake,rufnd_roman_urdu,roman_urdu
yeh footage july 2020 sy egypt mai oil ki pipeline mai dhamaky sy mutaliq reports mai gardish kr rahi hai,fake,rufnd_roman_urdu,roman_urdu
ye footage french soilders ko dikhati hai ye kam az kam 2019 sy online gardish kr rahi hai,fake,rufnd_roman_urdu,roman_urdu
ye clip 2017 sy mexico ky ak airport par flood sy mutaliq reports mai gardish kr raha hai,fake,rufnd_roman_urdu,roman_urdu
ye clip 2020 ky american elections sy mutaliq nhi hai is mai dikhaya gya hai keh kharab chicken ko saudiarab mai phenka ja raha hai,fake,rufnd_roman_urdu,roman_urdu
donald trump ki rally kisi ky nah any ky baad band kr di gai,fake,rufnd_roman_urdu,roman_urdu
"germany mai lakhon solar penal baraf mai dhaky huwe hain aur 30,000 wind turbines bekar baithy hain kyun keh wahan hawa nhi hai",fake,rufnd_roman_urdu,roman_urdu
adam laxalts ka kehna hai keh ye achi khabar hai keh wabai amraz ky baad un mai sy boht sy spanish small scale business kabhi dobara nhi khuly,fake,rufnd_roman_urdu,roman_urdu
Merrick Garland ny trump ko farar hony ki mansuba bandi krty huwe pakar lia,fake,rufnd_roman_urdu,roman_urdu
Department of Homeland Security aur Department of State ny joe biden ky mukhalifen ko sensor krny k liye election integrity partnership nami group ky sath mil kr kaam,fake,rufnd_roman_urdu,roman_urdu
2022 ky intekhabat mai mukamal curated belts ki bary paymany par munteqali ky sabut mojud hain,fake,rufnd_roman_urdu,roman_urdu
the great reset sarmayakari ko ak asy moashi nizam sy badalny ki wakalat krta hai jo ak qisam ka socialism communism ki trha lekin zyada tar sirf fascism hai,fake,rufnd_roman_urdu,roman_urdu
55000 saal pehly dunya ajj ky muqably mai 2 degree celsius zyada garam thi,fake,rufnd_roman_urdu,roman_urdu
wiley nickels paidaish ky moqam tak yahan tak keh baad az paidaish tak abortion ki himayat krta hai,fake,rufnd_roman_urdu,roman_urdu
california ky senate bill 107 ka mtlb hai agar ap sinfi tafveez ki surgery ki tasdeeq nahi krty hain to ap ky bachy ko ab ap ki tehweel sy lia ja skta hai,fake,rufnd_roman_urdu,roman_urdu
donald trump twitter par wapis agaye hain elon musk ka shukriya,fake,rufnd_roman_urdu,roman_urdu
norway biden ka muqabla krny ky liye apni foj ko tyar krta hai,fake,rufnd_roman_urdu,roman_urdu
6 january ki samaat achanak tor par masukh kr di gai thi jab yeh inkeshaf huwa tha keh news network isy nhi dikha rahy hon gy,fake,rufnd_roman_urdu,roman_urdu
buzz aldrin ny eteraf keh chand par utarna nhi huwa,fake,rufnd_roman_urdu,roman_urdu
judge Elaine Cannon ny apna license kho dia,fake,rufnd_roman_urdu,roman_urdu
Antony Blinken ny etaraf kia keh Biden Nord Stream pipeline leak ky liye zimedar hai,fake,rufnd_roman_urdu,roman_urdu
ak bachy ki moat ky baad pury uk mai defibrillators nasb kiye ja rahy hain jis ki wja yeh ho skti hai keh britain ny achanak 11 saal sy kam umer bachon ky liye corona virus vaccination kyun rok di,fake,rufnd_roman_urdu,roman_urdu
tanziya video gumrahkun tor par chinese officer ky haqeeqi covid 19 mashwary ky tor par share ki gai,fake,rufnd_roman_urdu,roman_urdu
opposition leader ky khilaf south korea ki police ky ehtejaj ki tasveri tasver online ko gumrah krti hai,fake,rufnd_roman_urdu,roman_urdu
man gharat khabren wazeer ky andy ki kami ky remarks par malaysia ko gumrah krti hain,fake,rufnd_roman_urdu,roman_urdu
world cup harny ky baad japan team dressing room ky bary mai tanziya posts online gumrah krti hain,fake,rufnd_roman_urdu,roman_urdu
victoria pool sy qabal liberal party par tanqeed krny wali tanziya tasaver social media sarfeen ko gumrah krti hain,fake,rufnd_roman_urdu,roman_urdu
state elections ky votes ki ginti kry ga ky dawy ky baad australia mai tanziya wef posts gumrah krti hain,fake,rufnd_roman_urdu,roman_urdu
south korean first lady at flood cleanup ki tanziya tasver facebook user ko gumrah krti hai,fake,rufnd_roman_urdu,roman_urdu
sara duterte ky philippines ki sadarat sambhalny ky liye bary paimany par call ky bary mai tanziya posts sy philippinos ko gumrah kia gya,fake,rufnd_roman_urdu,roman_urdu
tanziya posts world economic forum ki taraf sy jali antibug tasub tweet share krti hain,fake,rufnd_roman_urdu,roman_urdu
social media sarfeen china ky sakht covid lockdown ka mazaq urany wali tanziya video par gir pary,fake,rufnd_roman_urdu,roman_urdu
ye bjp ky tarjuman ky cooking gas ky tabsaron ky bary mai koi haqeeqi khabar nhi hai,fake,rufnd_roman_urdu,roman_urdu
bharati siyasatdan uddhav thackeray ny apna istefa tv par dekha gumrahkun posts,fake,rufnd_roman_urdu,roman_urdu
tanziya video is dawy ky sath share ki gai hai keh is mai ufc player chinese khawaten par hamly ki mazammat krty huwe dikha gya hai,fake,rufnd_roman_urdu,roman_urdu
myanmar mai bijli band hony ky bary mai mazhiya posts social media users ko gumrah krti hain,fake,rufnd_roman_urdu,roman_urdu
galt tarjuma shuda clip mai dikhaya gya hai keh maradona ny 2018 mai mexican football team sy sawal kia,fake,rufnd_roman_urdu,roman_urdu
is video mai dikha gya hai keh israeli foji palestinian areas mai ak tyre ko rokny ki koshish kr rahy hain,fake,rufnd_roman_urdu,roman_urdu
machli ki theme wali usb sticks ky japanese takhliqkar ka kehna hai keh us ny ihen mazaq ky tor par tayar kia tha,fake,rufnd_roman_urdu,roman_urdu
south korea ky sadaarti umeedwar ky sir bulany ki aadat ky bary mai tanziya tasver online ko gumrah krti hai,fake,rufnd_roman_urdu,roman_urdu
purany tv screenshot ko 2022 mai china ky hainan province mai foji tasadum dikhany ky liye tayar kia gya,fake,rufnd_roman_urdu,roman_urdu
video mai logon ko new south wales ky wazeer e azam ky istefa ky baad khushi ka izhaar krty huwe nhi dikhaya gya hai,fake,rufnd_roman_urdu,roman_urdu
philippini actress ki national media ky sath moahidy par sign krny ky mazaaq ki khabren social media sarifeen ko gumrah krti hain,fake,rufnd_roman_urdu,roman_urdu
social media posts mai gumrahkun dawy ka ishteraak kia gya hai keh barcode ky sabqy ye zahir kr skty hain keh aya koi product israel mai bnaya gya hai,fake,rufnd_roman_urdu,roman_urdu
ak news reporter ki nadi mai girny ka ye clip ak mazhiya group ny bnaya tha,fake,rufnd_roman_urdu,roman_urdu
ye tanziya vido 2020 mai purani black and white movie clips ka istemal krty huwe bnai gai thi,fake,rufnd_roman_urdu,roman_urdu
ye flying penguins animation darasal bbc ki traf sy 2008 mai april fool day ky liye tayar krda ak dhoka hai,fake,rufnd_roman_urdu,roman_urdu
is tasver ko former thai king rama ix ky kutty ki tasver shamil krny ky liye tayar kia gya hai,fake,rufnd_roman_urdu,roman_urdu
is taswir ko sabiq thai army chief ki wardi par mazeed tamghy shamil krny ky liye tayar kia gya hai,fake,rufnd_roman_urdu,roman_urdu
singapur ky qabaristan mai nishan ki is tasvir ko bhoot warning shamil krny ky liye tayar kia gya hai,fake,rufnd_roman_urdu,roman_urdu
mafrur south korean businessman ki giraftari ky bary mai tanziya tweets sy purani xray pictures utha li gain,fake,rufnd_roman_urdu,roman_urdu
amitabh bachchan ky naam par viral hui gumrahkun khabar clickbait headline ky zariye phelaya gai post,fake,rufnd_roman_urdu,roman_urdu
school mai prayer ky waqt azan ka ye video jharkhand ka nhi assam ka hai,fake,rufnd_roman_urdu,roman_urdu
aazamghar ky fatima girls inter college ki tasveer kerala ki bta kr viral,fake,rufnd_roman_urdu,roman_urdu
assam mai sabhi madaris ko band kiye jany ka gumrahkun dawa ho raha social media par viral,fake,rufnd_roman_urdu,roman_urdu
turkmenistan mai ab muft nhi hai pani gas aur bijli viral dawa gumrahkun hai,fake,rufnd_roman_urdu,roman_urdu
tuti sarak ki ye tasveer varanasi ki nhi gujarat ky ahmadabad ki hai,fake,rufnd_roman_urdu,roman_urdu
jammu o kashmir ki 17 saal purani tasvir ko guzishta roz ki bata kr kia ja raha share,fake,rufnd_roman_urdu,roman_urdu
lakhnow mai caa mukhalif muzahira mai giraftar rickshaw driver ky naam par dehli ky rickshaw waly ki tasweer viral,fake,rufnd_roman_urdu,roman_urdu
pnb ki ghaziabad branch ky mulazmeen ky coronavirus sy mutasir hony ky bary mai viral ki ja rahi post gumrahkun,fake,rufnd_roman_urdu,roman_urdu
2018 mai sirinagar mai hui patharbazi ki tasvir ko riaz naikoo ki mot sy jor kr kia ja raha hai viral,fake,rufnd_roman_urdu,roman_urdu
patna mai masjid sy chinese musalmanon ky pakry jany ka dawa glt gumrahkun dawa ky sath viral ho raha video,fake,rufnd_roman_urdu,roman_urdu
is african khatoon ny nhi dia 11 bachon ko janam viral tasveer gujarat ky hospital ki hai,fake,rufnd_roman_urdu,roman_urdu
diwaron par qunda qurani aayat ka video egypt ky islamic cultural center ka hai uzbekistan ky mutaliq dawa gumrahkun hai,fake,rufnd_roman_urdu,roman_urdu
philippine ky post office mai lgi agg ky video ko sweden sadaarti mehal ky dawa ky sath kia ja raha viral,fake,rufnd_roman_urdu,roman_urdu
france ky naheel marzouk ky janaza ka nhi hai ye video dawa gumrahkun hai,fake,rufnd_roman_urdu,roman_urdu
singer irfan miki ky hajj par gaye naghmy ko micheal jackson ky gany ky hawaly sy kia ja raha viral,fake,rufnd_roman_urdu,roman_urdu
islamabad mai imran khan ky hamiyon ky muzahiry ky naam par viral kia ja raha video american country ka hai,fake,rufnd_roman_urdu,roman_urdu
turkiye elections ky abhi nhi aye results tayyip erdoğan ky fatah ka dawa gumrahkun hai,fake,rufnd_roman_urdu,roman_urdu
scandal mamla mai imran khan ki haliya giraftari sy juri hui nhi hai ye tasveer viral photo 2013 ki hai,fake,rufnd_roman_urdu,roman_urdu
masjid e aqsa par haal hi mai hui israeli karwai ki nhi hai ye tasveer purani photo gumrahkun hawaly sy viral,fake,rufnd_roman_urdu,roman_urdu
aggzni ky is video ka nhi hai israel ya lebonon sy koi taluq bangladesh ki kapron ki market mai lgi agg ka video gumrahkun hawaly sy viral,fake,rufnd_roman_urdu,roman_urdu
france mai pension ko ly kr ho rahy muzahiry ki nhi hai ye tasveer football madahon ki tasver ki photo,fake,rufnd_roman_urdu,roman_urdu
saudiarab mai inhedaam ki gai building keh video turkiye aur shama mai aye zalzala ka btaty hue kia ja raha viral,fake,rufnd_roman_urdu,roman_urdu
turkiye hotel ky zalzala ka ye video purana haai,fake,rufnd_roman_urdu,roman_urdu
janwar ki ye tasver ka taluq turkiye mai aye haliya zalzaly sy nhi hai,fake,rufnd_roman_urdu,roman_urdu
shehbaz shareef ki giraftari ka 2020 ka video haliya btaty hue viral,fake,rufnd_roman_urdu,roman_urdu
bhens ko goli marny ka pakistan ka purana video hindustan ky dawa ky sath viral,fake,rufnd_roman_urdu,roman_urdu
afghanistan mai roty huwe nazar arahy logon ky is video ka nhi hai haliya zalzaly sy koi taluq,fake,rufnd_roman_urdu,roman_urdu
agg mai jalty hiran ki purani tasver ko kia ja raha pakistan ky koh sulaiman ky paharon mai lgi agg ka btaty huwe viral,fake,rufnd_roman_urdu,roman_urdu
2018 ki tasweer ko kia jaraha haal mai damishq ky airport mai lgi agg btaty huwe viral,fake,rufnd_roman_urdu,roman_urdu
chinese city ky design ki photo ko kia jaraha damishq ka future ki picture btaty huwe viral,fake,rufnd_roman_urdu,roman_urdu
russia mai islam ko nhi dia gya hai official religion ka darja viral post gumrahkun hai,fake,rufnd_roman_urdu,roman_urdu
film ky set ky hissy ky tor par imarat par banners lgaye gaye thy,fake,rufnd_roman_urdu,roman_urdu
viral video mai wazeer e azam modi nhi kr rahy pakistan ky no-muntakhib wazeer e azam shehbaz shareef sy baat dawa gumrahkun hai,fake,rufnd_roman_urdu,roman_urdu
china mai huwe tyara hadsa ka nhi balky moscow ka ye viral video,fake,rufnd_roman_urdu,roman_urdu
peshawar dhamaka ky naam par viral hui tasver purani hai,fake,rufnd_roman_urdu,roman_urdu
jacob blake ki police ki firing ky baad kenosha mai government tony evers aur 2020 ky tashadud ky bary mai akhir mai madad anyy sy pehly hi janon ka ziya huwa,fake,rufnd_roman_urdu,roman_urdu
2019 mai pakistan pohanchi srilanka cricket team ki security ki tasver ko newzealand team sy jor kr kia ja raha hai viral,fake,rufnd_roman_urdu,roman_urdu
afghanistan safeer ki gaib hui beti ki nhi hai yeh viral tasweer,fake,rufnd_roman_urdu,roman_urdu
quran ky pages ki 2013 ki ye tasver haliya peshawar hamla ki btaty huwe viral,fake,rufnd_roman_urdu,roman_urdu
viral video kabul airport dhamaka ka nhi balky kazakhstan ka hai,fake,rufnd_roman_urdu,roman_urdu
kabul qabza ky baad taliban ny nhi di hindustan ko dhamki viral video purani hai,fake,rufnd_roman_urdu,roman_urdu
denmark mai muslim abadi sy vote deny ka haq chenany ka dawa krny wali post hai gumrahkun,fake,rufnd_roman_urdu,roman_urdu
pm modi ny pakistan ko ly ye bayan apny american dory mai nhi dia 2019 ka video gumrahkun hawaly sy viral,fake,rufnd_roman_urdu,roman_urdu
sarak par bike ky phisalny ka video mumbai ka nhi karachi ka hai,fake,rufnd_roman_urdu,roman_urdu
nupur sharma ko dhamki deny waly molana ko up nhi rajasthan police ny kia hai giraftar,fake,rufnd_roman_urdu,roman_urdu
pm modi aur abudhabi ky wali ehad ka 2019 ka video gumrahkun dawa ky sath huwa viral,fake,rufnd_roman_urdu,roman_urdu
yaseen malik ki biwi ky teen saal purany video ko ab kia gya viral,fake,rufnd_roman_urdu,roman_urdu
nainital mai musalmanon ki barhti hui abadi ky dawa ky sath tasver bangladesh ki hai,fake,rufnd_roman_urdu,roman_urdu
shan e muhammad mai nikali gai ralley ka yeh video saudiarab ka nhi balky 2019 ka yemen ka hai,fake,rufnd_roman_urdu,roman_urdu
karina ny film laal singh chaddha par nhi balky nepotism par dia tha ye bayan,fake,rufnd_roman_urdu,roman_urdu
odisha ky chandeshwar mandir aur ajmer dargah ki tasver gyanvapi masjid ky naam par viral,fake,rufnd_roman_urdu,roman_urdu
pm modi ki imran khan sy mulaqat ka 2015 ka video huwa khufia mulaqat ky farzi dawa ky sath viral,fake,rufnd_roman_urdu,roman_urdu
yogi adityanath ny nhi ki pathan film ky boycott ki appeal kai saal purana bayan galt dawa ky sath viral,fake,rufnd_roman_urdu,roman_urdu
karnatak highcourt ky baad mumbai high court ny nhi sunaya hijab mamla par koi faisla viral post gumrahkun hai,fake,rufnd_roman_urdu,roman_urdu
china ky godaam mai 2015 mai huwe dhamaka ki video ko kia ja raha ukraine ka btaty huwe share,fake,rufnd_roman_urdu,roman_urdu
ukraine ki purani tasver ko kia ja raha haliya tanaziya sy jorty huwe viral,fake,rufnd_roman_urdu,roman_urdu
viral video ka hijab muzahiry sy nhi hai koi taluq purana video gumrahkun dawa ky sath viral,fake,rufnd_roman_urdu,roman_urdu
bsp sarbarah mayawati ky barson purana video ab up elections mai viral,fake,rufnd_roman_urdu,roman_urdu
west bengal ky purany video ko uttarpardesh intekhabaat sy jorty huwe kia ja raha viral,fake,rufnd_roman_urdu,roman_urdu
july 2021 mai muzaffarnagar mai roki gai thi bjp ki intekhabi mohim ki gari video gumrahkun dawa ky sath viral,fake,rufnd_roman_urdu,roman_urdu
yemen ky sanaa mai haal mai huwe hamla ki nhi hai yeh tasver gaza ki purani photo viral,fake,rufnd_roman_urdu,roman_urdu
greta thunberg ko hazaf shuda tweet ky bary mai gumrahkun surkhiyon ky sath nishana bnaya gya,fake,rufnd_roman_urdu,roman_urdu
cm yogi aditya nath ki hand pump sy pani pety huwe tasver ky sath ki gai cher chaar viral post gumrahkun hai,fake,rufnd_roman_urdu,roman_urdu
farooq abdullah ka ye bhajan gany ka video dafa 370 ky mansukh hony sy pehly ka hai,fake,rufnd_roman_urdu,roman_urdu
is nujawan ki tasver nhi hai writers ki wahid photo of the year 2021 viral dawa gumrahkun hai,fake,rufnd_roman_urdu,roman_urdu
2013 ki ralley mai zakhmi huwe imran khan ka video huwa gumrahkun dawa ky sath viral,fake,rufnd_roman_urdu,roman_urdu
shaam mai 2014 mai zakhmi huwe bachy ki tasver ko palestine ki bta kr kia ja raha viral,fake,rufnd_roman_urdu,roman_urdu
bangladesh mai tashadud ki bta kr ki ja rahi hai west bengal ky skan mandir ki purani tasvir viral,fake,rufnd_roman_urdu,roman_urdu
chhattisgarh ky mazhabi jalus mai paish aye mamla ka nhi hai koi firqawarana angle gumrahkun post hui viral,fake,rufnd_roman_urdu,roman_urdu
dehli university mai huwe tulba tanzeemon ky darmiyan tasadum ki tasver kia ja raha gumrahkun dawa ky sath viral,fake,rufnd_roman_urdu,roman_urdu
helicopter crash ki ye tasver kashmir ky adhampur ki nhi balky 2017 ki hai,fake,rufnd_roman_urdu,roman_urdu
bihar ky muharram jalus ky video ko kia ja raha hai galt dawa ky sath viral,fake,rufnd_roman_urdu,roman_urdu
muzaffarnagar mahapanchayat ki nhi hai ye viral taswer purani photo galt dawa ky sath viral,fake,rufnd_roman_urdu,roman_urdu
greece ki photo ko algeria ki btaty huwe kia ja raha share,fake,rufnd_roman_urdu,roman_urdu
sardar vallabh bhai patel ki janib sy di gai dawat ki tasver nehru iftaar party ky naam sy viral,fake,rufnd_roman_urdu,roman_urdu
ranko singh ko ipl mai pehla moqa kings eleven punjab ny dia tha gumrahkun dawa viral,fake,rufnd_roman_urdu,roman_urdu
khawateen par tashadud ky purany video ko kia ja raha pakistan ky atty ky bohraan sy jorty huwe viral,fake,rufnd_roman_urdu,roman_urdu
aansu gas shell ki purani tasver ko kia ja raha zaman park sy jorty huwe viral,fake,rufnd_roman_urdu,roman_urdu
pakistan mai viral kia ja raha pm modi ka 2016 ka video pakistani hukmaranon par ki thi baat,fake,rufnd_roman_urdu,roman_urdu
asmaan mai nazar arahy hazron parindon ka ye video ukraine ky kaif ka nhi balky america ka hai,fake,rufnd_roman_urdu,roman_urdu
2017 mai siyahfam khaton par custody mai huwe hamla ky video ko kia ja raha gumrahkun dawa ky sath viral,fake,rufnd_roman_urdu,roman_urdu
thai small flight mai hindustaniyon ky darmiyan hui larai ky video ko pakistan ky leader ki pitai ka btaty huwe kia ja raha viral,fake,rufnd_roman_urdu,roman_urdu
islam qabool krty huwe nazar araha ye shakhs argentina ka goal keeper nhi hai,fake,rufnd_roman_urdu,roman_urdu
saudiarab ny nhi lgai masjid ky loud speakers par pabndi viral dawa gumrahkun hai,fake,rufnd_roman_urdu,roman_urdu
drone par nazar arahy is shakhs ka ye video fifa worldcup 2022 ka nhi hai,fake,rufnd_roman_urdu,roman_urdu
kalma parhny waly in logon ka video fifa worldcup 2022 ka nhi hai,fake,rufnd_roman_urdu,roman_urdu
purana video ho raha dehli mai aye zalzaly ky khatky ka btaty huwe viral,fake,rufnd_roman_urdu,roman_urdu
pakistani sahafi hamid mir ka ye video imran khan par huwe hamly sy pehly ka hai viral dawa gumrahkun hai,fake,rufnd_roman_urdu,roman_urdu
hospital mai chalty huwe nazar arahy imran khan ka ye video august 2021 ka hai,fake,rufnd_roman_urdu,roman_urdu
imran khan par huwe hamly ky baad ka nhi hai un ka ye video dawa gumrahkun hai,fake,rufnd_roman_urdu,roman_urdu
video mai iraq mai performance art dikhaya gya hai jis mai dikhaya gya hai keh kis trha yazeedi khawateen ko islamic state group ny farokht kia tha,fake,rufnd_roman_urdu,roman_urdu
apny aqeeda ki waja sy nhi balky ehtejaj ky doraan logon ny tory thy solar penal video gumrahkun dawa ky sath huwa mashriq e wusta sy viral,fake,rufnd_roman_urdu,roman_urdu
kashmir ky kupwara mai dukanon mai lgi agg ka nhi hai bhartiya foj sy koi taluq farzi post ho rahi viral,fake,rufnd_roman_urdu,roman_urdu
virat kohli ko award dy rahy shakhs rishi sonak nhi former cricketer ashish nehra hain,fake,rufnd_roman_urdu,roman_urdu
giraftari ki purani video gumrahkun tor par pakistani rehnuma ky dora saudiarab sy munsalik hai,fake,rufnd_roman_urdu,roman_urdu
amir khan ki ex wife kiran rao ki teen saal purani tasver current bta kr ki ja rahi share,fake,rufnd_roman_urdu,roman_urdu
gujarat ky businessman mahesh sewani har saal krty hain yateem larkiyon ki shadi viral post ka dawa gumrahkun hai,fake,rufnd_roman_urdu,roman_urdu
paltu kutty par huwe cheety ky hamla ka purana video huwa balakot ka btaty huwe gumrahkun dawa krty sath viral,fake,rufnd_roman_urdu,roman_urdu
irani muzahiren ny kia tha murtaza muthari ky mujasmy ko nazar e atish ayat ullah khaminai ka btaty huwe viral kia ja raha dawa gumrahkun hai,fake,rufnd_roman_urdu,roman_urdu
video game ka ak hissa huwa russian army par ukraine ka hamla btaty huwe viral,fake,rufnd_roman_urdu,roman_urdu
baramula mai huwe haliya encounter ki nhi hain ye tasavir gumrahkun hai dawa,fake,rufnd_roman_urdu,roman_urdu
tv drama ky ak hisy ko kia ja raha iran ka asal waqiya btaty huwe viral,fake,rufnd_roman_urdu,roman_urdu
guzishta roz sham ky samundar mai immigrants ki ship dubny ki nhi hai ye tasver 2016 ki photo gumrahkun hawaly sy viral,fake,rufnd_roman_urdu,roman_urdu
insanon ky chehry par rehny wali demodex nami makhluq ki nhi hai ye taswer dawa gumrahkun hai,fake,rufnd_roman_urdu,roman_urdu
2015 ki turkiye ki tasver ko kia ja raha halia shaami hadsa sy jor kr viral,fake,rufnd_roman_urdu,roman_urdu
china ki building mai lgi agg sy nhi hui 600 logon ki mot american sazish aur dunya ki chothi sab sy unchi building hony ka dawa bhi farzi hain,fake,rufnd_roman_urdu,roman_urdu
hakumat ny gas ki qeematon mai 75 fisad izafa nhi kia,fake,rufnd_roman_urdu,roman_urdu
viral video mai nazar arahy bazurg ka 109 saal ki umer mai ho chuka hzi inteqal,fake,rufnd_roman_urdu,roman_urdu
afganistan mai huwe haliya hamla ki nhi hai yeh taswir purani photo gumrahkun dawa ky sath ki ja rahi share,fake,rufnd_roman_urdu,roman_urdu
kashmir mai atishbazi ky purany video ko asia cup mai hindustan ki haar sy jor kr gumrahkun dawa ky sath kia ja raha share,fake,rufnd_roman_urdu,roman_urdu
2018 ky spain selab ky video ko kia ja raha karachi ka btaty huwe viral,fake,rufnd_roman_urdu,roman_urdu
streat light mai parhai krty bachy ki bajnor ki ye tasver egypt ky hawaly sy viral,fake,rufnd_roman_urdu,roman_urdu
garhy sy khaton ko nikalny ka video up ka nhi dehli ka hai,fake,rufnd_roman_urdu,roman_urdu
shikar krty huwe leopard ka uttrakhand ka ye video islamabad ky hawaly sy viral,fake,rufnd_roman_urdu,roman_urdu
afganistan selab mai huwe helicopter rescue ka video balochistan ky gumrahkun dawa ky sath viral,fake,rufnd_roman_urdu,roman_urdu
ghaziabad ky school ky video ko dehli sy jor kr galt dawa ky sath kia ja raha share,fake,rufnd_roman_urdu,roman_urdu
haal mai kabul masjid hamla ki nhi hai ye tasver 2019 ki photo gumrahkun haliya btaty huwe viral,fake,rufnd_roman_urdu,roman_urdu
amir khan ki press meet ki photo laal singh chadha film ki screening ki bta kr ho rahi viral,fake,rufnd_roman_urdu,roman_urdu
musanif salman rushdi abhi hain zeer e ilaj mot sy juri khabren farzi hain,fake,rufnd_roman_urdu,roman_urdu
2018 mai shaya huwe article ka screenshot imran khan ki haliya jeet ky baad huwa gumrahkun dawa ky sath viral,fake,rufnd_roman_urdu,roman_urdu
bangladesh mai dukanon mai lgi agg ki tasaver farzi firqawarana dawa ky sath ho rahi viral,fake,rufnd_roman_urdu,roman_urdu
stats department ny mardam shumari ky liye abhi koi online portal shuru nhi kia,fake,rufnd_roman_urdu,roman_urdu
afganistan mai huwe helicopter hadsa ky purany video ko pakistan ka bta kr kia ja raha viral,fake,rufnd_roman_urdu,roman_urdu
shadi ki taqreeb mai firing ky video ko madrisa ky naam par kia gya viral,fake,rufnd_roman_urdu,roman_urdu
sadar jamhuriya draupadi murmu ki nhi hai ye tasvir dawa gumrahkun hai,fake,rufnd_roman_urdu,roman_urdu
andhra pradesh ky purany video ko kia ja raha telangana ka halia rescue video btaty huwe viral,fake,rufnd_roman_urdu,roman_urdu
agahi ky maqasid sy bnaya gya scripted video firqawarana dawa ky sath kia ja raha share,fake,rufnd_roman_urdu,roman_urdu
billi ky sath bachi ki ye taswer haal mai bangladesh mai aye selab ki nhi balky barson purani hai,fake,rufnd_roman_urdu,roman_urdu
congress ki udypur chantan chivyer ki tasver ko gumrahkun dawa ky sath kia gya viral,fake,rufnd_roman_urdu,roman_urdu
viral tasweer mai nazar arahy shakhs nhi hain muskan khan ky walid gumrahkun post hui viral,fake,rufnd_roman_urdu,roman_urdu
saiyarah zehl saturn ki ye tasveer asal nhi balky digitally tayar ki gai hai,fake,rufnd_roman_urdu,roman_urdu
jammu o kashmir ky video ko pakistan ka bta kr kia ja raha hai viral,fake,rufnd_roman_urdu,roman_urdu
suit case mai bachi ky ighwa ka ye video asal nhi balky scripted hai,fake,rufnd_roman_urdu,roman_urdu
baraf mai lady bison ki america ki taswer pakistan ky gumrahkun dawa ky sath viral,fake,rufnd_roman_urdu,roman_urdu
kolkata police ky naam sy viral is urdu sign board ky sath kia ja raha dawa gumrahkun hai,fake,rufnd_roman_urdu,roman_urdu
imarat e sharia ky sadar mufti sohail ahmed qasmi ko maarny ki dhamki ka dawa gumrahkun hai,fake,rufnd_roman_urdu,roman_urdu
babri masjid ki tameer ko ly kr akhilesh yadav ny nhi kia koi tweet viral tweet farzi hai,fake,rufnd_roman_urdu,roman_urdu
zakir naik ko hindustan lany ka dawa farzi nikla,fake,rufnd_roman_urdu,roman_urdu
2020 ki makkah ki tasvir ko haal mai hony waly hajj ki tasweer samjhty huwe kia ja raha viral,fake,rufnd_roman_urdu,roman_urdu
manali ki purani tasver ko siyahon ki halia bheer ky naam par kia ja raha viral,fake,rufnd_roman_urdu,roman_urdu
himachal pradesh ky 2018 landsliding ky video ko kia ja raha haal hi ka bta kr viral,fake,rufnd_roman_urdu,roman_urdu
isro ky director ky ohdy par faiz nhi hui hain scientist khusho mirza viral post gumrahkun hai,fake,rufnd_roman_urdu,roman_urdu
takte toofan ky mumbai ky video ko kia ja raha gujarat ka bta kr share,fake,rufnd_roman_urdu,roman_urdu
yeh viral video lakhnow ka nhi hai,fake,rufnd_roman_urdu,roman_urdu
saudiarab sy aye oxygen tanker ka nhi hai ye video gumrahkun post social media par viral,fake,rufnd_roman_urdu,roman_urdu
hazur ﷺ ky rozah mubarik ky naam sy viral ki jari tasver madina ky aajaib ghar mai mojud model ki hai,fake,rufnd_roman_urdu,roman_urdu
bagair mask pehny huwe logon ko police van mai dalny ka ye video madhiya pradesh ka hai,fake,rufnd_roman_urdu,roman_urdu
rajasthan ky wazeer e aala ashok gehlot ky purany video ko haal ka bta kr kia ja raha hai viral,fake,rufnd_roman_urdu,roman_urdu
bihar mai huwe bus hadsa mai bsf jawanon ki nhi hui mot gumrahkun dawa ho raha viral,fake,rufnd_roman_urdu,roman_urdu
tezpur litchon ko gi tag 2015 mai mila haal hi mai nhi gumrah kun post ho rahi viral,fake,rufnd_roman_urdu,roman_urdu
chandrasekhar rawan aur vinay dube ky mazhab ko ly kr phelaye ja rahy viral post ka dawa farzi hai,fake,rufnd_roman_urdu,roman_urdu
"jab tarqeen e watan martha ky vineyard par pohanchy, unhon ny national guard ko bulaya aur 24 hours ky andar unhen mulk badar kr dia",fake,rufnd_roman_urdu,roman_urdu
ak tasweer mai jeffrey epstein ko char larkon ky sath sahil samundar par dikhaya gya hai,fake,rufnd_roman_urdu,roman_urdu
video mai muzahireen ky zarye HAARP tabah hota dikhata hai,fake,rufnd_roman_urdu,roman_urdu
bud light ky transgender social media par asar andaz krny waly delin malwani ky sath shirakat ky baad Anheuser Busch ky CEO ny istefa dy dia,fake,rufnd_roman_urdu,roman_urdu
american public school azadi ka ilan nhi parhaty,fake,rufnd_roman_urdu,roman_urdu
dr anthony fauci ky retire hony k baad sy ab tak koi nai corona virus mukhtalif halteen nhi hain,fake,rufnd_roman_urdu,roman_urdu
"report sabit krti hai keh 2022 mai corona virus ki vaccine 300,000 izafi amwat ka sabab bni",fake,rufnd_roman_urdu,roman_urdu
sadar trump sarkari tor par siyasi qedi hain,fake,rufnd_roman_urdu,roman_urdu
ak video mai dikhaya gya hai keh sadar joe biden larki jesa libas pehny choty larky ky sath hawai jahaz sy utar rahy hain,fake,rufnd_roman_urdu,roman_urdu
video clip sy pta chalta hai keh tennesse mai muzahireen ny riasat captal floor par apna rasta bnaya,fake,rufnd_roman_urdu,roman_urdu
FedNow program ki kagzi currency ko tabdeel krny ja raha hai,fake,rufnd_roman_urdu,roman_urdu
trump ky waqeel ki traf sy apny moaqal ki begunahi sabit krny k baad pelosi ak bachy ki trha roti hai,fake,rufnd_roman_urdu,roman_urdu
brittney griner ki herankun nazarbandi ki tasweer online leak hogain,fake,rufnd_roman_urdu,roman_urdu
solar companies ko bagair kisi khalis lagat ky solar panel dyna hongy,fake,rufnd_roman_urdu,roman_urdu
DO black credit card logon ki zindagiyon ko control krny ki hukumati sazish ka hissa hai,fake,rufnd_roman_urdu,roman_urdu
video mai dikhaya gya hai keh sadar joe biden hawai adon ky bary mai mustehkam jesus ny kaha,fake,rufnd_roman_urdu,roman_urdu
"nishan pakry huwe shakhs ki tasveer mai shooter ko dikahya hai jisny nish will,tennesse ky ak school mai chey afrad ko halak kr dia hai",fake,rufnd_roman_urdu,roman_urdu
tasaweer north carolina ky sahil e samundar par ak azeem safaid shark ko dikhati hain,fake,rufnd_roman_urdu,roman_urdu
video china mai zombie virus phelny ko zahir krti hai,fake,rufnd_roman_urdu,roman_urdu
mosmiyati tabdeli corporations ki waja sy life mai tabdeeli ky patent ka istemal krti hai,fake,rufnd_roman_urdu,roman_urdu
taasweer dikhati hain keh putin ko giraftar kr lia gya hai,fake,rufnd_roman_urdu,roman_urdu
"ham jins paraston ki dating app grinder ka kehna hai keh agar florida ham jins paraston aur transphobic qawanen ko manzur krna band nhi krta hai, to wo har us republican qanun saz aur party ohdedar ko zahir kren gy jo khufiya tor par app istemal krty hain",fake,rufnd_roman_urdu,roman_urdu
congress ny bazabta tor par tiktok par pabandi lga di hai,fake,rufnd_roman_urdu,roman_urdu
trump ny abhi stormy daniels ka ak bombshell khaat share hai jis mai DA brage ky case ko debunk gya hai,fake,rufnd_roman_urdu,roman_urdu
"is hafty japan mai ak aala robotics company mai, foji applications ky liye tayar kiye jany waly char robot ny lab mai 29 insanon ko halak kr dia",fake,rufnd_roman_urdu,roman_urdu
new delhi vishwas news reserve bank of india ky rbi ky 2000 rupee ky notes ko gardish sy wapis leny ky faisly ky baad social media users ye dawa kr rahy hain keh logon ko ab ak note bharna pary ga,fake,rufnd_roman_urdu,roman_urdu
delhi ky wazeer e taleem atishi ka mcd school ka moaina krty huwe video ko gumrahkun dawa ky sath share kia ja raha hai,fake,rufnd_roman_urdu,roman_urdu
bihar ky wuzra ka taleem sy mutaliq viral paigham gumrahkun,fake,rufnd_roman_urdu,roman_urdu
new delhi vishwas news bhojpuri actress akanksha dubey ki mot ky baad sy jo varanasi ky ak hotel mai murda pai gai thin un ky kai videos social media par viral ho rahy hain,fake,rufnd_roman_urdu,roman_urdu
sehat ki dekh bhal ki khidmaat par panch fisad service tax ky bary mai viral khaat 2011 ka hai,fake,rufnd_roman_urdu,roman_urdu
khatut gumrahkun tor par saudiarab ki aalmi rehnumaon ky istaqbal ki taqreebat ka moazna krti hain,fake,rufnd_roman_urdu,roman_urdu
kaan ky dard aur sar dard ko kaam krny ky liye lehsan ka istemal na kren viral post gumrahkun hai,fake,rufnd_roman_urdu,roman_urdu
covid xbb variant par viral post gumrahkun hai,fake,rufnd_roman_urdu,roman_urdu
hath ki warzish ka muzahira krny wala shakhs batra hospital sy dr bajaj nhi hai viral video misleading hai,fake,rufnd_roman_urdu,roman_urdu
sans leny ka ye test lungs health ya oxygen level ki paimaish nhi krta viral video gumrah kun hai,fake,rufnd_roman_urdu,roman_urdu
viral post mai galt istemal ki gai tasver yeh sabit nhi krti hai keh monkey pox ak dhokha hai viral post gumrahkun hai,fake,rufnd_roman_urdu,roman_urdu
sar dard ky liye almond spray sy behtr kaam krny ka dawa krna misleading hai,fake,rufnd_roman_urdu,roman_urdu
lehsan kaan ky infection ka ilaj hai sar dard gumrahkun hai mahireen ny viral hony waly dawy ko mustarid kr dia,fake,rufnd_roman_urdu,roman_urdu
covid 19 ky ilaj ky liye doctors ki traf sy counter ky bagair khud medicines recommend nhi ki jati hain viral post misleading hai,fake,rufnd_roman_urdu,roman_urdu
siddharth shukla ky akhri lamhaat ky tor par share ki gai seerhiyon sy girny waly aadmi ki purani aur ghair mutaliqa video,fake,rufnd_roman_urdu,roman_urdu
makhan ky istemal sy ankhon ki bimariyan thik hony ka dawa krny wali post gumrahkun hai,fake,rufnd_roman_urdu,roman_urdu
aluminum foil mai paka huwa khana khany ka dawa krny ky baad alzheimer ki bemari gumrahkun hai,fake,rufnd_roman_urdu,roman_urdu
viral post mai dikhaya gya x-ray sehat ki halat hai aam chota bacha scan nhi hai,fake,rufnd_roman_urdu,roman_urdu
apple seeds mai cyanide hota hai lekin ye itna zeharila nhi hota keh kisi shakhs ko maar skta hai viral post gumrahkun hai,fake,rufnd_roman_urdu,roman_urdu
china ny dhamki di hai keh agar nancy pelosi ny taiwan ka dora to un ky tyary ko maar giraye ga,fake,rufnd_roman_urdu,roman_urdu
maricopa county ki taraf sy faraham krda qalam arizona primary mai dhandli ki sazish ka hissa hain,fake,rufnd_roman_urdu,roman_urdu
behar e oqkianus ny biden ki manfi taraqi ki maeeshat ki khamosh juraat ky unwan sy ak kahani shaya ki,fake,rufnd_roman_urdu,roman_urdu
abigail spinberger police groups ko defend krny sy hazaron ki tadad mai jama ho rahi hai kyun keh wo police ko defend krny ki himayat krti hai,fake,rufnd_roman_urdu,roman_urdu
ap electric car ki battery sy sholon par pani nhi daal skty kyun keh pani lithium ko jala deta hai,fake,rufnd_roman_urdu,roman_urdu
janty hain keh wo hamesha alzheimers ky mareezon mai paty hain? Dimag mai zarorat sy zyada aluminum janen keh ap ky jisam mai aluminum ka zakhera hota hai? Floride,fake,rufnd_roman_urdu,roman_urdu
cancer ka ilaj jisy rife machine kaha jata hai 1934 mai daryaft huwa,fake,rufnd_roman_urdu,roman_urdu
bachon ki gajren bleach mai bhigo di jati hain aur cancer ka sabab ban skti hain,fake,rufnd_roman_urdu,roman_urdu
shadeed garmi ky liye apny july ky red alert mai uk met office ny khabardar keh zyada darjah hararat khoon ky jamny ka sabab ban skta hai,fake,rufnd_roman_urdu,roman_urdu
"ak jackson, tennessee, mulazim ajj subh fentanyl ky sath dollar ky bill ko sambhalny sy inteqal kr gya",fake,rufnd_roman_urdu,roman_urdu
monkeypox ki vaccine taqseem ki gai hai aur usy pfizer sird un mumalik mai gardish kr raha hai jahan technocrate great reset ko agy barhany ky liye istemal ja raha hai,fake,rufnd_roman_urdu,roman_urdu
hospital ki janib sy mulazmeen ky liye chothi corona virus vaccine lazmi qarar deny ky baad ak hi hospital ky teen doctor ak hi hafty mai achanak maar gaye,fake,rufnd_roman_urdu,roman_urdu
doctor brix ny corona virus vaccines ky bary mai dhun tabdel ki hai aur tasleem hai keh vaccine kam nhi krti hain,fake,rufnd_roman_urdu,roman_urdu
canada mai puri banking system band ho raha hai,fake,rufnd_roman_urdu,roman_urdu
west texas aur south east maxico ky ak choty ilaqy mai agly 200 saloon tak america ko endhan deny ky liye kafi oil mojud hai,fake,rufnd_roman_urdu,roman_urdu
behar e oqkianus mai plankton 90 fesad khatam ho chuka hai,fake,rufnd_roman_urdu,roman_urdu
germany ky climate maps media ko climate change ky mubalgha ameez asrat dikhaty hain,fake,rufnd_roman_urdu,roman_urdu
white house ab lafz kasaad bazari ki tareef badal kr joe biden ko bachany ki koshish kr raha hai,fake,rufnd_roman_urdu,roman_urdu
Val Demings ny police ko khatam krny ko socha samjha,fake,rufnd_roman_urdu,roman_urdu
netflix ky 30 mint dekhny sy paida hony wala ikhraj taqreeban 4 mile drive krny ky brabar hai,fake,rufnd_roman_urdu,roman_urdu
scene: Joe Manchin and AARP Medicare sy raqam ko ghair mutaliqa sarqari programon ya beema kunindgan ky munafa ko paid krny ki traf morny ky liye hukumati qeematon ky tayuun ki schemes ki himayat krty hain,fake,rufnd_roman_urdu,roman_urdu
agar zameen par mojud har fard sirf recycle kry plastic ky tinky ka istemal band kr dy aur electric car chala dy to 100 coorporations ab bhi kal global emissions ka 70 fisad paida kren gi,fake,rufnd_roman_urdu,roman_urdu
jill biden ny shandar dakhla leny ky baad sadar joe biden ka corona virus ka musbat tajurbah,fake,rufnd_roman_urdu,roman_urdu
new york times ny ak qadamat pasand karkun ky super diarrhea ky bary mai report,fake,rufnd_roman_urdu,roman_urdu
sadar joe biden samet democrates ny oil ki gharelu khudai band kr di jis sy petrol ki qeematen barh gain,fake,rufnd_roman_urdu,roman_urdu
tennessee ki adalat ka hukam hai keh tax dahindgan ki mali aaanat sy chalny waly idary asy nishanaat lga skty hain jin par likha huwa keh yahudiyon ki ijazat nhi,fake,rufnd_roman_urdu,roman_urdu
green wood park mall mai banduq bardar CIA ka asasa tha,fake,rufnd_roman_urdu,roman_urdu
texas ky ak kisan ko joe biden hony ka bahana kr ky ghair qanuni illegal ko muft mazduri ky liye istemal krny par giraftar gya tha,fake,rufnd_roman_urdu,roman_urdu
video mai dikhaya gya hai keh joe biden saudia arab mai hony wali arab conference mai so rahy hain,fake,rufnd_roman_urdu,roman_urdu
ak tasvir mai numainda Marjorie Taylor Greene ko ak saleeb ky samny dikhaya gya hai jis par sabiq sadar donald trump ka mujasma hai,fake,rufnd_roman_urdu,roman_urdu
"donald trump ny 18 july 2022 ko prescott valley, arizona mai ak taqreer ki",fake,rufnd_roman_urdu,roman_urdu
ukraine ky sadar volodymyr Zelensky mahana 11 million dollar kamaty hain aur unki majmui maliyat 596 million dollar hai,fake,rufnd_roman_urdu,roman_urdu
numainda Alexandria Ocasio-Cortez Supreme Court ky bahar isqat e hamal ky haquq ky ehtejaj ky doran giraftar hony ka jali kr raha tha,fake,rufnd_roman_urdu,roman_urdu
plymouth rock ki tasveer sy sabit hota hai keh sea level nhi barh rahi hai,fake,rufnd_roman_urdu,roman_urdu
meri mukhalfat Cindy Axon ny faaal tor par police ko defend krny ki koshish ki hai,fake,rufnd_roman_urdu,roman_urdu
Benadryl ko sanp ky katny sy sojan ko kaam krny ky liye istemal ja skta hai,fake,rufnd_roman_urdu,roman_urdu
6 january 2021 ko antifa pehly sy hi capital ky andar floor plans ky sath trump ky hamiyon ky tor par malbus thi jis ny yeh sabit keh hamlah 100% setup tha,fake,rufnd_roman_urdu,roman_urdu
taswir mai ak khatoon ko dikhaya gya hai jo ak nurse ki naqali krny aur moqami american hospital sy ak sheerkhawar bachy ko aghwa krny ky ilzam mai matlub hain,fake,rufnd_roman_urdu,roman_urdu
jim jordan ny Alexandria Ocasio-Cortez sy kaha ap sirf gungy hain,fake,rufnd_roman_urdu,roman_urdu
video mai dikhaya gya hai keh ukrainei air defense ny severodonetsk mai 55 ka 52 helicopter ko mar giraya,fake,rufnd_roman_urdu,roman_urdu
antarctica koi bar e azam nhi hai,fake,rufnd_roman_urdu,roman_urdu
video mai donald trump ko 13 july 2022 ko alabama ki rally mai dikhaya gya tha,fake,rufnd_roman_urdu,roman_urdu
biden ny eteraf keh $5 gas jan bujh kr ki ja rahi hai aur yeh is ka mansuba raha hai,fake,rufnd_roman_urdu,roman_urdu
r kelly jail ki security ki tasdeeq ky baad laapata hai keh wo sahulat ky neechy sy farar hogya hai,fake,rufnd_roman_urdu,roman_urdu
kfc un sarifeen ko chicken bucket voucher dy raha hai jo 20 july sy pehly facebook post share krty hain,fake,rufnd_roman_urdu,roman_urdu
agar ak 10 sala bachi ismatdari ky natejy mai hamla hogai aur is sy us ki jaan ko khatra ho to yeh isqat e hamal nhi hai,fake,rufnd_roman_urdu,roman_urdu
ak taswir mai dikhaya gya hai keh trump train mai sawar sabhi truck ak pal sy takra gya,fake,rufnd_roman_urdu,roman_urdu
video mai dikhaya gya hai keh biden mahinon ky fasly par wohi ayen taqreer krty hain,fake,rufnd_roman_urdu,roman_urdu
actor tom holland ki moat ki tasdeeq hogai,fake,rufnd_roman_urdu,roman_urdu
atlanta ky Aeropuerto D19 mai Vicuna ky khilaf pilot ehtejaj kr rahy hain,fake,rufnd_roman_urdu,roman_urdu
kevin mccarthy ny kaha keh nancy pelosi par muqadma chalaya jana chahiye aur jail jana chahiye,fake,rufnd_roman_urdu,roman_urdu
bengal mai baap ki beti sy shadi ki khabar 2007 ki hai gumrahkun dawy ky sath share ki gai,fake,rufnd_roman_urdu,roman_urdu
nhi ye mva ralley ka nhi balky maratha kranti morcha ka video hai,fake,rufnd_roman_urdu,roman_urdu
viral post mai nujawan khaton congress leader sonia gandhi nhi balky hollywood actress reese witherspoon hain,fake,rufnd_roman_urdu,roman_urdu
ganpati ky jalus ky doran logon ko bijli ka current lgny ka viral video purana hai haliya nhi,fake,rufnd_roman_urdu,roman_urdu
ganesh ki moorti par sanp aur chuhon ky ghomny ki viral video purani hai naagpur ki nhi,fake,rufnd_roman_urdu,roman_urdu
viral nayab tasweren shegaon ky sanat gajanan maharaj ki nhi hain,fake,rufnd_roman_urdu,roman_urdu
footpath girny sy farar hony waly shakhs ka viral video andhra pradesh ka hain chennai ka nhi,fake,rufnd_roman_urdu,roman_urdu
rawatwadi waterfall ky waqiye ka video kerala ky tor par viral ho raha hai,fake,rufnd_roman_urdu,roman_urdu
eknath shinde airport par nashy mai nhi thy viral dawa jhuta hai,fake,rufnd_roman_urdu,roman_urdu
wai maharashtra ki nandi murti varanasi ky tor par share ki ja rahi hai,fake,rufnd_roman_urdu,roman_urdu
shahrukh khan ky los angeles airport par hirasat mai liye jany ki purani khabren haliya ky tor par share ki ja rahi hain,fake,rufnd_roman_urdu,roman_urdu
mainpuri mai banduq ky sath pakri gai larki ki video jhuty dawy ky sath viral hui hai,fake,rufnd_roman_urdu,roman_urdu
madhya pradesh ki purani video jali dawy ky sath viral,fake,rufnd_roman_urdu,roman_urdu
rajasthan mai qatal ka video jali firqawarana spin ky sath share kia gya,fake,rufnd_roman_urdu,roman_urdu
tamilnado ky tulba ny dunya ka sab sy chota satellite bnany ka dawa krny wali post haliya nhi hai dawa gumrahkun hai,fake,rufnd_roman_urdu,roman_urdu
ye haqeeqi zindagi ka waqiya nhi hai log gumrahkun dawy ky sath script wali videos share kr rahy hain,fake,rufnd_roman_urdu,roman_urdu
gauhati High Court ny assam mai madaris ko mukamal tor par band krny ka faisla nhi dia gumrahkun post viral,fake,rufnd_roman_urdu,roman_urdu
haqaiq ki janch partal baraf sy bachai gai ak larki ki video jo dawa krti hai keh wo murree pakistan sy hai poonch bharat ki hai,fake,rufnd_roman_urdu,roman_urdu
assam public service commission sy assami zuban ko nhi hathaya gya viral post gumrahkun hai,fake,rufnd_roman_urdu,roman_urdu
bhaskarvada ko assam mai sarkari calender ky tor par istemal nhi kia jaye ga lekin sarkari calender ky aik hissy ky tor par viral posts gumrahkun hain,fake,rufnd_roman_urdu,roman_urdu
post ka dawa krny waly assam ky pujariyon ko 15000 rupee mahana wazifa mily ga gumrahkun hai,fake,rufnd_roman_urdu,roman_urdu
china mai selab ki purani tasver haliya hony ka dawa krty huwe viral ho rahi hai,fake,rufnd_roman_urdu,roman_urdu
west bengal ki purani tasveren assam police ki barbariyat ky tor par jhuti tor par share ki gain,fake,rufnd_roman_urdu,roman_urdu
hindu khuda hanuman ka purana mujasma as an american god viral,fake,rufnd_roman_urdu,roman_urdu
madhya pradesh mai tulba ky liye 9th sy 12th classes ky imtehanaat mansukh kiye gaye dusri riyaston ky liye nhi,fake,rufnd_roman_urdu,roman_urdu
good morning paighamaat ka dawa krny wala post krna private information ko hack kr skta hai gumrahkun hai cyber security expert online ap ki raazdari ki hifazat ky liye iqdamaat ka isteraak krta hai,fake,rufnd_roman_urdu,roman_urdu
pakistan ky northern city sialkot mai football ki kam az kam 1000 factories hain jin mai taqreeban 60000 afrad kaam krty hain,real,rufnd_roman_urdu,roman_urdu
bajor dhamakah: baity ki maiyat dekhi to chekhi nhi lekin tangon ny kaam chor dia,real,rufnd_roman_urdu,roman_urdu
"jaranwala mai quran ki mubayina behurmati ky khilaf pur tashadud ehtejaj main mutaadid girja ghar nazar e atish, rangers talab",real,rufnd_roman_urdu,roman_urdu
"pakistan mai 15 roz mai petrol 37, diesel 40 rupees mehnga: wajah aalmi mandi mai qeematon mai izafah hai ya kuch aur",real,rufnd_roman_urdu,roman_urdu
britain mai 10 sala pakistani bachi ka qatal: teen mushtabah afrad ki international level par talash jari,real,rufnd_roman_urdu,roman_urdu
cricket ki history par PCB ki video sy imran khan gaib: kya ap khel ko bhi munqasim krna chahty hain,real,rufnd_roman_urdu,roman_urdu
general elections ky moqa par security khadshaat: kya pakistan mai puraman election ka ineqad yaqeeni ho paye ga,real,rufnd_roman_urdu,roman_urdu
tim southee ny pakistan ky khilaf pehly match mai pakistan ky haris sohail ko out kr ky apni 300th test wicket hasil ki,real,rufnd_roman_urdu,roman_urdu
green pakistan mansuba kya hai aur is mai foj ko aham zimedariyan kyun sonpi gaiyn,real,rufnd_roman_urdu,roman_urdu
battagram chairlift mai phansy bachon ko hifazati jackets pehnany ki video samny aagai,real,rufnd_roman_urdu,roman_urdu
sarfarz nawaz ki nigran wazeer e azam sy cricket board ky mamlat mai mudakhlat ki darkhawast,real,rufnd_roman_urdu,roman_urdu
supreme court: wakeel qatal case mai imran khan ko giraftar nah krny ka hukam barqarar,real,rufnd_roman_urdu,roman_urdu
afganistan ke khilaf dusra one day match mickey arthur ny team ko join kr lia,real,rufnd_roman_urdu,roman_urdu
wagner group ky sarbarah ki moat ky peechy putin ka haath ho skta hai: joe biden,real,rufnd_roman_urdu,roman_urdu
asian volleyball championship: pakistan ko dusry group match mai korea ny shikast dydi,real,rufnd_roman_urdu,roman_urdu
"riyaz: umrah sy wapis jane waly khandan ko traffic hadsah, 4 bachy aur baap jaanbahaq",real,rufnd_roman_urdu,roman_urdu
harsha bhogle ny worldcup sy qabl tamam teams ko pakistan ky kin 3 bowlers sy khabardar kia,real,rufnd_roman_urdu,roman_urdu
Priyanka or Ameesha par tazheek ameez tabsary sarfeen ny nadir ali par pabandi ka mutalba kr dia,real,rufnd_roman_urdu,roman_urdu
saneha jaranwala: police ny markazi mulziman ky mohalydar ko giraftar kr lia,real,rufnd_roman_urdu,roman_urdu
sham hui to ham sy kaha gya jo ho sky ap kr lyn battagaram waqiya ky hero sahib khan ki guftagu,real,rufnd_roman_urdu,roman_urdu
shehbaz shareef ny shaheen haris aur naseem ko duniya ka behtreen bowling attack qarar dy dia,real,rufnd_roman_urdu,roman_urdu
tosha khana case: khawaja haris chairman PTI ki qanuni team sy alg ho gaye,real,rufnd_roman_urdu,roman_urdu
sindh hakumat sy grant leny waly sehat ku idaron ko audit krwany ka hukam,real,rufnd_roman_urdu,roman_urdu
IPC ky khat ky baad PCB mai tabdeliyon ki baazghasht,real,rufnd_roman_urdu,roman_urdu
australia ki big bash league ky liye namzadgiyan pakistani crickter bhi shamil,real,rufnd_roman_urdu,roman_urdu
chief justice pakistan ko chairman PTI sy kitna lgao hai nazar agya: atta tarar,real,rufnd_roman_urdu,roman_urdu
"thatta: jhark ky qareeb truck aur van mai tasadum, 7 afrad jaan bahaq",real,rufnd_roman_urdu,roman_urdu
election commission sadar ki di hui tareekh par election krwany ka paband hai: musadiq malik,real,rufnd_roman_urdu,roman_urdu
rawalpindi aur islamabad mai musladhar barish rain emergency nafiz,real,rufnd_roman_urdu,roman_urdu
peshawar BRT mansuby ko teen saal mukamal hony ky bawajud musafir sahuliyat sy mehrum,real,rufnd_roman_urdu,roman_urdu
fatima halakat case: markazi mulzim asad shah ka mureedon sy khufia mulaqaton ka inkeshaf,real,rufnd_roman_urdu,roman_urdu
battagram mai bachon ko bachany waly hero sahib khan ka hukumat sy mulazmat deny ka mutalbah,real,rufnd_roman_urdu,roman_urdu
"pakistan ka wo gaon jahan har koi doctor, teacher ya aala ohdy par faaiz hai",real,rufnd_roman_urdu,roman_urdu
caribbean premier league mai salman irshad aur muhammad amir ki tabahkun bowling,real,rufnd_roman_urdu,roman_urdu
kya cipher case chairman PTI ke kilaf tosha khana sy zyada sangeen sabit ho skta hai,real,rufnd_roman_urdu,roman_urdu
medicines ki prices mai izafa nhi kia: drape ny wazahat jari kr di,real,rufnd_roman_urdu,roman_urdu
islamabad: school mai 6 sala bachy sy sathi talibilm ki mubayina ziyadati,real,rufnd_roman_urdu,roman_urdu
idaary mai 600 arab rupees tak ki corruption hoti hai: chairman FBR ka inkeshaf,real,rufnd_roman_urdu,roman_urdu
social media par musalsal trolling sy zehni sehat mutasir hoti hai: adakaar rehman ali,real,rufnd_roman_urdu,roman_urdu
election date ky liye chief election commissioner shaid sadar sy mulaqat na kren,real,rufnd_roman_urdu,roman_urdu
"pakistani airlines ki european countries mai bahali ky liye koshishen, team brussels pohnch gai",real,rufnd_roman_urdu,roman_urdu
karachi ky ilaqy maghupir mai baap ny ghairat ky naam par baiti ko qatal kr ky laash dafna di,real,rufnd_roman_urdu,roman_urdu
ghotki: pasand ki shadi par jirgy ny larky ki bhateeji wani krny ka faisla suna dia,real,rufnd_roman_urdu,roman_urdu
bharat sy darya e satluj mai chory janewaly selabi raylon ny tabahi macha di,real,rufnd_roman_urdu,roman_urdu
tosha khana case mai imran khan ki appeal par samaat: election commission ky wakeel ajj dalaiyl dyn gy,real,rufnd_roman_urdu,roman_urdu
khyber pakhtunkhwa ki nigran kabeenah ky 9 ministers ko mehkamy allot kr diye gaye,real,rufnd_roman_urdu,roman_urdu
mulk mai insani jaan bachany wali mutadid adviyat ki qeematon mai bhi hoshruba izafa,real,rufnd_roman_urdu,roman_urdu
balochistan ki abadi mai kami ka mamla highcourt mai challenge,real,rufnd_roman_urdu,roman_urdu
"battagram chairlift waqiya, wazeer e azam ny imdadi kamon mai shamil foji o maqami afrad ko mulaqat ky liye bula lia",real,rufnd_roman_urdu,roman_urdu
murtaza bhutto qatal case ky mulziman ki bariyat ke khilaf appeal 13 saal baad samaat ky liye muqarar,real,rufnd_roman_urdu,roman_urdu
sahafi ko supreme court samiyt tamam idaron sy malumat leny ka haq hai: justice faiz isa,real,rufnd_roman_urdu,roman_urdu
bhakar: talbaat ko hirasan krny waly mulziman tahaal qanoon ki girift sy bahir,real,rufnd_roman_urdu,roman_urdu
rawalkot mai shehriyon ny mehngi bijli ke khilaf ehtejajan 30 hazar sy zaaid bill jala diye,real,rufnd_roman_urdu,roman_urdu
pakistani talib ilm ny america mai animation ka aalmi muqabla jeet lia,real,rufnd_roman_urdu,roman_urdu
nokri nhi to samaan faraham kr dyn takeh logon ki janen bacha sken: sahib khan,real,rufnd_roman_urdu,roman_urdu
"supreme court, wakeel qatal case mai imran khan ki namzadgi kekhilaf samaat krny wala bench tabdeel",real,rufnd_roman_urdu,roman_urdu
"dehshatgardon, unky sahulatkaron aur uksanywalon ko nhi chora jaye ga: army chief",real,rufnd_roman_urdu,roman_urdu
"jinnah house hamla case, adalat ny imran khan ko giraftar krny ki ijazat dy di",real,rufnd_roman_urdu,roman_urdu
tosha khana sy alqadir trust tak corruption mai mulavis shakhs ko bachany ky liye chief justice sargarm hain: nawaz shareef,real,rufnd_roman_urdu,roman_urdu
imran khan ny britian lawyer ko apna case global institutions mai uthany ki hidayat kr di,real,rufnd_roman_urdu,roman_urdu
sadar e mumlikat ny general elections ki date ky liye chief election commissioner ko talab kr lia,real,rufnd_roman_urdu,roman_urdu
imran khan ki bushra bibi sy shadi ki khawahish par heeran tha magar kuch keh na ska: aun chaudary,real,rufnd_roman_urdu,roman_urdu
zindagi ki umeed khatam ho gai thi dolli mai mojud gulfaraz ny geo sy guftagu mai qissa bayan kr dia,real,rufnd_roman_urdu,roman_urdu
chief justice ka chairman PTI ki waqalat krna imran khan ko acha nhi bna skta: maryam,real,rufnd_roman_urdu,roman_urdu
battagram waqiya: chairlift ka malik aur operator giraftar,real,rufnd_roman_urdu,roman_urdu
"imran khan ki appeal par samaat: tosha khana case mai trial court ka hukam darust nhi, chief justice",real,rufnd_roman_urdu,roman_urdu
"hassas idary aur police ki lyari mai karwai, bharti jasus samyt pakistani sahulatkar giraftar",real,rufnd_roman_urdu,roman_urdu
wazeer e dakhla sindh ny ghotki ky rehaishi ki social media video par notice ly lia,real,rufnd_roman_urdu,roman_urdu
"parveez aur monas ilahi ky khilaf nab report mai corruption, ghaplon aur kick backs ky ilzamaat",real,rufnd_roman_urdu,roman_urdu
rizwana tashadud case: civil judge asim hafeez ko nokri sy barkhast krnyki darkhwast samaat ky liye manzur,real,rufnd_roman_urdu,roman_urdu
"saudi sheher riyaz jany wali parwaz mai emergency, kuwait city wapis utar lia gya",real,rufnd_roman_urdu,roman_urdu
lakki marwat mai do groups mai firing sy 4 afrad jan bahaq,real,rufnd_roman_urdu,roman_urdu
commissioner office pindi mai ijlas ky liye anywaly district election commissioner ka mobile chori,real,rufnd_roman_urdu,roman_urdu
taliban ny university scholarship ky liye dubai janywali 100 afghan talibat ko rok lia,real,rufnd_roman_urdu,roman_urdu
bricks sarbarahi ijlas ka itehad ka daira barhany par itefaq,real,rufnd_roman_urdu,roman_urdu
moscow: taiyara hadsy mai wagens group ky sarbarah samet 10 afrad halak,real,rufnd_roman_urdu,roman_urdu
saudia sy tohfy mai mili ghari farokht krny par sabiq brazilian sadar ki giraftari ka imkan,real,rufnd_roman_urdu,roman_urdu
bharat : railway ka zair e tamir pul girny sy 17 mazdur halak,real,rufnd_roman_urdu,roman_urdu
"mexico mai trailer aur bus mai tasadum sy 16 afrad halak, 30 zakhmi",real,rufnd_roman_urdu,roman_urdu
video: makkah mai taiz barish aur clock tower par bijli girny ka manzar,real,rufnd_roman_urdu,roman_urdu
"ukraine ky russia ky 2 shehron par drone hamly, 3 afrad halaak",real,rufnd_roman_urdu,roman_urdu
"tashadud, intehapasndi, aur andhi januniyat ky liye mazhab ka istemal band kia jaye: pope francis",real,rufnd_roman_urdu,roman_urdu
samundri tufan herald american state texas ky janubi sahilon sy takra gya,real,rufnd_roman_urdu,roman_urdu
"greece ky janglaat mai agg lgny sy 20 afrad halaak, kai makanaat aur gariyan jal gain",real,rufnd_roman_urdu,roman_urdu
african union ny foji takeover ky bais niger ki membership moatal kr di,real,rufnd_roman_urdu,roman_urdu
thailand ky sabiq wazeer e azam jillawatni khatam kr ky watan wapsi par giraftar jail muntaqil kr dia gya,real,rufnd_roman_urdu,roman_urdu
america: donald trump ko qatal ki dhamkiyan deny wali khatoon giraftar,real,rufnd_roman_urdu,roman_urdu
iran ny muqami tor par bnaye gaye jadeed drone muhajir 10 ki runamai kr di,real,rufnd_roman_urdu,roman_urdu
moscow ky tamam airports parwazon ki amadoraft ky liye band,real,rufnd_roman_urdu,roman_urdu
video: america mai police sy bhagty shakhs ny gari hajum par charha di,real,rufnd_roman_urdu,roman_urdu
"georgia mai intekhabi nataij palatny ka muqadma, trump kal khud ko jail hukaam ky sapurd kren gy",real,rufnd_roman_urdu,roman_urdu
bharat ny srilanka ky ak aham media institute ki website ko block kr dia,real,rufnd_roman_urdu,roman_urdu
"north korea ka ak aur cruise missile ka tajurba, america ny aman ky liye khatrah qarar dydia",real,rufnd_roman_urdu,roman_urdu
rahul gandhi ki evan mai wapsi par congress ny modi ko gabar singh bna kr video post kr di,real,rufnd_roman_urdu,roman_urdu
saat bachon ki qatil britain nurse ko umer qaid ki saza,real,rufnd_roman_urdu,roman_urdu
"canada ky janglaat mai lgi agg mazeed phel gai, 30 hazar gharon ko khali krny ka hukam",real,rufnd_roman_urdu,roman_urdu
south korean doshezah bharti shehri ki mohabbat mai bharat pohanch gai,real,rufnd_roman_urdu,roman_urdu
donald trump ka republican ky pehly primary mubahisy mai hissah na leny ka elan,real,rufnd_roman_urdu,roman_urdu
britain ki badtareen serial killer nurse ko saza e mot di jaye gi,real,rufnd_roman_urdu,roman_urdu
sumalia ki hakumat ny tik tok aur telegram par pabandi lga di,real,rufnd_roman_urdu,roman_urdu
american riyasat california mai 5.1 shiddat ka zalzala,real,rufnd_roman_urdu,roman_urdu
"teen saal mai iqtedar civilians ky sapurd kr dun ga, niger ky foji hukmaran ka wada",real,rufnd_roman_urdu,roman_urdu
ghair azdawaji taluq par ehl e ilaqah ka 2 bachon ky baap aur aashna ko khamby sy bandh kr tashadud,real,rufnd_roman_urdu,roman_urdu
bharat mai muslim jory ny baity ky hindu larki sy sath farar hony par bedardi sy qatal kr dia,real,rufnd_roman_urdu,roman_urdu
palestine: maghrabi kinary mai firing sy israeli baap beta halak,real,rufnd_roman_urdu,roman_urdu
"russia ka ukraine par missile hamla, 7 afrad halak aur 129 zakhmi",real,rufnd_roman_urdu,roman_urdu
"10 sala sarah ka qatal, british police ny walid ki khoj ky liye pakistan sy rabta kr lia",real,rufnd_roman_urdu,roman_urdu
250 sy zaid musafiron ko ly janye waly jahaz ka pilot doran e parwaz chal basa,real,rufnd_roman_urdu,roman_urdu
albania mai 4 saiyahon ky khany ka bill italy government ky galy par gya,real,rufnd_roman_urdu,roman_urdu
trump ky hotel par kam krny wali mulazma sy sathi mulazim ka rape,real,rufnd_roman_urdu,roman_urdu
"canada ky janglaat mai dahaai ki badtareen agg, 22 hazar sy zaid afrad byghar",real,rufnd_roman_urdu,roman_urdu
swedish government ka quran e pak ki tohen rokny ky liye qanuni imkanaat par ghor,real,rufnd_roman_urdu,roman_urdu
oman mai taxi malikan ky liye nayi shart aaid,real,rufnd_roman_urdu,roman_urdu
sharamnak video: bharat yom e azadi par din dahary khawateen par behemana tashadud,real,rufnd_roman_urdu,roman_urdu
new delhi: hindi ki kitab bhul jany par hindu ustad ka musalman talib ilm par vehshiyana tashadud,real,rufnd_roman_urdu,roman_urdu
uzbakistan: bachon ki halakton ky case mai bharti dawasaz company ky khilaf aham inkeshafaat,real,rufnd_roman_urdu,roman_urdu
"saudi wali ehad sy irani wazeer e kharjah ki mulaqat, do tarfa taluqat aur ilaqai amur par guftagu",real,rufnd_roman_urdu,roman_urdu
america ny russia sy larny ky liye ukraine ko F16 aircraft deny ki manzuri dy di,real,rufnd_roman_urdu,roman_urdu
"parosiyon ky kutton ki larai khuni jhagry mai tabdel, firing sy 2 afrad halak",real,rufnd_roman_urdu,roman_urdu
office mai phone charge krny par boss ny mulazim ko bijli chor qarar dy dia,real,rufnd_roman_urdu,roman_urdu
bharat: kuven mai giry janwar ko bachaty huwe 5 afrad halak,real,rufnd_roman_urdu,roman_urdu
ukraine ny moscow ky business hub par drone hamly kiye: russia ka ilzam,real,rufnd_roman_urdu,roman_urdu
wo mulk jahan schools mai kalashnikov chalany ky sath hand grenade ka istemal bhi sikhaya jaye ga,real,rufnd_roman_urdu,roman_urdu
trump ky khilaf election par asar andaz hony ky case ki judge ko qatal ki dhamki deny wali khaton giraftar,real,rufnd_roman_urdu,roman_urdu
"haseena wajid ky baity ky qatal ki sazish ka ilzam, akhbar ky 2 senior editors ko 7 saal qaid ki saza",real,rufnd_roman_urdu,roman_urdu
"bharat: medical college mai dakhly mai nakami par nojawan ki khudkushi, baap ny bhi apni jaan ly li",real,rufnd_roman_urdu,roman_urdu
ghareelu jhagry sy tang shohar ny biwi sameyt khud ko dhamaky sy ura lia,real,rufnd_roman_urdu,roman_urdu
"malaysia mai plane road par gir kr tabah, 10 afrad halak",real,rufnd_roman_urdu,roman_urdu
saudi arab aur iran ky taluqat darust rasty par hain: irani wazeer e kharjah,real,rufnd_roman_urdu,roman_urdu
afghan government ka mulk mai siyasi jumaton par pabandi ka ilan,real,rufnd_roman_urdu,roman_urdu
naqis english ki wajah sy 15 shadiyan krny wala shatir mulzim pakra gya,real,rufnd_roman_urdu,roman_urdu
south africa ka men aur women cricketers ko yaksan muawza deny ka ilan,real,rufnd_roman_urdu,roman_urdu
asian volley ball championship mai pakistan medal ki dor sy out,real,rufnd_roman_urdu,roman_urdu
ICC ny cricket worldcup ky liye warmup matches ka schedule jari kr dia,real,rufnd_roman_urdu,roman_urdu
world blind games cricket mai pakistan final mai pohanch gya,real,rufnd_roman_urdu,roman_urdu
asia cup security: punjab hukumat ny fouj aur rangers ki talbi ky liye fedral ko summary bhijwa di,real,rufnd_roman_urdu,roman_urdu
asian games sy qabal qomi athletes ky dope test krwany ka faisla,real,rufnd_roman_urdu,roman_urdu
parchi ky naron sy dar kr walideen ko statdium mai match nhi dikhaya: imam ul haq,real,rufnd_roman_urdu,roman_urdu
"ICC one day ranking jari: batters mai babar azam top par barqarar, haris ki 7 darjy taraqi",real,rufnd_roman_urdu,roman_urdu
"budha nhi huwa abhi mai, shadaab ki tweet par cricketer fatima sana ki tweet viral",real,rufnd_roman_urdu,roman_urdu
asiacup ky liye nepal cricket team pakistan pohanch gai,real,rufnd_roman_urdu,roman_urdu
canada palat pakistani ka karachi mai qatal: marty waqt bhi teen ghareeb bachon ko eid ki kharidari krwany ly ja rahy thy,real,rufnd_roman_urdu,roman_urdu
quetta mai rickshaw chalany wali khaton: us shakhs ny mujhe beti paida krny ka tana dia jis ki apni panch betiyan hain,real,rufnd_roman_urdu,roman_urdu
"anokhi wardaat, lohy ka wazni pull chori",real,rufnd_roman_urdu,roman_urdu
"peshawar mai teen dinon mai aqliyati baradri par alag alag maqamaat par hamly, ak shakhs halak",real,rufnd_roman_urdu,roman_urdu
income tax mai dhai fesad izafa pakistani middle class ko kesy mutasir kry ga,real,rufnd_roman_urdu,roman_urdu
"parveez khatak ka imran khan ko 9 may ka zimedar thehrana bebunyad hai, tahreek e insaf",real,rufnd_roman_urdu,roman_urdu
karachi bandargah par abudhabi group ki sarmayakari ka 50 sala moahida kia hai aur is sy pakistan ko kya faida hoga,real,rufnd_roman_urdu,roman_urdu
europe ky khawab dekhny wala wazeerabad ka nujawan jisy wapis lany ky liye baap ko zarai zamen beech kr 50 lakh deny pary,real,rufnd_roman_urdu,roman_urdu
turbat mai security forces par khudkush hamlah krny wali samia baloch kon thin,real,rufnd_roman_urdu,roman_urdu
"derh din mai 48 riyasaton ki sair, 2 doston ny world record bna dia",real,rufnd_roman_urdu,roman_urdu
doctor ny doran e ilaj new born baby ki naak kaat di,real,rufnd_roman_urdu,roman_urdu
shohar ny biwi ki shadi usky dost sy krwa di,real,rufnd_roman_urdu,roman_urdu
dunya ka sab sy bara behri jahaz icon of the season tayar,real,rufnd_roman_urdu,roman_urdu
"yunan kashti hadsa: 281 lapata pakistaniyon ky ehlekhana ka hukumat sy rabta, rana sana ullah",real,rufnd_roman_urdu,roman_urdu
sarfeen ki security ky liye whatsapp ka naya screen lock feature,real,rufnd_roman_urdu,roman_urdu
justice qazi faiz isa ki bator chief justice tainati ka notification teen maah pehly hi q kr dia gya,real,rufnd_roman_urdu,roman_urdu
"shehzada dawood, suleiman, aur mister titanic: badqismat titan submarine mai sawar musafir kon thy",real,rufnd_roman_urdu,roman_urdu
jamiya hafsa ki talibaat ka ehtejaj: dhamkiyon ky bawajud riyasat karwai krny sy kyun hichkicha rahi hai,real,rufnd_roman_urdu,roman_urdu
"universities ko holi sy dur rehny ka mashwarah, jis par HEC ki sarzanish hui",real,rufnd_roman_urdu,roman_urdu
"greece kashti hadsy ky aini shahid: pakistaniyon ko tey khany mai rakha, wo hamen uthny bolny nhi dety thy",real,rufnd_roman_urdu,roman_urdu
wo bhair bakriyon ki trha ak dusry ky uper pary thy,real,rufnd_roman_urdu,roman_urdu
greece kashti hadsa ky ayni shahid: wo pakistaniyon ko mar mar kr bithaty rahy,real,rufnd_roman_urdu,roman_urdu
yunan kashti hadsa: jis din mery bety ko khashti par bithaya gya wo 8 dinon ka bhuka tha,real,rufnd_roman_urdu,roman_urdu
sarmayakari mai sahulatkari par khasusi council tashkeel: kya mehaz wadon ki bunyad par bimar pakistani economy ki bahali mumkin hai,real,rufnd_roman_urdu,roman_urdu
pashtun tahafuz movement ky rehnuma ali wazeer ak martaba phir giraftar,real,rufnd_roman_urdu,roman_urdu
donald trump ko zehar bhara khat bhejny wali khaton ko saza suna di gai,real,rufnd_roman_urdu,roman_urdu
"walideen ya saas susar sy acha bartao na kia to malkiyat sy bedakhal kia jayega, adalati faisla",real,rufnd_roman_urdu,roman_urdu
egyptian engineer ko mazaq krny par kuwait sy deport kr dia gya,real,rufnd_roman_urdu,roman_urdu
space sy li gai dunya ky buland tareen pahaar ki dilkash tasaveer,real,rufnd_roman_urdu,roman_urdu
"khansi ky syrup sy bachon ki halakat, tafteesh mai sharamnak inkeshafaat samny agaye",real,rufnd_roman_urdu,roman_urdu
america mai bhi tiktok ky istemal par pabandi aaid,real,rufnd_roman_urdu,roman_urdu
army courts mai civilian trails: fedral government ky aitraz ky baad justice mansur ali shah bench sy alehda,real,rufnd_roman_urdu,roman_urdu
cake mai chipkali: viral video ky baad food authority ny islamabad mai bakery seal kr di,real,rufnd_roman_urdu,roman_urdu
Kallar Kahar bus hadsa: ak shakhs ki laparwahi ny kai logon ko moat ky muh mai dhakel dia,real,rufnd_roman_urdu,roman_urdu
beti namaz ky liye burhi maa ko kandhy par utha kr masjid e nabvi ly ai video viral,real,rufnd_roman_urdu,roman_urdu
ninth class ky student ki school mai heart attack sy death,real,rufnd_roman_urdu,roman_urdu
"foreign countries ky visas ka hasul: khud application di to 300 din baad ka waqt mila, agent ny 15 din mai visa interview krwa dia",real,rufnd_roman_urdu,roman_urdu
abdullah shah ghazi ki karamaat ya scienci wajuhat: karachi har baar samundri tufan sy kesy bach nikalta hai,real,rufnd_roman_urdu,roman_urdu
russia ny google par bhari jurmana aaid kr dia,real,rufnd_roman_urdu,roman_urdu
"saudi arab, aham qanun pas hogya",real,rufnd_roman_urdu,roman_urdu
"bharat mai haiwaniyat ki inteha, obash garoh ki kam umer larki sy ziyadti ki koshish",real,rufnd_roman_urdu,roman_urdu
Uttar Pradesh mai kamsin dalit larki ky sath unchi zaat ky hinduon ki ijtamai zayadati,real,rufnd_roman_urdu,roman_urdu
intekhabi dhandli case trump ky sathiyon ka wifaqi adalat sy riju,real,rufnd_roman_urdu,roman_urdu
gariyon mai fasla na rakhny par bhari jurmana aaid krny ka faisla,real,rufnd_roman_urdu,roman_urdu
khawateen ky washroom mai khufia camera lgany wala burkaposh mulzim giraftar,real,rufnd_roman_urdu,roman_urdu
hassan askari: general qamar jawaid bajwah ko khat likhny waly par qaid ki saza pany waly computer engineer ki rehai,real,rufnd_roman_urdu,roman_urdu
Bipper Joy: sindh ky sahili ilaqy katty bandar mai mahi giron ki bastiyan zeer e aab,real,rufnd_roman_urdu,roman_urdu
"hindu intehapasandi, senkron bharti musalman nakal makani par majbur",real,rufnd_roman_urdu,roman_urdu
gumshuda bachy ki laash magarmach ky jabron sy mil gai,real,rufnd_roman_urdu,roman_urdu
"bipper joy sy pakistan mai bary nuksan ka khtrah tal gya, mutasreen ko hakumati hadayat tak wapsi ki ijazat nhi hogi",real,rufnd_roman_urdu,roman_urdu
musafir ny apni chapal gum hony par railway hukaam ki doren lgwa din,real,rufnd_roman_urdu,roman_urdu
qatil nani ny 2 bachon ko kesy mara khoofnaak tafsilaat manzar e aam par,real,rufnd_roman_urdu,roman_urdu
silk worm palny wali khawateen: anually 60 sy 80 hazar rupees mil jaty hain lekin ab aamdn mai kami ai hai,real,rufnd_roman_urdu,roman_urdu
mai kabhi yeh mulk chor kr bahar nhi jaun ga jail jany ko tayar hun imran khan,real,rufnd_roman_urdu,roman_urdu
bank mai machine thik krny aya shakhs raqam ly kr farar ho gya,real,rufnd_roman_urdu,roman_urdu
achanak taiz hawa chali aur sehan mai khelty bachon par diwar gir gai,real,rufnd_roman_urdu,roman_urdu
ak dusry ko bachany ki koshish mai khandan ky char afrad halak: char pyaron ki moat ny pura khandan ujar dia,real,rufnd_roman_urdu,roman_urdu
hameed baloch wo nojawan jisny karaye ky sipahiyon ki bharti ky liye aye omani kernal par goli chalai,real,rufnd_roman_urdu,roman_urdu
zuban 90 fisad katny ky baad bhi khaton ny bateen kr ky doctors ko heran kr dia,real,rufnd_roman_urdu,roman_urdu
nojawan ny kutty ko bachany ky liye apni jaan khatry mai daal di,real,rufnd_roman_urdu,roman_urdu
"zameen ky andar mount everest sy 5 times big mountains discover, scientists bhi heran",real,rufnd_roman_urdu,roman_urdu
kachry sy munfarid fanpary bnany wali doctor sadia fazal,real,rufnd_roman_urdu,roman_urdu
baap bety ka saar kaat kr thany pohanch gya,real,rufnd_roman_urdu,roman_urdu
america mai 2 crore afrad zaiqy aur songhny ki hiss sy mehrum ho gaye,real,rufnd_roman_urdu,roman_urdu
russia sy crude oil ka pehla cargo pakistan pohanch gya,real,rufnd_roman_urdu,roman_urdu
ghar walon ko sabaq sikhany ky liye tiktoker ny marny ka drama racha lia,real,rufnd_roman_urdu,roman_urdu
kimari mai chemicals sy 16 afraad ki halakat: factories plastic jalati hain logon ka sena jakra jata hai,real,rufnd_roman_urdu,roman_urdu
canada khalistan ky mamly par india ky aitrazat ko nazar andaz kyun kr raha hai,real,rufnd_roman_urdu,roman_urdu
IBA sakkhar ny vice chancellor inteqal kr gaye,real,rufnd_roman_urdu,roman_urdu
google aur apple store sy ghair qanuni tor par qarz deny wali 120 applications ko hata dia gya,real,rufnd_roman_urdu,roman_urdu
nakara chezon ko art mai badalny wali muhera jin ky bimar baity ny hunar ko business bnany mai madad ki,real,rufnd_roman_urdu,roman_urdu
india mai muqadas samjha jany wala langoor pakistan ky zeer e intezam kashmir mai zalimana tafreeh ka zariya,real,rufnd_roman_urdu,roman_urdu
jab netherlands ki malkah ny rawayati pakistani lehnga choli ko ak gown mai tabdel krwa lia,real,rufnd_roman_urdu,roman_urdu
international health institute ny india mai tayar karda khansi ky ak aur sharbet ky bary mai alert jari kr dia,real,rufnd_roman_urdu,roman_urdu
adalat ny ahad cheema ko sarkari dory par bayrun e mulk jany ki ijazat dy di,real,rufnd_roman_urdu,roman_urdu
iraq ky darulhakumat baghdad par rocket hamla,real,rufnd_roman_urdu,roman_urdu
jins ka tayun insan ky ehsasat ki bunyad par nhi kia ja skta: fedral sharai adalat ka transgender act par faisla,real,rufnd_roman_urdu,roman_urdu
jahanara peshawar mai mehfuz aur jadeed saraye tameer krwany wali baasar mughal shehzadi,real,rufnd_roman_urdu,roman_urdu
jackson heights newyork ka wo mohalah jo dunya ki sab sy matnu jgah hai,real,rufnd_roman_urdu,roman_urdu
gender neutral khilony: kash larky bhi ghar ghar khelty aur larkiyan bhi bahar nikal kr khel sktin,real,rufnd_roman_urdu,roman_urdu
"chandriyan 3: umeed hai keh ham kuch naya talash kren gy, india ka tareekhi mission chand ky madaar mai dakhil ho gya",real,rufnd_roman_urdu,roman_urdu
american embassy ki application par khadija shah ko consular rasai deny ki manzuri,real,rufnd_roman_urdu,roman_urdu
pakistan mai heat wave ki paishgoi: shadeed garmi hamary jism par kesy asarandaz hoti hai aur is sy kesy bacha jaye,real,rufnd_roman_urdu,roman_urdu
pakistan mai wikipedia tak rasai mehdud: 2 saal youtube band kr ky chain nhi para to ab wikipedia band krny lgy hain,real,rufnd_roman_urdu,roman_urdu
pakistan ny india aur bangladesh par textile baramdaat mai bartari hasil krny ka sunehri moqa kesy ganwaya,real,rufnd_roman_urdu,roman_urdu
pakistan hockey fedration ky tamam officials moatal,real,rufnd_roman_urdu,roman_urdu
pakistan: india ko pulwama hamly ky baad ilaqai aman ko nuksan pohanchany waly iqdamaat ky liye jawabdeh thehraya jaye,real,rufnd_roman_urdu,roman_urdu
pakistani khaton salma jo 38 baras ki shadishuda zindagi ky baad bhi india ki bahu qarar diye jany ki muntazir hain,real,rufnd_roman_urdu,roman_urdu
pakistani sahilon par imported electronic kachra: jo ap ky liye kachra hai wo mery liye boht qeemati hai,real,rufnd_roman_urdu,roman_urdu
panama JIT report ka volume 10 jari krny ki darkhwast samaat ky liye muqarrar,real,rufnd_roman_urdu,roman_urdu
pubg dosti: mar jaun gi pakistan wapis nhi aun gi,real,rufnd_roman_urdu,roman_urdu
"august mai 2 super moon, pehla super moon ajj hoga, pakistan mai abhi dekha jaye ga",real,rufnd_roman_urdu,roman_urdu
pak afghan one day series ky matches mai shaiqeen ky liye muft dakhly ka ilan,real,rufnd_roman_urdu,roman_urdu
fifa worldcup qualifier: cambodia ky khilaf home match ky liye jinnah stadium ka naam tajviz,real,rufnd_roman_urdu,roman_urdu
sehra mai sair ky doran logon ky baal achanak khary hony ki video viral,real,rufnd_roman_urdu,roman_urdu
umer akmal ki london mai muslim league n k qaid nawaz sharif sy mulaqat,real,rufnd_roman_urdu,roman_urdu
nigran wazeer e khazana ki FBR ko 9400 arab rupees mehsulaat ka hadaf hasil krny ki hadayat,real,rufnd_roman_urdu,roman_urdu
"ranipur mai bachi ki halakat, qabar kushai aur post mortem ky liye 4 rukni medical board tashkeel",real,rufnd_roman_urdu,roman_urdu
asian junior squash: pakistan ky abdullah nawaz semifinal mai pohanch gaye,real,rufnd_roman_urdu,roman_urdu
nab tarameem case full court stay justice mansoor ny bench par aateraz utha dia,real,rufnd_roman_urdu,roman_urdu
"election krana election commission ka kaam hai, ham apni aaini zimedari nibhayen gy: murtaza solangi",real,rufnd_roman_urdu,roman_urdu
nigran wazeer e aala sindh maqbool baqir ki kabina par mushawrat mukamal,real,rufnd_roman_urdu,roman_urdu
ukraine tanazia ki video nah hatany par russia ny google par 32 hazar dollars ka jurmana aaid kr dia,real,rufnd_roman_urdu,roman_urdu
punjab hukumat aur PCB ky maabain tamam masail khush aslubi sy hal ho gaye,real,rufnd_roman_urdu,roman_urdu
pcb aur khilariyon ky darmiyan central contract par baat cheet akhri marhaly mai dakhil,real,rufnd_roman_urdu,roman_urdu
pia mulazmeen ka ehtejaj dusry roz bhi jari,real,rufnd_roman_urdu,roman_urdu
bharat aur russia ky khilaf space missions ki janib sy chand ki satah ki nai jhalkiyan jari,real,rufnd_roman_urdu,roman_urdu
imran yaqub minhas ny qaim mukam IG sindh ky ohdy ka charge sambhal lia,real,rufnd_roman_urdu,roman_urdu
dunya ka ajeeb tareen qasba jahan beshtar ghar 2 mumalik mai waqy hain,real,rufnd_roman_urdu,roman_urdu
kuruluş osman ky hadayatkar mehmat bozdagh ko pakistan ki yaad satany lgi,real,rufnd_roman_urdu,roman_urdu
pcb ka bagir ijazat america mai khely waly cricketers ky liye darwazy band krny ka faisla,real,rufnd_roman_urdu,roman_urdu
nyi halqah bandi aur update voter list ky bagair parties ko assemblies mai asal numaindgi nhi mily gi,real,rufnd_roman_urdu,roman_urdu
world champion hamza khan clear qarar world squash fedration ny egypt ka etraz rad kr dia,real,rufnd_roman_urdu,roman_urdu
jaranwala waqia: islam mai esi harkaton ki koi gunjaish nhi: mufti taqi usmani,real,rufnd_roman_urdu,roman_urdu
"toheen e quran, muslim ummah ka shadeed ehtejaj rang ly aya, sweden aur denmark qanoon sazi par tayar",real,rufnd_roman_urdu,roman_urdu
mansehra ky 110 sala bazurg ny 55 sala khatoon sy shadi kr li video viral,real,rufnd_roman_urdu,roman_urdu
rawalpindi: FIA ny khatoon ko black mail krnewaly mulzim ko giraftar kr lia,real,rufnd_roman_urdu,roman_urdu
"iran mai tarbiyati tayara gir kr tabah, pilot samaet 2 afrad halak",real,rufnd_roman_urdu,roman_urdu
kohlu: sanp ka dasa naujawan sarkari hospital mai medical assistance nah milnybpar chal basa,real,rufnd_roman_urdu,roman_urdu
anju ky baad american khatoon bhi dir ky abbas ki mohabbat mai pakistan pohanch gain,real,rufnd_roman_urdu,roman_urdu
governer balochistan ky nigran wazeer e aala ky liye ali mardan domki ky naam ki manzuri dydi,real,rufnd_roman_urdu,roman_urdu
"wohi hona chahiye jo mulk o qom ky liye behtr ho, imran ki giraftari par afridi ka radeamal",real,rufnd_roman_urdu,roman_urdu
nigran wazeer e azam ki kabinah ka pehla ijlas jari,real,rufnd_roman_urdu,roman_urdu
south africa ky khilaf series sy qabal australia ko bara dhachka 2 aham khilari injured,real,rufnd_roman_urdu,roman_urdu
bharat railway police ky sipahi ny train mai char afrad ko goli maar di,real,rufnd_roman_urdu,roman_urdu
samundri tufan duxery ny china mai tabahi macha di beijing mai red alert jari,real,rufnd_roman_urdu,roman_urdu
quran e pak ki byhurmati islami mumalik ky wuzra e kharjah ka virtual hangami ijlas,real,rufnd_roman_urdu,roman_urdu
july ky maheeny mai garmi aur agg ny greece mai tabahi macha di,real,rufnd_roman_urdu,roman_urdu
"wazeer e azam ki chinese ham mansab sy mulaqat, pak-china community ky qayam ka aadah",real,rufnd_roman_urdu,roman_urdu
turkish president Tayyip Erdoğan corona variant omicron ka shikar,real,rufnd_roman_urdu,roman_urdu
"wazeer e azam ki chinese sadar sy mulaqat mai afghanistan sameat degar masail zair e behas ayen gy, fawad chaudary",real,rufnd_roman_urdu,roman_urdu
johri muzakraat akhri marhaly mai dakhil america ny iran ky liye pabandiyon par istasna bahal kr dia,real,rufnd_roman_urdu,roman_urdu
altaf hussain ny mohajiron ky haquq ky liye mukamal jung ki baat ki adalat ko agahi,real,rufnd_roman_urdu,roman_urdu
taliban ky aham rehnuma siraj ud din haqani pehli martaba manzar e aam par aagaye,real,rufnd_roman_urdu,roman_urdu
shane warren ka spin magician sy playboy tak ka safar,real,rufnd_roman_urdu,roman_urdu
russia ky citizens ky inkhela ky liye ukraine mai juzvi jung bandi ka ilan,real,rufnd_roman_urdu,roman_urdu
"iran ky sath nuclear agreement ki bahali ky qareeb pohanch gaye hain, british elchi",real,rufnd_roman_urdu,roman_urdu
ukraine ka russian fojiyon par rape ka ilzam khasusi tribunal ky qayam ka mutalbah ki himayat,real,rufnd_roman_urdu,roman_urdu
afghan immigrants ki taliban government par qatar mai zindagi ko tarjeh,real,rufnd_roman_urdu,roman_urdu
russia ukraine war ky nataij par america ny pakistan ko khabardar kr dia,real,rufnd_roman_urdu,roman_urdu
pig ky dil ki paiwandkari krany waly shakhs ki surgery ky do mah baad moat,real,rufnd_roman_urdu,roman_urdu
29 iqsam ky janwaron mai covid cases daryaft,real,rufnd_roman_urdu,roman_urdu
nuclear negotiations: iran ka red lines sy pichy nah hatny ka azam,real,rufnd_roman_urdu,roman_urdu
wo pakistani hero jis ny dhai hazar bharti tulba ko ukraine sy nikala,real,rufnd_roman_urdu,roman_urdu
russian wazeer e kharja ki turkiye mai ukrainian ham mansab sy mulaqat ka imkan,real,rufnd_roman_urdu,roman_urdu
corps commanders' conference: army tansibaat par hamlon mai mulavis afrad ky khilaf army act ky tehaat muqadmaat ka azam,real,rufnd_roman_urdu,roman_urdu
mustaqil aarakeen mai izafy sy salamti council mazeed mafluj ho jaye gi,real,rufnd_roman_urdu,roman_urdu
google maps ky takar ki maqami tpl maps app mutarif,real,rufnd_roman_urdu,roman_urdu
pig ky lugs ki human body mai paiwandkari,real,rufnd_roman_urdu,roman_urdu
tweet deck istemal krny ky liye ab verified account hona lazmi qarar,real,rufnd_roman_urdu,roman_urdu
whatsapp mai artificial intelligence sy tayar krdah stickers ky new feature ki aazmaish,real,rufnd_roman_urdu,roman_urdu
gilgit baltistan azad kashmir mai september sy smuggle shuda mobile phone check krny ka nizam nafiz ho jaye ga,real,rufnd_roman_urdu,roman_urdu
yom e azadi ky google doodle par mojud is dolphin ky bary mai janty hain,real,rufnd_roman_urdu,roman_urdu
pakistan mai jald mutarif hony wala digital brand onic kia hai,real,rufnd_roman_urdu,roman_urdu
ak hi app par whatsapp ky mutadid accounts chalany ki aazmaish,real,rufnd_roman_urdu,roman_urdu
jungle mai lgi agg ka pata lgany ky liye artificial intelligence ka istemal,real,rufnd_roman_urdu,roman_urdu
twitter par ab tak ka sab sy naya feature video call mutarif krany ka ilan,real,rufnd_roman_urdu,roman_urdu
"mark zukerberg ky sath cage fight italy mai hogi, elon musk",real,rufnd_roman_urdu,roman_urdu
taveel arsy baad pehli baar space ki sair krny waly musafir bahifazat zameen par wapis agaye,real,rufnd_roman_urdu,roman_urdu
smart phones ky dor mai nokia ky button phones mutarif,real,rufnd_roman_urdu,roman_urdu
gmail application mai translation ka feature paish,real,rufnd_roman_urdu,roman_urdu
samsung ka sasta tareen 5g phone galaxyA13 introduced,real,rufnd_roman_urdu,roman_urdu
"jaranwala waqia: masaajid sy khutbaat mai minority rights par tawajah di jaye, wazeer e aala punjab",real,rufnd_roman_urdu,roman_urdu
madahon ki tanqeed ky baad shaygul ny jaranwala waqiye par khamoshi tor di,real,rufnd_roman_urdu,roman_urdu
ali mardan domki nigran wazeer e aala balochistan muqarar,real,rufnd_roman_urdu,roman_urdu
"aqliyaton ka tahafuz kia jaye ga nuqsan pohanchany walon sy sakhti sy nimten gy, nigraan wazeer e azam",real,rufnd_roman_urdu,roman_urdu
"intelligence bureau bhi bazahir zameenon par qabzon mai mulavis hai, justice athar minallah",real,rufnd_roman_urdu,roman_urdu
"pehli baar umrah par gya to khaton ny pucha keh apny paison sy aye ho ya kisi ny diye hain, fahad mustafa",real,rufnd_roman_urdu,roman_urdu
hassaan niyazi ko military ky hawaly kr dia gya lahore highcourt mai police ki report jama,real,rufnd_roman_urdu,roman_urdu
10 sala pakistani nazad britain larki ki laash milny ky baad mushtabah afrad ki talash,real,rufnd_roman_urdu,roman_urdu
nigran hakumat ky ibtedai 2 roz mai zindagi guzarny ki laagat mai bara izafa,real,rufnd_roman_urdu,roman_urdu
bharat sy kashmir insani haquq ky muhafizon ko reha krny ka mutalbah,real,rufnd_roman_urdu,roman_urdu
"nojawanon ki trha ham shadi sy qabal 2 ghanty phone par baat krty thy, saminah ahmad",real,rufnd_roman_urdu,roman_urdu
pdm hakumat ky 7 fisad dawon ky baraks mali saal 2023 mai khasara 7.7 record,real,rufnd_roman_urdu,roman_urdu
nigran wazeer e aala balochistan muntakhib krny ky liye ijlas takheer ka shikar,real,rufnd_roman_urdu,roman_urdu
"sach kabhi chupta nhi, manshiyat ky istemal aur tashadud ky ilzamat par alizy shah ka radeamal",real,rufnd_roman_urdu,roman_urdu
"jaranwala waqiye ky dono markazi mulziman mehkmah insedad e dehshat gardi ki hirast mai hain, mohsin naqvi",real,rufnd_roman_urdu,roman_urdu
mqm pakistan ky rehnuma kanwar naveed jameel inteqal kr gaye,real,rufnd_roman_urdu,roman_urdu
quran e pak ki behurmati ky baad dehshat gardi ky alert mai izafah,real,rufnd_roman_urdu,roman_urdu
kisi ko qanon hath mai leny ki ijazat nhi di jaye gi army chief,real,rufnd_roman_urdu,roman_urdu
saudi arab ki pehli netflix original web series tayar,real,rufnd_roman_urdu,roman_urdu
"pehli baar 9th class mai mohabbat hui thi, memunah qudus",real,rufnd_roman_urdu,roman_urdu
asad majeed retire Syrus Sajjad Qazi ny 32nd foreign secretary ki zimedariyan samnbhal lin,real,rufnd_roman_urdu,roman_urdu
aam intekhabaat 90 roz mai nhi ho skty election commission ka nai halkah bandiyon ka faisla,real,rufnd_roman_urdu,roman_urdu
ham establishment aur foji qiyadat ko dhandli ka mujrim samajhty hain molana fazal ur rehman,real,rufnd_roman_urdu,roman_urdu
maye saal ky pehly roz stock market mai zabardast karobari sargarmi,real,rufnd_roman_urdu,roman_urdu
karachi: kam umer taliba ko black mail krny wala qari fia ky hathon giraftar,real,rufnd_roman_urdu,roman_urdu
karachi: behria town mai nojawan ki maa aur mulazim ko goli maar kr khudkushi,real,rufnd_roman_urdu,roman_urdu
tayari nah hony ka kabhi bahana nhi bnaya mery bayan ko bilkul galt lia gya wazeer e azam,real,rufnd_roman_urdu,roman_urdu
siyasi jumaaten siyasat zaror kren lekin unhen askari tanzeemen palny ki ijazat nhi,real,rufnd_roman_urdu,roman_urdu
corona ki dusri lehar ky bais airlift ka 31 march tak service moatal rakhny ka ilan,real,rufnd_roman_urdu,roman_urdu
"pakistan ny 2020 mai maslah kashmir samet kai mamlaat par dunya ki tawajah dilai, daftar e kharjah",real,rufnd_roman_urdu,roman_urdu
pakistan aur bharat ky darmiyan nuclear installations ki lists ka tabadlah,real,rufnd_roman_urdu,roman_urdu
"khawajah asif ko malum tha keh unhen kisi bhi waqat giraftar kia ja skta hai, raja zafar ul haq",real,rufnd_roman_urdu,roman_urdu
december mai afratezar kam ho kr 8 fisad tak aagai,real,rufnd_roman_urdu,roman_urdu
rape ki rok thaam ky liye naye qawaneen nhi qanoon ka rooh ky mutabiq amal daramad zarori hai,real,rufnd_roman_urdu,roman_urdu
umer shiekh ko ccpo lahore ky ohdy sy hata dia gya,real,rufnd_roman_urdu,roman_urdu
saal e no ky pehly din pakistan mai 14 hazar sy zaid bachon ki paidaish mutawaqa,real,rufnd_roman_urdu,roman_urdu
saal 2020 ky ikhtetam tak pakistan mai corona cases ki tadad 4 lakh 82 hazar 178 ho gai,real,rufnd_roman_urdu,roman_urdu
sindh mai corona ki nai qisam ky mazeed 2 cases samny aagaye,real,rufnd_roman_urdu,roman_urdu
"karak: hindu bazurg ki samadhi mai tor phor, jui f rehnuma samey 31 afrad giraftar",real,rufnd_roman_urdu,roman_urdu
pia ky 2 hazar mulazimeen ny razakarana alehdgi ky liye darkhwast di hai,real,rufnd_roman_urdu,roman_urdu
saal 2020 mai maqbool hony waly pakistani dramy,real,rufnd_roman_urdu,roman_urdu
kabina ko karsaz companies ky hawaly sy inquiry ki hadayat,real,rufnd_roman_urdu,roman_urdu
aasma jahangir group pakistan bar council ki aksar nashiston par kamyab,real,rufnd_roman_urdu,roman_urdu
"peoples party ny long march ko nawaz shareef ki wapsi sy mashrut kr dia hai, shah mehmood",real,rufnd_roman_urdu,roman_urdu
"saal 2021 taraqi ka saal hoga, waeer e azam",real,rufnd_roman_urdu,roman_urdu
maryam nawaz ko kitchen mai kaam nah krny ka tana deny par fawad chaudary ko tanqeed ka samna,real,rufnd_roman_urdu,roman_urdu
mufti muneeb ka fatf sy mutaliq qanoon ky khilaf mohim chalany ka ilan,real,rufnd_roman_urdu,roman_urdu
dawa sazon ka corona vaccine ki tayari ky liye license hasil krny par zor,real,rufnd_roman_urdu,roman_urdu
pak foj ny loc par bharti jasoos drone maar giraya,real,rufnd_roman_urdu,roman_urdu
Ravi River Urban Project ki tameer mehakma tahafuz e mahool ki manzuri sy mashrut,real,rufnd_roman_urdu,roman_urdu
mulk bhar mai taleemi idary 25 january sy marhala war kholny ka imkaan,real,rufnd_roman_urdu,roman_urdu
"bharat minorities ky haquq par tashveesh zahir krny ki bajaye apna ghar darust kry, daftar e kharja",real,rufnd_roman_urdu,roman_urdu
islamabad mai german shehri ky qatal case mai 2 mulzimaan giraftar,real,rufnd_roman_urdu,roman_urdu
december mai exports mai 18.3 fisad izafa,real,rufnd_roman_urdu,roman_urdu
lahore bachi ka qatal ky baad rape mulzimaan ka mazeed 4 roza jismani remand,real,rufnd_roman_urdu,roman_urdu
islamabad mai police ehalkaron ki firing sy nujawan jaan bahaq dehshat gardi ka muqadma darj,real,rufnd_roman_urdu,roman_urdu
394 qanoon sazon ko asason ki tafsilaat jama krwany ky liye mazeed 15 roz ki mohlat,real,rufnd_roman_urdu,roman_urdu
imran khan ky pichy israeli aur indian lobby ki funding ky saboot hain ehsan iqbal,real,rufnd_roman_urdu,roman_urdu
khawaja asif ny apny qaid ki traha tt ka tareeqakar apnaya shehzad akbar,real,rufnd_roman_urdu,roman_urdu
72 ghanty mai muqadma darj krny ki harkat ki to ap ki wazarat nhi rahy gi fazal ur rehman,real,rufnd_roman_urdu,roman_urdu
maryam bibi ky kehny par koi muslim leaguei istefy nhi dy ga wazeer e hawabazi,real,rufnd_roman_urdu,roman_urdu
pdm ky ehtejaj sy koi tension nhi jo khud mohtaj ho wo kya ehtejaj kry ga,real,rufnd_roman_urdu,roman_urdu
wazeer e azam ny steel ki qeemat barhany ka notice ly lia,real,rufnd_roman_urdu,roman_urdu
sindh january ky wast tak covid 19 vaccine hasil kr ly ga subaai wazeer e sehat,real,rufnd_roman_urdu,roman_urdu
pakistani larki ny world memory championship jeet li,real,rufnd_roman_urdu,roman_urdu
nsg rukniyat par bharat ky muqably mai pakistan sy mukhtalif salook par tanqeed,real,rufnd_roman_urdu,roman_urdu
2020 mai bharat ny jung bandi ki 2900 khilaf warziyan ki,real,rufnd_roman_urdu,roman_urdu
pakistan mai corona virus sy mazeed 82 amwaat 2 hazar 184 naye cases ki tasdeeq,real,rufnd_roman_urdu,roman_urdu
jo bhi foj ky khilaf baat kry ga 72 ghanty mai is par parcha katy ga wazeer e dakhla,real,rufnd_roman_urdu,roman_urdu
ptv board ny managing director ko moatal kr dia,real,rufnd_roman_urdu,roman_urdu
hakumat american company ko 2 crore 87 lakh dollar harjany ki adaigi par razamand,real,rufnd_roman_urdu,roman_urdu
foj agar meri pusht panahi kr rahi hai to opposition is baat ka saboot dy imran khan,real,rufnd_roman_urdu,roman_urdu
wazarat e khazana ka ipps ko 30 fisad gardishi qarzy ada krny ka faisla,real,rufnd_roman_urdu,roman_urdu
lapata shehri case mai sarkari hukaam par ak caror rupees jurmana,real,rufnd_roman_urdu,roman_urdu
foji qayadat apni position waazy kry kia is naehal hukumat ki pusht par hai molana fazal ur rehman,real,rufnd_roman_urdu,roman_urdu
dillip kumar aur raj kapoor ky aabai ghar khareedny ky liye 2 crore 35 lakh rupees ki manzuri,real,rufnd_roman_urdu,roman_urdu
"establishment, selectors aur selected dekh raha hai punjab ky awam jaag gaye hain maryam nawaz",real,rufnd_roman_urdu,roman_urdu
advocate hamaad ky aghwah ky khilaf bar association ny hartal ka ilan kr dia,real,rufnd_roman_urdu,roman_urdu
pakistan mai dehshatgardi sangeen masla nhi raha security report,real,rufnd_roman_urdu,roman_urdu
usama qatal case ats ky 5 ehalkaron ka 2 roza remand manzur,real,rufnd_roman_urdu,roman_urdu
suzuki wagonar ky muqably mai nai 1000cc pakistani gari mutarif,real,rufnd_roman_urdu,roman_urdu
pdm ky circus ko qom ny mustarad kr dia murad saeed,real,rufnd_roman_urdu,roman_urdu
machh mai 11 kankunon ky qatal par wazeer e azam samayt sayasi shakhsiyaat ka izhar e mazamat,real,rufnd_roman_urdu,roman_urdu
pta ko tiktok par pabandi sy mutaliq tafselaat jari krny ki hidayat,real,rufnd_roman_urdu,roman_urdu
pia ka saudia arab ky liye parwazeen bahaal krny ka ilan,real,rufnd_roman_urdu,roman_urdu
saal 2020 karachi mai car lifting motorcycle aur mobile snatching ki wardaton mai izafa huwa,real,rufnd_roman_urdu,roman_urdu
pdm ky khilaf media ky zariye sazishen phelai ja rahi hain bilawal bhutto,real,rufnd_roman_urdu,roman_urdu
pakistan ka aqwam e mutahidah sy asiya andrabi ki fori rehai ky liye madakhlat krny ka mutalba,real,rufnd_roman_urdu,roman_urdu
moaqaf mai koi tabdeli nhi aai pdm mazboot aur pur azam hai fazal ur rehman,real,rufnd_roman_urdu,roman_urdu
corona virus mulk mai sehatyaab afrad ki tadaad 4 lakh 40 hazar sy zaaid,real,rufnd_roman_urdu,roman_urdu
wazeer e azam ka petroleum products ki smuggling rokny ky liye karwai ka hukam,real,rufnd_roman_urdu,roman_urdu
sui southren ka gas ki shadeed qilat ka intebah karachi ky captive power plants ko supply band,real,rufnd_roman_urdu,roman_urdu
fedral ko special courts high court ky matehat krny ki hidayat,real,rufnd_roman_urdu,roman_urdu
balochistan machh mai kidnap ky baad 11 minors ka qatal,real,rufnd_roman_urdu,roman_urdu
dehshatgardi ky liye mali muawnat ka case kaladam lashkar e tayyiba ky rehnuma zaki ur rehman lakhwi giraftar,real,rufnd_roman_urdu,roman_urdu
"beti ka shanakhti card block krwany par walid aur nadra par 5,5 lakh rupee harjana",real,rufnd_roman_urdu,roman_urdu
motorway gang rape case mulzimaan ky remand mai 18 january tak toseeh,real,rufnd_roman_urdu,roman_urdu
nawasi ky liye khilony khareedti maryam nawaz ki video social media par viral,real,rufnd_roman_urdu,roman_urdu
minors ka qatal hazarah baradri ky sogwaron ka insaf ka mutalbah,real,rufnd_roman_urdu,roman_urdu
pakistan america ka khity mai aman o istehkam ky mustarkah hadaf ky hasul ky azaam ka aaadah,real,rufnd_roman_urdu,roman_urdu
karachi child pornography case mai madrisy ky ustad ka judicial remand,real,rufnd_roman_urdu,roman_urdu
wazeer e azam izzat sy jany par razi na huwe to awam faisla kren gy maryam nawaz,real,rufnd_roman_urdu,roman_urdu
pti ko ghair mulki idaron sy prohibited funding hui wazeer e itlaat,real,rufnd_roman_urdu,roman_urdu
senate ijlas deputy chairman ka nab ki khilaf warziyon ko insani haquq committee ky sapurd krny ka mutalbah,real,rufnd_roman_urdu,roman_urdu
bharat hybrid warfare ky tehat mazduron ki halakat jesy waqiyat kra raha hai wazeer e kharjah,real,rufnd_roman_urdu,roman_urdu
rape ki tasdeeq ky liye finger test ghair qanoni qarar,real,rufnd_roman_urdu,roman_urdu
vina malik ky sabiq shohar ki wazeer e azam o army chief sy madad ki appeal,real,rufnd_roman_urdu,roman_urdu
wazeer e azam ka nab ki karkardgi par izhar e itmenan,real,rufnd_roman_urdu,roman_urdu
taleemi idary kholny ky ilan par tweeter sarfeen o wazeer e taleem sy nalaan,real,rufnd_roman_urdu,roman_urdu
magvi wakeel bazyab adalat ka mamla wazeer e azam o kabina ky notice mai lany ki hidayat,real,rufnd_roman_urdu,roman_urdu
shahbaz shareef hamza shahbaz ky judicial remand mai 6 january tak tosee,real,rufnd_roman_urdu,roman_urdu
maqbuza kashmir mai bharati muzalim par aalmi baradri ki khamoshi sawaliya nishan hai sherin mazari,real,rufnd_roman_urdu,roman_urdu
corona virus ka khatrah america mai pakistani sefaratkhana teen din ky liye band,real,rufnd_roman_urdu,roman_urdu
senate intekhabaat sy mutaliq reference par chairman senate speaker assemblies election commission ko notice,real,rufnd_roman_urdu,roman_urdu
sindh pehly marhaly mai ak lakh 15 hazar front line workers ko vaccine lgai jaye gi,real,rufnd_roman_urdu,roman_urdu
wifaqi hakumat ka 18 january sy marhala war taleemi idary kholny ka elan,real,rufnd_roman_urdu,roman_urdu
parveen rehman qatal case trail court ko jald faisly ka hukam supreme court ny case nimta dia,real,rufnd_roman_urdu,roman_urdu
ba ma private ky tulbah ka mustaqbil khatry mai,real,rufnd_roman_urdu,roman_urdu
pakistan mai corona virus sy mazeed 1000 afrad mutasir 39 ka inteqal,real,rufnd_roman_urdu,roman_urdu
tehreeq e labaik ny french ambassador ko mulk badar nah krny par dobarah ehtejaj sy khabardar kr dia,real,rufnd_roman_urdu,roman_urdu
corona mareezon ko oxygen istemal krny sy qabal doctors sy mashwary ki tajveez,real,rufnd_roman_urdu,roman_urdu
national health institute ny britain sy aye 2 musafiron mai corona ki nai qisam ki tasdeeq kr di,real,rufnd_roman_urdu,roman_urdu
wifaqi kabinah ny corona vaccine ki kharidari ki manzuri dy di,real,rufnd_roman_urdu,roman_urdu
dehshatgardon aur un ky sahulatkaron ko shikast di jaye gi askari qiyadat,real,rufnd_roman_urdu,roman_urdu
britain sy any wali pia ki khasusi parwaz sy sirf ak musair ki wapsi,real,rufnd_roman_urdu,roman_urdu
russian made corona vaccine ki pakistan mai registeration ky liye moscow ki dilchaspi,real,rufnd_roman_urdu,roman_urdu
taleemi sargarmiyan bahaal krny sy mutaliq tulbah ky manfi rad e amal par wazeer e taleem heran,real,rufnd_roman_urdu,roman_urdu
two finger test ko illegal qarar diye jany par logon ka izhar e musaraat,real,rufnd_roman_urdu,roman_urdu
malum nhi mqm kis majburi ky tehat hakumat ky sath khari hai bilawal,real,rufnd_roman_urdu,roman_urdu
kohat beti sy 4 saal tak ziyadti o tashadud krny par walid giraftar,real,rufnd_roman_urdu,roman_urdu
saal 2020 mai khula ky cases mai 700 fisad izafa,real,rufnd_roman_urdu,roman_urdu
khyber pakhtoon khawa hakumat ka 2 bitcoin monitoring plants lgany ka faisala,real,rufnd_roman_urdu,roman_urdu
international community ka kashmiriyon sy 5 january ko kia gya wada efa na huwa shah mehmood,real,rufnd_roman_urdu,roman_urdu
dunya bhar mai kashmiri ajj yom e haq e khudiradiyat mana rahy hain,real,rufnd_roman_urdu,roman_urdu
islamabad mai nujawan ka qatal police record tazaad ky samny aany par seal,real,rufnd_roman_urdu,roman_urdu
supreme court ki 30 nyi ehtesaab adalton ko ak maah mai faa'al krny ki hidayat,real,rufnd_roman_urdu,roman_urdu
pakistan mai corona sy mazeed 59 amwaat sehatyab afraad ki tadad mai 1900 ka izafah,real,rufnd_roman_urdu,roman_urdu
punjab police ny ispr ki tarz ka media wing bna lia,real,rufnd_roman_urdu,roman_urdu
samadhi nazareatish case jin logon ny mandir ko nuksaan pohanchaya hai un sy paisy wasool kren chief justice,real,rufnd_roman_urdu,roman_urdu
gas ka rukh tabdeel krna ghizaai tahafuz ky liye khatrah hai fertilizers,real,rufnd_roman_urdu,roman_urdu
aalmi baradri kashmiriyon ko haq e khudiradiyat ki farahmi ky liye iqdamaat kry wazeer e azam,real,rufnd_roman_urdu,roman_urdu
senior bureaucrat ki khudkushi mai istemal hony wala pistol forensic lab bhej dia gya,real,rufnd_roman_urdu,roman_urdu
sharif khandan ky asason ki khoj krny wali committee ny unhi sy madad talb kr li,real,rufnd_roman_urdu,roman_urdu
britain ky musafiron par safri pabandiyon mai 31 january tak tosee,real,rufnd_roman_urdu,roman_urdu
kaankunon ky lawahiqeen ka apny piyaron ki mayateen dafanany sy inkaar,real,rufnd_roman_urdu,roman_urdu
hakumat ny nab ki hirasat mai halakton ky dawon ko mustarid kr dia,real,rufnd_roman_urdu,roman_urdu
hukumat ky liye pdm mazeed khatrah nhi yeh apni moat mar gai hai wazeer e azam,real,rufnd_roman_urdu,roman_urdu
afghanistan sy dehsahtgardon ki check post par firing fc ehalkar shaheed,real,rufnd_roman_urdu,roman_urdu
nab mulk sy badunwani ky khatmy ky liye intehai sanjeedah koshisheen kr raha hai chairman,real,rufnd_roman_urdu,roman_urdu
hazara baradri ko mukamal tahafuz aur security ka yaqeen dilayen gy imran khan,real,rufnd_roman_urdu,roman_urdu
karachi sindh madrisa tul islam ky bani ky poty o asif zardari ky cousin qatal,real,rufnd_roman_urdu,roman_urdu
imran khan ka jo wafadar hai mai usy ghadaar kehta hun molana fazal ur rehman,real,rufnd_roman_urdu,roman_urdu
mansehra gas leakage sy bachon sameet ak hi khandan ky 6 afraad jan bahaq,real,rufnd_roman_urdu,roman_urdu
peshawar mai dasti bomb phatny sy 3 bachy jaan bahaq 2 zakhmi,real,rufnd_roman_urdu,roman_urdu
civil aviation authority tanzeem e nu ky baad 3 divisions mai taqseem,real,rufnd_roman_urdu,roman_urdu
ig islamabad tabdeel qazi jameel ur rehman naye ig tainaat,real,rufnd_roman_urdu,roman_urdu
afghanistan ki machh mai jan bahaq 3 shehriyon ki mayateen watan bhejny ki darkhwast,real,rufnd_roman_urdu,roman_urdu
apny pyaron ki tadfeen kr dyn mai jald apky pas aon ga wazeer e azam ki hazara baradri sy appeal,real,rufnd_roman_urdu,roman_urdu
usama satti qatal case adalat ka tafteeshi afsar par izhar e barhami mulzimaan ka 7 roza remand manzur,real,rufnd_roman_urdu,roman_urdu
nab sy mutmain nhi ehtesab qanoon ky mutabiq nhi hoga to idary ky khilaf action lyn gy supreme court,real,rufnd_roman_urdu,roman_urdu
hazara baradri tadfeen ko wazeer e azam ki amad sy mashrut na kry wazeer e aala balochistan ki darkhwast,real,rufnd_roman_urdu,roman_urdu
karachi business road food streat ko paidal chalny walon ky liye mukhtas krny ka faisla,real,rufnd_roman_urdu,roman_urdu
rawalpindi susral sy khatoon ki phanda lgi laash baraamad,real,rufnd_roman_urdu,roman_urdu
islamabad giraftari ky liye firing krny par wazahat deny mai nakami asi mulazmat sy farig,real,rufnd_roman_urdu,roman_urdu
machh mai kaankunon ky qatal ky khilaf karachi ky mukhtalif maqamaat par ehtejaj traffic ki rawani mutasir,real,rufnd_roman_urdu,roman_urdu
doctor maha qatal case tafteshi afsar ko hatmi report paish krny ka hukam,real,rufnd_roman_urdu,roman_urdu
vaccine ki farahmi mai kuch takheer ka samna krna par skta hai wazeer e sehat sindh,real,rufnd_roman_urdu,roman_urdu
molana fazal ur rehman ky ak aur sathi ky khilaf nab reference dair,real,rufnd_roman_urdu,roman_urdu
gdp mai 1.5 sy 2.5 fisad izafy ka imkan,real,rufnd_roman_urdu,roman_urdu
pakistan mai corona virus sy 91 fisad mareez sehatyab faa'al cases 22 hazar 740 reh gaye,real,rufnd_roman_urdu,roman_urdu
media workers ky haquq ky liye mulk bhar mai muzahiry,real,rufnd_roman_urdu,roman_urdu
minors ka qatal intehai sard mosam mai bhi hazara baradri ka ihtejaj jari,real,rufnd_roman_urdu,roman_urdu
maseehi qedi ka illegal arrest ky khilaf peshawar high court sy riju,real,rufnd_roman_urdu,roman_urdu
k electric ko bin qasim station 3 ky liye gas pipeline bichany ki manzuri,real,rufnd_roman_urdu,roman_urdu
sargodh firqa warana wardaton ka mansuba bnany waly 7 deshatgar giraftar,real,rufnd_roman_urdu,roman_urdu
musbat sifaratkari ky zariye bharat ky manfi propogandy ko nakam banayen gy daftar e kharjah,real,rufnd_roman_urdu,roman_urdu
pakistan ki exports india aur bangladesh sy zyada rehny par wazeer e azam ki mubarakbad,real,rufnd_roman_urdu,roman_urdu
bilawal maryam quetta pohanch gaye lawahiqeen sy taziyat dharny ky shuraka sy khitab,real,rufnd_roman_urdu,roman_urdu
hakumat arbon rupee subsidy ki hamil textile policy mutarif krany ky liye tayar,real,rufnd_roman_urdu,roman_urdu
saneha machh maryam nawaz bilawal ny ghair sanjeedgi ka muzahira kia liaqat shahwani,real,rufnd_roman_urdu,roman_urdu
retairement ki umer barhany ky khilaf peshawar highcourt ka faisala kaladam qarar,real,rufnd_roman_urdu,roman_urdu
peoples party ka hakumat ky khilaf refrence dair krny ky liye adalton sy raju krny ka faisla,real,rufnd_roman_urdu,roman_urdu
pakistan ka maqami tor par tayar krda jadeed rocket system ka kamyab tajurba,real,rufnd_roman_urdu,roman_urdu
mulk bhar ki medical universities ko rawan mah imtehanaat leny sy rok dia gya,real,rufnd_roman_urdu,roman_urdu
rawalpindi ghar sy maa aur derh sala beti ki lashen baramad,real,rufnd_roman_urdu,roman_urdu
civil aviation 3 divisions mai taqseem do izafi additional directors ky ohdy takhleeq,real,rufnd_roman_urdu,roman_urdu
cda ny grand hayat project ko deseal kr dia,real,rufnd_roman_urdu,roman_urdu
karachi mai machh waqiye ky khilaf 20 sy zaid maqamaat par ehtejaj pia ka operation mutasir,real,rufnd_roman_urdu,roman_urdu
machh waqia wazeer e azam ko tofeeq nhi keh maaon betiyon ky saar par ja kr hath rakhen maryam nawaz,real,rufnd_roman_urdu,roman_urdu
pakistan mai 4 lakh 95 hazar corona mutasireen mai sy 4 lakh sehatyab,real,rufnd_roman_urdu,roman_urdu
cheeni ki qeemat mai utar charhao ki waja supply chain mai heerapheri,real,rufnd_roman_urdu,roman_urdu
pakistan ky khilaf dehshatgardi ky liye afghan sarzameen ky istemal ki mazamat,real,rufnd_roman_urdu,roman_urdu
state bank ny pension akhrajaat par khatry ki ghanti baja di,real,rufnd_roman_urdu,roman_urdu
lebnon mai palestinian refugee camp mai larai sy 6 afraad jan bahaq,real,rufnd_roman_urdu,roman_urdu
muqadaas kitab ki toheen bardasht nhi ki ja skti secretary general oic,real,rufnd_roman_urdu,roman_urdu
ecp ka scrutiny committee ko hafty mai 3 baar ijlas krny ki hidayat,real,rufnd_roman_urdu,roman_urdu
lahore kamsin bachy ko ziyadati ky baad qatal krny wala saga bhai giraftar,real,rufnd_roman_urdu,roman_urdu
manshiyaat ky muqadmy mai sazayaftah 80 sala khatoon bari,real,rufnd_roman_urdu,roman_urdu
dehshatgardi ki mali moavnat zaki ur rehman lakhvi ko majmui tor par 15 saal qaid ki saza,real,rufnd_roman_urdu,roman_urdu
hazara baradri ko blackamailer keh kr wazeer e azam fironiyat ky murtakib huwe hain maryam nawaz,real,rufnd_roman_urdu,roman_urdu
islamabad social media par ghustakhana mawad share krny par 3 mulziman ko saza e moat ka hukam,real,rufnd_roman_urdu,roman_urdu
hamza shehbaz ki darkhwast e zamanat yeh munasib nhi mulzim trail ki takmeel tak jail mai rahy,real,rufnd_roman_urdu,roman_urdu
usama satti ka qatal waqiye mai mulavis ctd ky panchon ehalkar bartaraf,real,rufnd_roman_urdu,roman_urdu
zehni bimariyon ka shikar saza e moat ky qaidiyon sy mutaliq supreme court ka faisla mehfuz,real,rufnd_roman_urdu,roman_urdu
zain afendi qatal case daketi aur qatal ki fir ehliya ki mudiyat mai darj,real,rufnd_roman_urdu,roman_urdu
army chief ko dora behrain mai first class award sy nawaza gya,real,rufnd_roman_urdu,roman_urdu
maruf kashmiri rehnuma ibrahim khan ko bichry 20 baras guzar gye,real,rufnd_roman_urdu,roman_urdu
oic ki bajor mai khudkush hamly ki mazamat,real,rufnd_roman_urdu,roman_urdu
chairman royat e hilal committee ka chand dekhny ky liye scienci tareeqa ikhreyat krny ka indiya,real,rufnd_roman_urdu,roman_urdu
shohda ki tadfeen mai rukawat lawahiqeen nahi wazeer e azam hain siraj ul haq,real,rufnd_roman_urdu,roman_urdu
corona waba mulk mai mazeed 2 hazar 435 cases 47 amwat,real,rufnd_roman_urdu,roman_urdu
daniel pearl case sindh government ky khilaf toheen e adalat ki darkhwast par samaat,real,rufnd_roman_urdu,roman_urdu
sweden mai quran e pak ki byhurmati ka silsila na ruk saka,real,rufnd_roman_urdu,roman_urdu
muzafarghar shadi ky tanaziya par 2 kamsin larkiyon ko agg lga di gai,real,rufnd_roman_urdu,roman_urdu
bilawal bhutto zardari 4 saal ky liye chairman peoples party ki hasiyat sy dobara muntakhib,real,rufnd_roman_urdu,roman_urdu
december mai pakistan ky tijarti khasary mai 32 fisad izafa,real,rufnd_roman_urdu,roman_urdu
iraq shadeed garmi ky baais grid station mai dhamaky mulk mai bijli ki farahmi moatal,real,rufnd_roman_urdu,roman_urdu
wazarat e tawanai ny pac ky lng mamly ka az khud notice leny ka ikhteyar challenge kr dia,real,rufnd_roman_urdu,roman_urdu
lockdown ky sabbab 2 crore 7 lakh sy zaaid afraad rozgar sy mehrum huwe survey mai inkeshaf,real,rufnd_roman_urdu,roman_urdu
tabish gohar wazeer e azam ky moavin e khasusi baraye tawanai ky ohdy sy mustafi,real,rufnd_roman_urdu,roman_urdu
pti ghair mulki funding audit krny waly penal ka 13 january ko ijlas mutawaqe,real,rufnd_roman_urdu,roman_urdu
pdm ko chorny wala siyasi tor par khatam ho jaye ga shahid khaqan abbasi,real,rufnd_roman_urdu,roman_urdu
power sector ky gardishi qarzy barh kr november tak 23 kharab 6 arab rupee ho gaye,real,rufnd_roman_urdu,roman_urdu
pakistan ny zaki ur rehman lakhvi sy mutaliq bharti bayaan mustarid kr dia,real,rufnd_roman_urdu,roman_urdu
lahore sagy bhai ko ziyadti ky baad qatal krny waly mulzim ka 4 roza jismani remand,real,rufnd_roman_urdu,roman_urdu
bharat ki pakistan mai firqa warana tasadam ki koshishon sy agah thy imran khan,real,rufnd_roman_urdu,roman_urdu
qeematon ki nigrani ka naya mechanism introduced,real,rufnd_roman_urdu,roman_urdu
pdm ki jumaton ky sath mil kr zimni intekhabaat mai hissa lyn gy ehsan iqbal,real,rufnd_roman_urdu,roman_urdu
pakistan mai nhi america mai oil bussiness hai azam sawati,real,rufnd_roman_urdu,roman_urdu
punjab o khyber pakhtoon khawa hamkumat ki senate intekhabaat open ballot ky zariye krany ki himayat,real,rufnd_roman_urdu,roman_urdu
islamabad child pornography ky mulzim ki darkhwast e zamanat mustarad,real,rufnd_roman_urdu,roman_urdu
shehriyon ka data hack aur sale krny wala 5 rukni giroh giraftar,real,rufnd_roman_urdu,roman_urdu
wazeer e azam imran khan ki quetta amad saneha machh ky lawaheqeen sy mulaqaat,real,rufnd_roman_urdu,roman_urdu
mula akhtar mansoor ky 4 crore sy zaaid maliyat ky asasy baramad,real,rufnd_roman_urdu,roman_urdu
ptm rukan e assembly ali wazeer ki na-ehli ky liye reference,real,rufnd_roman_urdu,roman_urdu
karachi mai ankon ky khushk hony ki bimari mai izafa,real,rufnd_roman_urdu,roman_urdu
karachi site ky elaqy mai chemical factory mai agg lg gai mutadid zakhmi,real,rufnd_roman_urdu,roman_urdu
pakistan mai khudkush hamly mai qeemati janoon ky zeya par afsos huwa saudi wizarat e kharjah,real,rufnd_roman_urdu,roman_urdu
polio aur hifazati tikon sy mutaliq mushawarati group qayyam ky baad sy ghair faa'al,real,rufnd_roman_urdu,roman_urdu
pakistan mai corona virus ky cases mai 2007 amwat mai 40 ka izafa,real,rufnd_roman_urdu,roman_urdu
firdos shamim naqvi ny sindh assembly ky opposition leader ky ohdy sy istefa dy dia,real,rufnd_roman_urdu,roman_urdu
tajir saith abid qalil alalat ky baad inteqal kr gaye,real,rufnd_roman_urdu,roman_urdu
pakistan ki america ko exports mai 10.9 fisad izafa,real,rufnd_roman_urdu,roman_urdu
tarseelaat e zar musalsal 7th month mai bhi 2 arab dollar sy zaaid,real,rufnd_roman_urdu,roman_urdu
wazeer e azam ny musheeron ky mashwary par quetta nah jany ka faisla kia tha,real,rufnd_roman_urdu,roman_urdu
senate ijlas hakumat opposition ky darmiyan sakht jumlon ka tabadla,real,rufnd_roman_urdu,roman_urdu
quetta hakumat sy kamyab muzakraat ky baad hazara baradri ka dharna khatam,real,rufnd_roman_urdu,roman_urdu
pakistan bhar mai bijli ka breakdown,real,rufnd_roman_urdu,roman_urdu
loc bharat ki bila ishteyal firing sy 2 bazurg shehri zakhmi,real,rufnd_roman_urdu,roman_urdu
whatsapp ki new policy wazarat e technology ka privacy ky liye qanoon lany par ghor,real,rufnd_roman_urdu,roman_urdu
tax dahindgan pakistan ky mohsin hain jo khiraj e tehseen ky haqdar hain wazeer e azam,real,rufnd_roman_urdu,roman_urdu
foj ky khilaf baat krny walon ka ilaj hony wala hai wazeer e azam,real,rufnd_roman_urdu,roman_urdu
america apny tahafuzaat ko india ki terrorism par markuz kry daftar e kharja,real,rufnd_roman_urdu,roman_urdu
opposition mai himmat hai to pindi ki traf aye wazeer e dakhla,real,rufnd_roman_urdu,roman_urdu
pakiatan mai bijli ka break down: social media par mazahiya tabsary marshal law ki afwaheen,real,rufnd_roman_urdu,roman_urdu
"karachi green line august tak faa'al ho jaye gi, asad umer",real,rufnd_roman_urdu,roman_urdu
fedral government ka textile ky shoby ky liye jam e mansuba,real,rufnd_roman_urdu,roman_urdu
balochistan ky ilaqy turbat mai dhamaka 4 afrad zakhmi,real,rufnd_roman_urdu,roman_urdu
pakistan mai corona virus ky cases mai tadad 5 lakh sy mutajawuz 91 fisad sehatyab,real,rufnd_roman_urdu,roman_urdu
imarati shahi khandaan ky afrad ki talwar ky shikar ky liye panjgor amad,real,rufnd_roman_urdu,roman_urdu
gany ki qeemat par sugar mills kisanon aur hakumat ky darmiyan taatul barqarar,real,rufnd_roman_urdu,roman_urdu
muslim league n ka senate aur zimni intekhabaat mai hissa leny ka ilan,real,rufnd_roman_urdu,roman_urdu
system ky wapis online any mai mazeed kuch ghanty lgen gy wazeer e tawanai,real,rufnd_roman_urdu,roman_urdu
bary breakdown ky baad mulk ky byshtar shehron mai bijli bahal,real,rufnd_roman_urdu,roman_urdu
hakumat covid 19 vaccine ky jald hasul ky liye pur umeed,real,rufnd_roman_urdu,roman_urdu
tarseeli nizaam mai kharabi karachi lahore samet mulk ky kai shehron mai bijli ka breakdown,real,rufnd_roman_urdu,roman_urdu
islamabad mai amn o amaan ki surat e haal ki nigrani ky liye wuzra ki committee tashkeel,real,rufnd_roman_urdu,roman_urdu
saal 2021 mai sayahat ky liye 52 behtreen maqamat mai lahore shamil,real,rufnd_roman_urdu,roman_urdu
mojuda hakumat ko sahara deny waly bhi pakistan ki tabahi mai shareek hain molana fazal ur rehman,real,rufnd_roman_urdu,roman_urdu
kathputli selected raaj ka khatma aur democracy bahaal kren gy bilawal,real,rufnd_roman_urdu,roman_urdu
russia aman muzakraat ko mustarid nhi krta sadar vladimir putin,real,rufnd_roman_urdu,roman_urdu
nepra ny mulk mai black out ki tehqiqat ka faisla kr lia,real,rufnd_roman_urdu,roman_urdu
usama satti qatal mutaliqa sp aur dsp ky khilaf karwai ki sifarish,real,rufnd_roman_urdu,roman_urdu
senate intekhabaat sy mutaliq sadaarti reference pury aaini dhanchy ko janchna pary ga chief justice,real,rufnd_roman_urdu,roman_urdu
pakistan dunya mai sab sy kam tax jama krta hai wazeer e azam,real,rufnd_roman_urdu,roman_urdu
naeem bukhari ka bator chairman ptv taqarar lahore high court mai challenge,real,rufnd_roman_urdu,roman_urdu
pakistan mai munazam dehshatgardon ka koi structure mojud nhi tarjuman pak foj,real,rufnd_roman_urdu,roman_urdu
imf ky program sy mutaliq jald achi khabar mily gi governor state bank,real,rufnd_roman_urdu,roman_urdu
aafia sadiqi case: wazarat e kharja ki report tasali bakhsh qarar joint secretary adalat talab,real,rufnd_roman_urdu,roman_urdu
bar politics mai wukla ki firing ki khatarnak riwayat muqadmaat darj,real,rufnd_roman_urdu,roman_urdu
broadsheet ky malik ny muslim league n ka jhoot benaqab kr dia shehzad akbar,real,rufnd_roman_urdu,roman_urdu
pdm ka maqsad idaron par dabao daal kr corruption cases sy chutkara hasil krna hai wazeer e kharjah,real,rufnd_roman_urdu,roman_urdu
ehteyat nah ki to khatry ka samna krna par skta hai asad umer ka intebah,real,rufnd_roman_urdu,roman_urdu
corona virus mulk mai mazeed 32 amwat sehatyab afrad ki tadaad mai 1402 ka izafa,real,rufnd_roman_urdu,roman_urdu
corona vaccine ki farahmi hakumati koshishain sirf 20 fisad abaadi ka ahatah kren gi,real,rufnd_roman_urdu,roman_urdu
china ki sarhad band hony sy gilgit baltistan ky logon ko moashi pareshani ka samna,real,rufnd_roman_urdu,roman_urdu
pdm ptv ki moatli sy tanaziya barhny lga,real,rufnd_roman_urdu,roman_urdu
world bank sy hybrid social protection scheme ky liye 60 crore dollar ka qarz talab,real,rufnd_roman_urdu,roman_urdu
siyasi ilzaam tarashiyon ka hissa nhi ban-na chahta tha sarbarah broadsheet,real,rufnd_roman_urdu,roman_urdu
mulk mai 5 roza insedad e polio mohim ka ajj sy agaaz,real,rufnd_roman_urdu,roman_urdu
tanazee ky jamy hal ky liye bain al afghan muzakraat ko agy barhana na guzeer hai wazeer e azam,real,rufnd_roman_urdu,roman_urdu
liyari gang war ka sarbarah uzair baloch qatal ky ak aur muqadmy mai bari,real,rufnd_roman_urdu,roman_urdu
raza rabbani ka black out ky mamly par wazeer e tawanai sy istefy ka mutalbah,real,rufnd_roman_urdu,roman_urdu
money laundaring reference fbr sy shehbaz shareef ki jaidad ka audit record talab,real,rufnd_roman_urdu,roman_urdu
pakistan turkiye azerbaijan ky darmiyan kal seh fareeqi muzakraat hongy,real,rufnd_roman_urdu,roman_urdu
mqm pakistan ko chalany wala koi aur hai syed murad ali shah,real,rufnd_roman_urdu,roman_urdu
lahore session court ky bahir sy 7 mulziman giraftar bari tadaad mai asleha baramad,real,rufnd_roman_urdu,roman_urdu
motorway ziyadati case mulzimaan ko giraftar krny waly afsaraan o ehalkaron mai innamaat taqseem,real,rufnd_roman_urdu,roman_urdu
broadsheet scandel par bnai gai committee inkeshafaat kry gi shibli faraz,real,rufnd_roman_urdu,roman_urdu
khairpur 7 sala bachi ky rape aur qatal ky muqadmy mai 9 mushtabah afrad giraftar,real,rufnd_roman_urdu,roman_urdu
nandipur power reference mai babar awan aur riaz kiyani ki bariyat ka faisla barkarar,real,rufnd_roman_urdu,roman_urdu
loc par jung bandi ki khilaf warzi senior bharti sifaraatkar ko daftar e kharjah talab kr ky ehtejaj,real,rufnd_roman_urdu,roman_urdu
taqseemkar companies ko bijli ki qeemat mai per unit 1.06 rupee izafy ki ijazat,real,rufnd_roman_urdu,roman_urdu
karak mai insedad e polio team par hamlah police ehalkar shaheed,real,rufnd_roman_urdu,roman_urdu
pak behria ka antiship missiles aur torpedoes firing ka kamyab muzahirah,real,rufnd_roman_urdu,roman_urdu
usama satti qatal duty officer ny qasoorwaron ko bachaya aur jurm chupaya report,real,rufnd_roman_urdu,roman_urdu
karachi navy officer ky qatal mai mulavis 2 askariyat pasandon ko umer qaid,real,rufnd_roman_urdu,roman_urdu
vaccine anyy mai waqt lgy ga virus ki teesri lehar sy bachny ki koshish krna hogi asad umer,real,rufnd_roman_urdu,roman_urdu
pakistan mai corona virus ky 2408 new cases 41 deaths,real,rufnd_roman_urdu,roman_urdu
rawaan mali saal ky pehly semester mai cars ki sale mai 13 fisad izafa,real,rufnd_roman_urdu,roman_urdu
jpmc samet 4 hospitals ka intezam sambhaly ky liye fedral ka aham qadam,real,rufnd_roman_urdu,roman_urdu
broadsheet ky malik ky shareef khandaan par ilzamaat ky baad naya tanaziya khara hogya,real,rufnd_roman_urdu,roman_urdu
dubai ky hukmaran samet shahi khandan ky afrad ko talor ky shikar ki ijazat,real,rufnd_roman_urdu,roman_urdu
pakistan derh mah mai corona ky faa'al cases mai 15000 tak ki kami,real,rufnd_roman_urdu,roman_urdu
army chief ki saneha machh ky lawahikeen sy mulaqaat innsaaf faraham krny ki yaqeen dahani,real,rufnd_roman_urdu,roman_urdu
fbr ka atif aslam ko 5 crore 80 lakh rupee ka tax notice,real,rufnd_roman_urdu,roman_urdu
usama satti kisi daketi mai mulavis nhi tha judicial inquiry notice,real,rufnd_roman_urdu,roman_urdu
ali zafar par ak aur khatoon ka hirasani ka ilzam 50 crore rupee harjany ka dawa dair,real,rufnd_roman_urdu,roman_urdu
ptcl ki tamam services ky licenses mai 25 saal ki tajdeed,real,rufnd_roman_urdu,roman_urdu
ak pakistani siyasatdan ny saudi arab sy britain ak arab dollar muntaqil kiye wazeer e azam,real,rufnd_roman_urdu,roman_urdu
pakistan ny dehshatgardi ky khilaf jung mai kamyabi ki bhari qeemat chukai turk wazeer e kharja,real,rufnd_roman_urdu,roman_urdu
senate intekhabat sy mutaliq sadarti reference ham aain ky muhafiz hain chief justice,real,rufnd_roman_urdu,roman_urdu
united nations purtashadud qom parast garohon ko bhi kaladam qarar dy pakistan,real,rufnd_roman_urdu,roman_urdu
icc poll mai wazeer e azam imran khan behtreen cricketer qarar,real,rufnd_roman_urdu,roman_urdu
rukan e sindh assembly jaam kamal shoru o degar ky khilaf nab reference dair krny ki manzuri,real,rufnd_roman_urdu,roman_urdu
jab bhi deal ya nro huwa to do jumaton ko faida pohancha shehzad akbar,real,rufnd_roman_urdu,roman_urdu
mulk mai idaron ki baladasti tasleem nhi kren gy molana fazal ur rehman,real,rufnd_roman_urdu,roman_urdu
sadar e mumlikat ny turk wazeer e kharja ko hilal e pakistan award sy nawaz dia,real,rufnd_roman_urdu,roman_urdu
pakistan aur turkiye ka international level par mushtarkah laiha e amal ikhteyar krny par itefaq,real,rufnd_roman_urdu,roman_urdu
pakistan intehai nazuk dour sy guzar raha hai mehmood achakzai,real,rufnd_roman_urdu,roman_urdu
usama qatal case mulziman ny aik begunah shehri ki jaan leny ka iteraf kr lia tasfteshi afsar,real,rufnd_roman_urdu,roman_urdu
pti rehnuma ki housing society ky liye jari noc mansukh,real,rufnd_roman_urdu,roman_urdu
amdan sy zaaid asasajaat case khawaja asif ky jismani remand mai tosee,real,rufnd_roman_urdu,roman_urdu
asif zardari ki sehat ki janch ky liye medical board tashkeel,real,rufnd_roman_urdu,roman_urdu
pakistan mai corona virus sy sehatya afrad ki tadaad mai taqreeban 3000 ka izafa,real,rufnd_roman_urdu,roman_urdu
broadsheet ky inkashafaat ny hukmaran ashrafia ki corruption or money laundering ko phir benaqab kr dia wazeer e azam,real,rufnd_roman_urdu,roman_urdu
senate ki qaima committee ny tulba ko hirasani sy bachany ky liye bill manzur kr lia,real,rufnd_roman_urdu,roman_urdu
trial ki takmeel ky sath hi chineese vaccine ki jald registeration mutawaqa,real,rufnd_roman_urdu,roman_urdu
geographical signs ky laws notify kr diye gaye,real,rufnd_roman_urdu,roman_urdu
nab ka khawaja saad rafeeq ky khilaf engines ki kharidari ka case band krny ka faisla,real,rufnd_roman_urdu,roman_urdu
daniel pearl case mai wakeel gawahon aur judges tak ko dhamkiyan di gain,real,rufnd_roman_urdu,roman_urdu
karak mandir waqiya ghaflt baratny waly 16 police ehalkar nokri sy farig,real,rufnd_roman_urdu,roman_urdu
public accounts committee ka broadsheet ky sath moahidy ki tehqiqat ka hukam,real,rufnd_roman_urdu,roman_urdu
senate intekhabaat sadarti refernece adalat ny tashreeh ki to sab paband hon gy supreme court,real,rufnd_roman_urdu,roman_urdu
kulbhushan yadhav case hakumat ko ak martaba phir bharat sy rabta krny ki hidayat,real,rufnd_roman_urdu,roman_urdu
sadar o wazeer e azam ki azerbaijan ko nagorno-karabakh ki azadi par mubarakbaad,real,rufnd_roman_urdu,roman_urdu
shumali wazeerastan mai operation loc par firing sy 4 foji jawan shaheed,real,rufnd_roman_urdu,roman_urdu
video games sy dilchaspi rakhny waly naye mawaqy ky liye tayar ho jayen fawad chaudary,real,rufnd_roman_urdu,roman_urdu
pdm foreign funding case mai faisly ky liye election commission ki traf march kry gi maryam aurangzaib,real,rufnd_roman_urdu,roman_urdu
gilgit ki trha kashmir mai bhi selected hakumat lany ko koshish ki to wo modi ka agent hoga,real,rufnd_roman_urdu,roman_urdu
faisal wawda ny jhuta bayan e halfi kesy dia adalat e aliya,real,rufnd_roman_urdu,roman_urdu
deputy chairman senate ka nab sy mutaliq haqaiq aiwan e bala mai paish krny ka elan,real,rufnd_roman_urdu,roman_urdu
channels par baith kr tabsary karny walon ko qanon ka pata hi nhi hota chief justice lahore high court,real,rufnd_roman_urdu,roman_urdu
pak behria ky 3 commodores ki rear admiral ky auhdy par taraqi,real,rufnd_roman_urdu,roman_urdu
election commission ky bahar ehhtejaj mai rukawat nhi banen gy fedral government,real,rufnd_roman_urdu,roman_urdu
zulfi bukhari ki viral video dill azari hui ho to mafi mangta hun,real,rufnd_roman_urdu,roman_urdu
karachi raw sy mubayina tor par tarbiyat yafta deshat gard giraftar,real,rufnd_roman_urdu,roman_urdu
shehzad akbar ny leaguei rehnuma azma bukhari ko hitak e izat ka qanuni notice behj dia,real,rufnd_roman_urdu,roman_urdu
3 baras mai karachi mai cancer ky 33309 caces report huwe,real,rufnd_roman_urdu,roman_urdu
bharat ko aqwam e mutahida ki 3 committees ki sarbarahi milna zyada badshaguni nhi mahireen,real,rufnd_roman_urdu,roman_urdu
mulk mai 27 roz baad corona virus ky 3000 sy zayd cases report,real,rufnd_roman_urdu,roman_urdu
opposition ky pass aksariyat hai to tehreek e adam etemad layen ijaz shah,real,rufnd_roman_urdu,roman_urdu
lahore baap ny zehni aur jismani mazur betiyon ko qatal kr ky khudkushi kr li,real,rufnd_roman_urdu,roman_urdu
islamabad highcourt cynthia ritchie rehman malik ny ak dusry ky khilaf tamam darkhwasten wapis ly liyn,real,rufnd_roman_urdu,roman_urdu
nab ny iss mulk ka paisa lutny walon ko nro dia shahid khakan,real,rufnd_roman_urdu,roman_urdu
musharaf ki saza par rad e amal farogh naseem khasusi adalat ky khilaf apny alfaz par nadim,real,rufnd_roman_urdu,roman_urdu
pakistan ki ecomony 1.5 percent tak barhy gi moodies ki paishgoi,real,rufnd_roman_urdu,roman_urdu
islamabad highcourt ny chairman ptv naim bukhari ko kaam sy rok dia,real,rufnd_roman_urdu,roman_urdu
afghanistan mai aman ka matlab pakistan mai aman hai army chief,real,rufnd_roman_urdu,roman_urdu
do mulkon ny mujhe foreign funding ki paishkash ki lekin qabool nahi ki wazeer e azam,real,rufnd_roman_urdu,roman_urdu
insaf ki farahmi ki rah mai hayal police ehalkaron ko kari saza di jaye wazeer e azam,real,rufnd_roman_urdu,roman_urdu
wazeer e azam ki moawin e khasusi nadeem afzal chan ka astefa manzur,real,rufnd_roman_urdu,roman_urdu
1st february ko taleemi idary kholny ka hatmi faisla 20 jaunary ko hoga,real,rufnd_roman_urdu,roman_urdu
orange line ki khatoon samet amly ka mazduron par behimana tashadud 5 ehalkar giraftar,real,rufnd_roman_urdu,roman_urdu
whatsapp policy pakistan mai data protection bill messaging app lany ki tayari,real,rufnd_roman_urdu,roman_urdu
britain parliament mai budget mai waze hogya keh kashmir bharat ka indruni mamlah nhi hai,real,rufnd_roman_urdu,roman_urdu
zindagi taleem sy aham hai shafqat uncle,real,rufnd_roman_urdu,roman_urdu
petroleum products mazeed mehangi petrol mai 3.20 rupees tak izafa,real,rufnd_roman_urdu,roman_urdu
mulk mai mazeed 2417 afrad corona sy mutasir 45 inteqal kr gaye,real,rufnd_roman_urdu,roman_urdu
gas bohran par nepra ki inquiry committee mustarid krty hain sherry rehman,real,rufnd_roman_urdu,roman_urdu
judicial and political right ko galt istemal kia to jesa kren gy wesa bharen gy wazeer e dakhla,real,rufnd_roman_urdu,roman_urdu
farhan saeed ka sard mosam mai faraiz ada krny wali polio workers ko khiraj e tehseen,real,rufnd_roman_urdu,roman_urdu
kuala lumpur airport par pia ka musafir taiyara rok lia gya,real,rufnd_roman_urdu,roman_urdu
nadeem afzal chan ko fedral cabnit mai wapis lany ki koshishen nakaam,real,rufnd_roman_urdu,roman_urdu
hakumat ka 1 sy 8 class ky students ky liye 1st feburary sy school kholny ka faisla,real,rufnd_roman_urdu,roman_urdu
virtual lng pipelines ky liye provisional licenses ka ijra,real,rufnd_roman_urdu,roman_urdu
government ny electricity ky nirkhon mai 1.90 izafy ka faisla kr lia,real,rufnd_roman_urdu,roman_urdu
mulk geer bijli ky breakdown ki tehqiqat ky liye 3 rukni committee qaim,real,rufnd_roman_urdu,roman_urdu
mulk mai petroleum bohran mai oil ky 12 exporters ky mulavis hony ka inkashaf,real,rufnd_roman_urdu,roman_urdu
hakumat nizam e adal ko behtr bnany ky liye pur azm wazeer e azam,real,rufnd_roman_urdu,roman_urdu
pti ky chief organizer ki chief election comissioner sy mulaqaat,real,rufnd_roman_urdu,roman_urdu
kabul taliban ny afghanistan mai siyasi jumaaton par pabandi lga di,real,rufnd_roman_urdu,roman_urdu
bharat china ka mutanaziya sarhad pur amn barqarar rakhny ka azm,real,rufnd_roman_urdu,roman_urdu
nasli imtiaz sy mutanafar ho kar american foji north korea mai dakhil huwa,real,rufnd_roman_urdu,roman_urdu
bangladesh rehnuma jumat e islami sapurdekhaak doraan e hirasat wafat par hazaron afrad ka ehtejaj,real,rufnd_roman_urdu,roman_urdu
kabul afghanistan mai taliban hakumat ki iqtedar mai wapsi ky 2 saal mukamal,real,rufnd_roman_urdu,roman_urdu
bharat musalsal barishon ky sabab land sliding 59 afrad halaak zinda bachny walon ki talash jari,real,rufnd_roman_urdu,roman_urdu
bangladesh rehnuma jumat e islami sapurdekhaak doraan e hirasat wafat muzahireen sarapa ehtejaj,real,rufnd_roman_urdu,roman_urdu
bharat ny uae ko pehli baar rupee mai tail ki adaigi kr di,real,rufnd_roman_urdu,roman_urdu
america ka pakistan ki economic kamyabi ky liye bharpur tawun ka izhar,real,rufnd_roman_urdu,roman_urdu
afghanistan khost ky hotal mai bomb blast 3 afraad halaak,real,rufnd_roman_urdu,roman_urdu
bharat himaliya mai musalsal barishon ky sabab land sliding 41 afraad halak,real,rufnd_roman_urdu,roman_urdu
hirasani ky ilzamaat miss universe muqably ny indonesia sy taluqaat munqata kr liye,real,rufnd_roman_urdu,roman_urdu
china ky zhyan mai shadeed barishen mitti ka toda girny sy 2 afraad halak 16 lapata,real,rufnd_roman_urdu,roman_urdu
beijing north china mai tabahkun barishon sy halakton ki tadad 78 ho gai,real,rufnd_roman_urdu,roman_urdu
china ny america ky liye jasusi krny waly chinese citizen ko benaqab kr dia,real,rufnd_roman_urdu,roman_urdu
irani wazeer e kharja ka taluqat ki bahali ky baad saudi arab ka pehla dora,real,rufnd_roman_urdu,roman_urdu
lebiya musalah jharpon mai tezi 55 afrad halak,real,rufnd_roman_urdu,roman_urdu
iran shah chirag mizar par firing ky baad 8 ghair mulki mushtabah afrad giraftar,real,rufnd_roman_urdu,roman_urdu
sabiq israeli foji general ny west bank mai iqdamaat ko nasal parastana qarar dy dia,real,rufnd_roman_urdu,roman_urdu
iran mizar par firing ky ilzam mai mazeed 4 afrad giraftar,real,rufnd_roman_urdu,roman_urdu
israel ny palestine ky liye saudi safeer ka taqarar mustarid kr dia,real,rufnd_roman_urdu,roman_urdu
riyaz saudi arab ny palestine ky liye apna safeer namzad kr dia,real,rufnd_roman_urdu,roman_urdu
quran e pak ki behurmati lebanon mai swedish sifaratkhany par desi sakhta bomb sy hamla,real,rufnd_roman_urdu,roman_urdu
israeli foj ny firing kr ky 3 palestinians ko qatal kr dia,real,rufnd_roman_urdu,roman_urdu
ukraine ki jeddah muzakraat mai 10 nukati aman formula ki paishkash,real,rufnd_roman_urdu,roman_urdu
palestinian shehri ky qatal mai sabiq rukn e assembly ky maawin samet 2 afraad giraftar,real,rufnd_roman_urdu,roman_urdu
sham mai daaish ka sarbarah mara gya,real,rufnd_roman_urdu,roman_urdu
afghan wazeer e kharja ki qatar mai mukhtalif mumalik ky safeeron sy mulaqat economy aur security par tabadla khayal,real,rufnd_roman_urdu,roman_urdu
palestine mai muzalim par pakistan ka israel ko jawabdeh thehrany ka mutaalba,real,rufnd_roman_urdu,roman_urdu
niger army general ny khud ko naya mulki sarbarah qarar dy dia,real,rufnd_roman_urdu,roman_urdu
russia ka american sifaarti amly ko mulk sy nikalny ka hukam,real,rufnd_roman_urdu,roman_urdu
mustaqbil mai wabaon sy nimatny ky liye international meesaaq tarteeb deny par itefaq,real,rufnd_roman_urdu,roman_urdu
covid 19 ki sangeen shidat ka samna krny waly mareezon ky bary mai naya inkeshaf,real,rufnd_roman_urdu,roman_urdu
saudi arab mai omicrone virus ka pehla case report hony ki tasdeeq,real,rufnd_roman_urdu,roman_urdu
dunya ky sasty tareen shehron mai pakistan ka bhi ak shehar shamil,real,rufnd_roman_urdu,roman_urdu
america high school mai 15 sala larky ki firing sy 3 tulba halak,real,rufnd_roman_urdu,roman_urdu
world bank ki afghanistan ky liye 28 crore dollar munjamid funds ki muntaqli ki himayat,real,rufnd_roman_urdu,roman_urdu
covid ki purani iqsaam sy mutasir afrad ko omicron sy tahafuz na milny ka khadsha,real,rufnd_roman_urdu,roman_urdu
kya space sy li gai is tasweer mai mount everest ko talash kr skty hain,real,rufnd_roman_urdu,roman_urdu
bharat mai omicron ky do cases report hony ki tasdeeq,real,rufnd_roman_urdu,roman_urdu
astrazeneca vaccine sy chand afrad mai bloodcloat ky khatry ki waja daryaft,real,rufnd_roman_urdu,roman_urdu
america high school mai firing krny waly talib ilm par fard e jurm aaid,real,rufnd_roman_urdu,roman_urdu
moahida bachany ky iye muzakraat ky baawajud iran johri paish raft kr raha hai,real,rufnd_roman_urdu,roman_urdu
american secretary defense ki hypersonic hathyaron ky liye china ki koshishon par tanqeed,real,rufnd_roman_urdu,roman_urdu
afghan iran border par taliban aur irani forces ky darmiyan jharap,real,rufnd_roman_urdu,roman_urdu
doha muzakraat taliban ka assets unfreeze aur america ka mustaqbil mai hamly na krny ka mutalba,real,rufnd_roman_urdu,roman_urdu
musheer qomi salamti ki russian ham mansab sy mulaqat afghanistan mai amn ky liye himayat ka azm,real,rufnd_roman_urdu,roman_urdu
kya omicron corona ki boht zyada mutaadi qism hai,real,rufnd_roman_urdu,roman_urdu
omicron bazahir cornoa ki boht zyada mutasdi qism hai who,real,rufnd_roman_urdu,roman_urdu
taliban ny afganistan mai khawateen ki jabri shadi par pabandi aaid kr di,real,rufnd_roman_urdu,roman_urdu
corona ki nai qism omicron ky bary mai haqeeqi dunya ka pehla data samny agya,real,rufnd_roman_urdu,roman_urdu
firing sy 200 palestinians ka qatal israel tahqeqat krny mai nakam,real,rufnd_roman_urdu,roman_urdu
america aur russia ukraine ky mamly par sakht tanaziya sy bachny ky liye pur azm,real,rufnd_roman_urdu,roman_urdu
america aur iran nuclear agreement ki bahali ky hawaly sy naumeed,real,rufnd_roman_urdu,roman_urdu
turk lira ki qarar mai tareekhi kami recep tayyip erdogan ny wazeer e khazana ko ohdy sy hatta dia,real,rufnd_roman_urdu,roman_urdu
shehri ka qatal yaqeen hai imran khan mulziman ko insaf ky katehry mai lyn gy sirlankan wazeer e azam,real,rufnd_roman_urdu,roman_urdu
uae ka france sy 80 fighter jets ka tareekhi moahida,real,rufnd_roman_urdu,roman_urdu
dunya ky 38 mumalik mai omicron mojud hai halakat samny nhi aii who,real,rufnd_roman_urdu,roman_urdu
umeed hai keh international level par qabuliyat sy afghanistan ky liye darwazy khul jayen gy,real,rufnd_roman_urdu,roman_urdu
bharat afganistan ko imdad bhejny ky liye afghan trucks ka istemal kr skta hai,real,rufnd_roman_urdu,roman_urdu
corona ki nai qism omicron ky banany ky amal ky bary mai naya inkeshaf,real,rufnd_roman_urdu,roman_urdu
nagaland bharti fojiyon ny aam shehriyon ko dehshatgard samajh kr firing kr di 15 afrad halak,real,rufnd_roman_urdu,roman_urdu
covid vaccine ki izafi khurak mudafiyat mai numayan izafa krti hai tehqiqat,real,rufnd_roman_urdu,roman_urdu
dunya ki dusri bulandtreen amarat bhi muslim mulk mai tameer,real,rufnd_roman_urdu,roman_urdu
america degar mumalik ki sabiq security ohdedaraan ki jald phansi par taliban par tanqeed,real,rufnd_roman_urdu,roman_urdu
difaai tajurby ky doran irani nuclear plant ky nazdeek zoordar dhamaka,real,rufnd_roman_urdu,roman_urdu
afghanistan ky liye bharat sy gandum ki ijazat taliban ka pakistan ky faisly ka khair maqdam,real,rufnd_roman_urdu,roman_urdu
hijar e aswad ko virtual dekhny ky mansuby ka aghaz,real,rufnd_roman_urdu,roman_urdu
arab amn iqdam ki sharait par saudi arab israel sy taluqat qaim krny ky liye tayar,real,rufnd_roman_urdu,roman_urdu
uae ny america sy f35 jets ki kharidari ky liye muzakraat moatal kr diye,real,rufnd_roman_urdu,roman_urdu
mawrae adalat qtal ky 72 waqiyat mai taliban ka haath hai united nations,real,rufnd_roman_urdu,roman_urdu
maqbuza kashmir bharti foj ki firing sy huriyat pasand janbahaq,real,rufnd_roman_urdu,roman_urdu
afghanistan mai drone hamly mai mulavis ehalkaron ko saza ka samna nhi krna pary ga pentagon,real,rufnd_roman_urdu,roman_urdu
afghanistan par oic ky ijlas ki mezbani par pakistan ky mashkur hain america,real,rufnd_roman_urdu,roman_urdu
america mai pony do lakh naye corona cases report dehli paris mai saal e nu ki taqreebat par pabandi,real,rufnd_roman_urdu,roman_urdu
britain parliament ka occupied kashmir mai insani haquq ki pamali jali muqablon par izhar e tashveesh,real,rufnd_roman_urdu,roman_urdu
britain adalat ka hakim dubai ko sabiq ehliya ko 55 crore sy zyada pound ada krny ka hukam,real,rufnd_roman_urdu,roman_urdu
saal ka sab sy chota din aur sab sy lambi raat,real,rufnd_roman_urdu,roman_urdu
america ka afghanistan ky hawaly sy moaqif mai lachak ka muzahira,real,rufnd_roman_urdu,roman_urdu
afghanistan herat mai musafir bus dhamaky sy khawateen samet 7 afraad janbahaq,real,rufnd_roman_urdu,roman_urdu
maslae kashmir hangami bunyad par hal kia jaye pakistan ka aqwam e utahida par zor,real,rufnd_roman_urdu,roman_urdu
beti bachao ky bajaye beti patao kaha jany par narinder modi par mazaq,real,rufnd_roman_urdu,roman_urdu
america russia muzakraat mai ukraine ky mamly par kasheedgi kam krny par itefaq,real,rufnd_roman_urdu,roman_urdu
yaman jail par air attack mai 100 sy zaid afrad halak,real,rufnd_roman_urdu,roman_urdu
amm nazla zukam covid sy kisi had tak tahafuz faraham kr skta hai tehqeeq,real,rufnd_roman_urdu,roman_urdu
afghan inkhela ky doran gum hony wala 2 mah ka bacha 5 mah baad ehalekhana ko mil gya,real,rufnd_roman_urdu,roman_urdu
abhi taliban ki afghan hakumat ko bazabta tor par tasleem nhi kia iran,real,rufnd_roman_urdu,roman_urdu
pfizer omicron ky khilaf new vaccine ki azmaish january mai shuru krny ky liyr tyar,real,rufnd_roman_urdu,roman_urdu
afghanistan nangarhar mai dhamaky sy 9 bachy jan ba haq,real,rufnd_roman_urdu,roman_urdu
myanmar foji adalat ny aung san suu chi ko naye cases mai mazeed 4 saal qaid suna di,real,rufnd_roman_urdu,roman_urdu
newyork building mai agg lgny sy 9 bachon samet 19 afrad halak,real,rufnd_roman_urdu,roman_urdu
jerusalem mai mojud christians ky liye israeli intehapasand kharta bn gaye,real,rufnd_roman_urdu,roman_urdu
saudiarab ki galiyon mai ghair mulki khaton ky samba dance ki video viral,real,rufnd_roman_urdu,roman_urdu
afghanistan ka mustaqbil pakistan ky sath taliban ky taluqat maghrabi imdad par munhasir hai,real,rufnd_roman_urdu,roman_urdu
srilanka ki china sy qarzon ki adaigi restructure krny ki darkhwast,real,rufnd_roman_urdu,roman_urdu
france mai khelon mai hijab ky istemal par pabandi ky haq mai votting,real,rufnd_roman_urdu,roman_urdu
covid vaccination ky baad muzzar asraat zahir na hona kya btata hai,real,rufnd_roman_urdu,roman_urdu
israel ki united arab emirates ko hawasiyon ky hamly ky baad security intelligence tawun ki paishkash,real,rufnd_roman_urdu,roman_urdu
bharti army chief aur wazeer e dakhla ki giraftari ky liye britain mai darkhwast dair,real,rufnd_roman_urdu,roman_urdu
bharti behriya ky jahaz mai dhamaka 3 ehalkar halak,real,rufnd_roman_urdu,roman_urdu
hawasi baghiyon ky hamly ilaqai amn o salamti ky liye shadeed kharta hain wazeer e azam,real,rufnd_roman_urdu,roman_urdu
5g technology air operation ky liye nuksandeh hai america airlines ka intebah,real,rufnd_roman_urdu,roman_urdu
taliban khawateen ko amumi zindagi sy mehrum kr rahy hain aqwam e mutahida,real,rufnd_roman_urdu,roman_urdu
israel ky sath taluqaat behtr bnany ky liye tayar hain recep tayyip erdoğan,real,rufnd_roman_urdu,roman_urdu
blogger ky qatal ki sazish mai raqam muntiqali ki tafselaat manzar e amm par aagain,real,rufnd_roman_urdu,roman_urdu
qabailli nujawan ky saar chehry par peshab krny ki video par india mai siyasat mulzim ny insaniyat ko daghdar kia,real,rufnd_roman_urdu,roman_urdu
jaheez nah hony ki wja sy mujhe darjanon mardon ny thukraya,real,rufnd_roman_urdu,roman_urdu
underworld par banany wali film seeta jis ny manoj bajpai ko mumbai ka king bna dia,real,rufnd_roman_urdu,roman_urdu
india mai hajum ky hathon halak hony waly zaheer kisi ny kaha kal in ka tehwar hai in ko ajj hi khatam kr do,real,rufnd_roman_urdu,roman_urdu
mossad ka iran ky andar khufiya operation mai kiraye ky qatil ky aghwa ka dawa,real,rufnd_roman_urdu,roman_urdu
indian army ky khilaf mazahmat ki alamat banany wali manipur ki maayen,real,rufnd_roman_urdu,roman_urdu
china ka naya qanon america aur west ky khilaf jarehana kharja policy ki alamt,real,rufnd_roman_urdu,roman_urdu
indian actress madhubala jin ky croron chahny walon mai zulfiqar ali bhutto bhi shamil thy,real,rufnd_roman_urdu,roman_urdu
in mazduron ky aghwa aur afrad ki kahani jinhen kuwen khodny ky liye ghulam bna kr rakha gya,real,rufnd_roman_urdu,roman_urdu
bangladesh dhaka mai pehli metro train service ka aghaz hogya,real,rufnd_roman_urdu,roman_urdu
gharelu khawateen ka shohar ki jaidad mai brabar hissy sy mutaliq adalti faisla jisy india mai pazirai mili,real,rufnd_roman_urdu,roman_urdu
american janglaat mai lgny wali agg canada pohanch gai 3 fire fighters halak,real,rufnd_roman_urdu,roman_urdu
moscow par ukraine ka drone hamla ak airport ko aarzi band kr dia gya,real,rufnd_roman_urdu,roman_urdu
columbia ky sadar ka beta money laundring case mai giraftar,real,rufnd_roman_urdu,roman_urdu
bangladesh opposition ka ehtejaji muzahira wazeer e azam shiekh haseena sy astefy ka mutalba,real,rufnd_roman_urdu,roman_urdu
thiland atishbazi ky godam mai dhamaka 9 afrad halak,real,rufnd_roman_urdu,roman_urdu
australia army helicopter pacific ocean mai gir kar tabah amly ky 4 afrad lapata,real,rufnd_roman_urdu,roman_urdu
quran e majeed ko behurmati sy bachany wali khaton ki video viral,real,rufnd_roman_urdu,roman_urdu
pakistan mai hamlon ky pichy alqaida ki rehnumai ka inkeshaf,real,rufnd_roman_urdu,roman_urdu
dubai bharti shehri par qismat meharban 25 saal tak mahana lakhon rupees milen gy,real,rufnd_roman_urdu,roman_urdu
niger baghawat european union ny security tawun aur budget imdad moatal kr di,real,rufnd_roman_urdu,roman_urdu
singapur mai khaton ko phansi dy di gai,real,rufnd_roman_urdu,roman_urdu
niger baghawat general abdurehman chiyani ny khud ko rehnuma qarar dy dia,real,rufnd_roman_urdu,roman_urdu
vietnam badunwani ky ilzam mai sabiq hukaam aur sifaratkaron ko jail bhej dia gya,real,rufnd_roman_urdu,roman_urdu
dusra samundri tufan bhi china ky sahilon sy takra gya,real,rufnd_roman_urdu,roman_urdu
singapur 20 saal baad pehli martaba khaton ko drugs ky ilzam mai phansi,real,rufnd_roman_urdu,roman_urdu
antarctica mai pyramids of egypt jesa pahaar tawaja ka markaz bn gya,real,rufnd_roman_urdu,roman_urdu
brazil anaj ky godaam mai purisrar dhamakon sy 8 afrad halak,real,rufnd_roman_urdu,roman_urdu
garmi ka dor khatam zameen ubalny ky dor mai dakhil Secretary-General of the United Nations,real,rufnd_roman_urdu,roman_urdu
aazmeen e hajj ki khidmaat ky liye version 2023 ky tehet route 2 makkah mansuba shuru kia gya saudi safeer,real,rufnd_roman_urdu,roman_urdu
myanmar ki aung san suu chi jail sy ghar mai nazarband,real,rufnd_roman_urdu,roman_urdu
russia ka musafir bardar helicopter siberia mai gir kr tabah 6 afrad halak,real,rufnd_roman_urdu,roman_urdu
wabaai marz corona kurra e arz sy khatam hogya hai german virologist,real,rufnd_roman_urdu,roman_urdu
russian wazeer e difa ki north korea mai ballistic missiles ki numaish mai shirkat,real,rufnd_roman_urdu,roman_urdu
manipur insani haquq ki sangeen khilaf warziyon par bharti idara braye insani haquq bhi phat para,real,rufnd_roman_urdu,roman_urdu
saudiarab sy intehai afsosnak khabar agai,real,rufnd_roman_urdu,roman_urdu
brazil mai khaton ko mobile chori krny waly shakhs sy hi pyar hogya,real,rufnd_roman_urdu,roman_urdu
saudi air force ka tyara gir kr tabah dono pilots jan ba haq,real,rufnd_roman_urdu,roman_urdu
spain 8 sala pakistani bacha swimming poll mai doob kr jan ba haq,real,rufnd_roman_urdu,roman_urdu
masjid e aqsa ky bahar israeli abadkaron ki ishteyal angezi,real,rufnd_roman_urdu,roman_urdu
mutahida arab amaraat ky sadar shiekh muhammad ky bhai inteqal kr gaye,real,rufnd_roman_urdu,roman_urdu
khatry ki ghanti baj gai samundar ka pani bhi garam hony lga,real,rufnd_roman_urdu,roman_urdu
global waba ky baad russian aur chinese hukaam ka north korea ka dora,real,rufnd_roman_urdu,roman_urdu
russia ki cyber security ky sarbarah ko ghadaari ky ilzam mai 14 saal ki jail,real,rufnd_roman_urdu,roman_urdu
global hunger ky index mai bharat pakistan aur nigeria sy pichy,real,rufnd_roman_urdu,roman_urdu
niger mai baghawat foj ny sadar ko mehal ky andar mehsur kr dia,real,rufnd_roman_urdu,roman_urdu
yunan kashti saneha european union ny tehqiqat shuru kr di,real,rufnd_roman_urdu,roman_urdu
america ka bharati riyasat manipur mai jari tashadud aut nasli fasadaat par afsos ka izhar,real,rufnd_roman_urdu,roman_urdu
bharti foj corruption aur ayashiyon ka garh,real,rufnd_roman_urdu,roman_urdu
pakistan any wali bharti khaton anju ky walid ny usy apny liye murda qarar dy dia,real,rufnd_roman_urdu,roman_urdu
greece mai jungle ki agg bujhany wala tayara gir kr tabah dono pilot halaak,real,rufnd_roman_urdu,roman_urdu
bari tabahi sy bachny ky liye yemen ky oil tanker sy oil transfer shuru aqwam e mutahida,real,rufnd_roman_urdu,roman_urdu
samundri tufan ky bais taiwan ki foji mashken mansukh,real,rufnd_roman_urdu,roman_urdu
china ny ak mah tak ghaib rehny waly wazeer e kharja ko bartaraf kr dia,real,rufnd_roman_urdu,roman_urdu
ghori ki moat par rony wali bachi ko ghoron ka nadir tohfa mil gya,real,rufnd_roman_urdu,roman_urdu
umrah ky liye jaty huwe kin 10 chezon ka bag mai hona zarori hai,real,rufnd_roman_urdu,roman_urdu
afghanistan mai beauty parlours par taly lg gaye,real,rufnd_roman_urdu,roman_urdu
modi ky khilaf tahreeq e adam etemad lany ka faisla,real,rufnd_roman_urdu,roman_urdu
israeli abadkaron ki bus par firing,real,rufnd_roman_urdu,roman_urdu
pakistan ki iqtesadi bahali ky liye hamari himayat jari rahy gi antony blinken,real,rufnd_roman_urdu,roman_urdu
algeria mai garmi ki lehar jungle ki agg sy 25 afrad halak,real,rufnd_roman_urdu,roman_urdu
space x ky rocket ny zameeni fiza ki layer mai surakh kr dia,real,rufnd_roman_urdu,roman_urdu
guzishta 2 weeks ky doran 10 kashmiri shaheed 100 sy zaid giraftar,real,rufnd_roman_urdu,roman_urdu
somalia ky capital mai khudkush dhamaka 20 afrad halak,real,rufnd_roman_urdu,roman_urdu
bangladesh dengue phir sy sar uthany lga 170 sy zaid afrad halak,real,rufnd_roman_urdu,roman_urdu
yunan mai agg ny tabahi macha di hazaron logon ki naqal maqani,real,rufnd_roman_urdu,roman_urdu
china ky middle school mai gym ki chaat girny sy 11 afrad halak,real,rufnd_roman_urdu,roman_urdu
indonesia mai kashti dubny sy 15 afrad halak 19 lapata,real,rufnd_roman_urdu,roman_urdu
afghanistan mai selab ny tabahi macha di 31 afrad jan ba haq aur 41 lapata,real,rufnd_roman_urdu,roman_urdu
pakistan mai intekhabaat sy mutaliq america ka aham bayan samny agya,real,rufnd_roman_urdu,roman_urdu
islami tawun tanzeem ka sweden ky khasusi aylchi ki hasiyat moatal krny ka faisla,real,rufnd_roman_urdu,roman_urdu
russia shopping mall mai water pipe mai dhamaka 4 afrad halak,real,rufnd_roman_urdu,roman_urdu
bharat ka jaali pulwama drama ak baar phir benaqab,real,rufnd_roman_urdu,roman_urdu
cameroon ky shehar douala mai imart girny sy 12 afrad halaak,real,rufnd_roman_urdu,roman_urdu
israeli mutanaziya adalti islahaat hazaron israeliyon ny parliament ky samny camp lga diye,real,rufnd_roman_urdu,roman_urdu
bharat land sliding sy 27 afrad ki lashen baramad mutadid lapata,real,rufnd_roman_urdu,roman_urdu
odessa par russian missile attack mai ak shakhs halak girja ghar ko nuqsan,real,rufnd_roman_urdu,roman_urdu
ukraine ki front line ky qareeb russian sahafi halak 3 zakhmi,real,rufnd_roman_urdu,roman_urdu
ukraine ka russian gaon par cluster bombs sy hamly governor baghdad,real,rufnd_roman_urdu,roman_urdu
bharat dehli airport par bhaari tadaad mai ghair mulki currency ki smuggling nakaam,real,rufnd_roman_urdu,roman_urdu
ukraine sy ajnas deal russia ny deal mai wapis any ky liye 7 sharait rakh din,real,rufnd_roman_urdu,roman_urdu
morocco tarkeen e watan ki tashki dubny sy 6 afrad halak,real,rufnd_roman_urdu,roman_urdu
kuraa e arz ky ghair mamuli darja e hararat par scientists tashweesh mai mubtala,real,rufnd_roman_urdu,roman_urdu
uruguay ky sahil par hazaron penguin ku halakt sy tashveesh paida hogai,real,rufnd_roman_urdu,roman_urdu
sweden mai toheen e quran par bagdad ky green zone mai synkron afrad ki hamly ki koshish,real,rufnd_roman_urdu,roman_urdu
america tareekh mai pehli martaba american navy ki kamaan khaton admiral ky hathon mai,real,rufnd_roman_urdu,roman_urdu
north korea ny sumundar mai mutadid cruise missiles daagh diye,real,rufnd_roman_urdu,roman_urdu
mexico mai sandstorms ny tabahi macha di,real,rufnd_roman_urdu,roman_urdu
bharti riyasat maharashtra mai landsliding sy 22 afrad halak,real,rufnd_roman_urdu,roman_urdu
greece mai garmi ka 50 sala record tut gya,real,rufnd_roman_urdu,roman_urdu
isreali foj ki bariyat sy 2 palestinian nujawan shaheed,real,rufnd_roman_urdu,roman_urdu
modi raaj mai apny haquq ky liye nichli zaat ky hindu barhana ehtejaj krny par majbur,real,rufnd_roman_urdu,roman_urdu
pak america economic aliance dono mumalik ko yakja kry ga rukan congress mccall,real,rufnd_roman_urdu,roman_urdu
khufia dastavezaat case trump ko bara relief mil gya,real,rufnd_roman_urdu,roman_urdu
bharat mai cheeton ki amwaat wild life officer ko ohdy sy bartaraf kr dia gya,real,rufnd_roman_urdu,roman_urdu
greece mai garmi ki dusri lehar ko cleon naam dy dia gya,real,rufnd_roman_urdu,roman_urdu
saudiarab ki quran e kareem ko nazar e atish krny ki shakht alfaz mai mazammat,real,rufnd_roman_urdu,roman_urdu
bharat landsliding sy marny walon ki tadaad 16 hogai,real,rufnd_roman_urdu,roman_urdu
london mai arab art ki sab sy bari numaish,real,rufnd_roman_urdu,roman_urdu
pakistan mai bunyadi jamhuri asulon ki himayat krty hain american foreign ministry,real,rufnd_roman_urdu,roman_urdu
saudiarab harmain train intezamiya ki musafiron sy maazrt moawza ka ilan,real,rufnd_roman_urdu,roman_urdu
north korea ka america ko johri jawabi karwai ki dhamki,real,rufnd_roman_urdu,roman_urdu
eastern congo mai bomb blast 9 afrad halak 16 zakhmi,real,rufnd_roman_urdu,roman_urdu
srilanka imf bailout plan ky tehat insedad e badunwani bill manzur,real,rufnd_roman_urdu,roman_urdu
bharat hindu intehapasandon ny 2 christian khawateen ko barhana kr ky sarak par ghumaya video viral,real,rufnd_roman_urdu,roman_urdu
bharat tez raftar gari rahgiron par charh dori 9 afrad halak,real,rufnd_roman_urdu,roman_urdu
bharat mai shadeed barsheen mitti ka toda girny sy 10 afrad halak 100 sy zaid afrad phans gaye,real,rufnd_roman_urdu,roman_urdu
harry aur meghan ko mali mushkilaat ka samna,real,rufnd_roman_urdu,roman_urdu
cipher sy mutaliq america ka bara bayan agya,real,rufnd_roman_urdu,roman_urdu
newzealand fifa womens worldcup ky aghaz sy qabal firing 2 afrad halak,real,rufnd_roman_urdu,roman_urdu
european darja e hararat mai almi aust sy dugna izafa huwa hai report,real,rufnd_roman_urdu,roman_urdu
iraq mai mushtail muzahireen ny swedish sifaratkhana jala dala,real,rufnd_roman_urdu,roman_urdu
canada 9 million dollar maliyat ka cargo aur tractor trailer chori krny waly bharti nikly,real,rufnd_roman_urdu,roman_urdu
saudiarab mai khaleej tawun council aur central asian countries ky sarbarahi ijlas ka aghaaz,real,rufnd_roman_urdu,roman_urdu
russia ki anaaj ky maal bardaar jahazon par hamly ki nai dhamki arab media,real,rufnd_roman_urdu,roman_urdu
italy ky tamam bary shehron mai red heat alert jari,real,rufnd_roman_urdu,roman_urdu
algeria bus aur van mai khofnak hadsa 34 musafir halak,real,rufnd_roman_urdu,roman_urdu
bharti foj ki taza karwai mai 2 aur kashmiri nujawan shaheed,real,rufnd_roman_urdu,roman_urdu
azad khalistan tanzeem ka bharti wazeer e dakhla mai wazeer e kharja ky khilaf canada mai moqadma darj krany ka ilan,real,rufnd_roman_urdu,roman_urdu
indonesia mai musafir train aur truck ky darmiyan khatarnak tasadum,real,rufnd_roman_urdu,roman_urdu
american city phoenix mai garmi ka 50 sala record tut gya,real,rufnd_roman_urdu,roman_urdu
kate middleton ka mohabbat bhara andaz tashveesh ka bais bn gya,real,rufnd_roman_urdu,roman_urdu
europe mai shadeed garmi ki lehr jari italy mai emergency nafiz,real,rufnd_roman_urdu,roman_urdu
capital hill attack case sabiq american sadar donald trump shamil e tafteesh,real,rufnd_roman_urdu,roman_urdu
ghulaf e kaaba tabdeel kr dia gya,real,rufnd_roman_urdu,roman_urdu
srilanka ki tareekh mai pehli martaba quran hifz ka muqabla synkron hafaz ki shirkat,real,rufnd_roman_urdu,roman_urdu
china taqatwar samundri tufan thallium ky waar jari lakhon afrad beghar,real,rufnd_roman_urdu,roman_urdu
china ky wazeer e kharja purisrar ghair mojudgi ky baad dobara manzar e aam par aagaye,real,rufnd_roman_urdu,roman_urdu
bharti foj ki maqbuza kashmir mai deshatgardi jari 4 kashmiri nujawan shaheed,real,rufnd_roman_urdu,roman_urdu
bagair ijazat north korea ki sarhad abur krny wala american shahks giraftar,real,rufnd_roman_urdu,roman_urdu
america ny north korea mai atomic submarine tainaat kr di,real,rufnd_roman_urdu,roman_urdu
canada ny junglaat mai lgi agg par qabu pany ky liye almi idaron sy madad mang li,real,rufnd_roman_urdu,roman_urdu
umer raseeda bahadur khaton ny jahaz ki hangami landing kr ky musafiron ki jaan bacha li,real,rufnd_roman_urdu,roman_urdu
bharat ky news channels ny ai news anchors mutarif krwa din,real,rufnd_roman_urdu,roman_urdu
samundri tufan typhoon talim south china ky sahil sy takra gya,real,rufnd_roman_urdu,roman_urdu
turk sadar ny saudi wali ehad ko electric car tohfy mai dy di,real,rufnd_roman_urdu,roman_urdu
garmi ki shiddat greece ky mukhtalif junglaat mai agg bharak uthi,real,rufnd_roman_urdu,roman_urdu
global warming qabo sy bahar europe aur asia ky kai mumalik mai garmi ki shadeed lehar,real,rufnd_roman_urdu,roman_urdu
iran sy darpaish khatraat america ka middle east mai izaafi foj bhejny ka ilan,real,rufnd_roman_urdu,roman_urdu
bharti railway ki karkardgi ny modi sarkar ki khokhli taraqi ko benaqab kr dia,real,rufnd_roman_urdu,roman_urdu
turk sadar ka dora saudiarab shahzada muhammad bin salman sy mulaqat,real,rufnd_roman_urdu,roman_urdu
masnui zahanat ky mumkina khatraat salamti council ky arkaan ny bhi saar jor liye,real,rufnd_roman_urdu,roman_urdu
elon musk ny twitter ky bartaraf mulazimeen ko mamoo bna dia,real,rufnd_roman_urdu,roman_urdu
mobile phone charger ki wja sy air india ki parwaz mai takheer,real,rufnd_roman_urdu,roman_urdu
northwest cameroon musalah afrad ki firing sy 10 afrad halak,real,rufnd_roman_urdu,roman_urdu
bharti riyasat manipur mai halaat badastur kharab,real,rufnd_roman_urdu,roman_urdu
japani wazeer e azam ka dora mutahida arab amaraat amaraati khalabaz ny khaala sy tokyo ki tasveer share kr di,real,rufnd_roman_urdu,roman_urdu
britian ny islam pasand dehshatgardi ko mulk ky liye sab sy bara khatra qarar dy dia,real,rufnd_roman_urdu,roman_urdu
japan sharah paidaish mai kami company ny raat gaye kaam krny par pabandi aaid kr di,real,rufnd_roman_urdu,roman_urdu
cairo mai 5 manzala amarat zameen bos 9 afrad halak,real,rufnd_roman_urdu,roman_urdu
chinese economy ki paishgoiyan nakaam berozgar nujawanon mai record izafa,real,rufnd_roman_urdu,roman_urdu
rawan saal bhi ghulaf e kaaba yakam muharram ko tabdel kia jaye ga tayariyan mukamal,real,rufnd_roman_urdu,roman_urdu
bharat mai alama iqbal ka duaiya kalam parhany par school principal moatal,real,rufnd_roman_urdu,roman_urdu
europe garmi ki lapait mai 16 sy zaid shehron ky liye red alert jari,real,rufnd_roman_urdu,roman_urdu
america ky kai ilaqon mai badtareen garmi ki paishgoi,real,rufnd_roman_urdu,roman_urdu
south korea mai shadeed barshen halakton mai tadad 39 hogai,real,rufnd_roman_urdu,roman_urdu
bharti navy bharti awam par bojh bn gai,real,rufnd_roman_urdu,roman_urdu
japan samundar mai nahany walon par dolphin ka hamla 4 terak zakhmi,real,rufnd_roman_urdu,roman_urdu
alaska zalzaly ky jhatkon sy laraz utha tsunami ki warning wapsi ly li gai,real,rufnd_roman_urdu,roman_urdu
south korea underpass mai selabi pani ny 9 afrad ki jaan ky li,real,rufnd_roman_urdu,roman_urdu
bharat western uttar pradesh mai current lgny sy 5 hindu yatri halak,real,rufnd_roman_urdu,roman_urdu
italy airport amly ki hartal synkron parwazeen mansukh,real,rufnd_roman_urdu,roman_urdu
guzishta 3 saal mai kitny log ghareeb huwe tadaad united nations ny bta di,real,rufnd_roman_urdu,roman_urdu
south korea selab sy 20 afrad halak hazaron afrad nakal makani par majbur,real,rufnd_roman_urdu,roman_urdu
islami saal ki akhri namaz e jumma ki adaigi ky liye lakhon afrad ki harmain sharifain amad,real,rufnd_roman_urdu,roman_urdu
bharti wazeer e azam sarkari dory par uae pohanch gaye,real,rufnd_roman_urdu,roman_urdu
europe mai garmi ka naya record banany ka imkan,real,rufnd_roman_urdu,roman_urdu
bharat mai tomatoes ki qilat ky bais kisan crorepati bn gaye,real,rufnd_roman_urdu,roman_urdu
south korea mai land sliding ky natejy mai 20 afrad halak mutadid lapata,real,rufnd_roman_urdu,roman_urdu
biden intezamia bharat ki boht si zyaditiyan nazarandaz kr rahi hai american scholar,real,rufnd_roman_urdu,roman_urdu
california mai para 54 degree tak pohanchny ka imkan,real,rufnd_roman_urdu,roman_urdu
bharat mai record barshen mukhtalif hadsaat mai 100 sy zaid afrad halak,real,rufnd_roman_urdu,roman_urdu
europian parliament ny bharat ko nasli fasadaat par aaina dikha dia,real,rufnd_roman_urdu,roman_urdu
america university ky talib ilm ny 19 foot lamba barmi azdaha pakar lia,real,rufnd_roman_urdu,roman_urdu
pehli martaba greece ky tareekhi moqam ko band kr dia gya,real,rufnd_roman_urdu,roman_urdu
london mai bary paimany par parwazeen mansukh hony ka imkaan,real,rufnd_roman_urdu,roman_urdu
south america mai shadeed garmi ka 49 sala purana record tut gya,real,rufnd_roman_urdu,roman_urdu
indonesia ki parliament ny shadi ky ilawa jinsi taluqaat par pabandi aaid kr di,real,rufnd_roman_urdu,roman_urdu
twitter account band krny par kanye west ny elon musk ko khari khair suna di,real,rufnd_roman_urdu,roman_urdu
president of france ko mosul hony waly khatt sy kati hui ungli baramad,real,rufnd_roman_urdu,roman_urdu
mushkil waqt mai pakistani awam ky shana bashana khary hain american foreign secretary,real,rufnd_roman_urdu,roman_urdu
germany mai gharelu tashadud ky waqiyat mai izafa,real,rufnd_roman_urdu,roman_urdu
britain jareedy british herald ny naam nehad bharti jamhuriyat ka bhanda phor dia,real,rufnd_roman_urdu,roman_urdu
teesri aalmi jung qareeb arahi hai russia ka intebah,real,rufnd_roman_urdu,roman_urdu
saudiarab ky mutadid shehron mai musladhar barish taleemi idary band kr diye gaye,real,rufnd_roman_urdu,roman_urdu
bharat ehtejaj ky doran police lathi charge sy bjp rehnuma halak,real,rufnd_roman_urdu,roman_urdu
ukraine jung foji rehnumaon par tanqeed russian general ko bhari par gai,real,rufnd_roman_urdu,roman_urdu
toheen e quran e majeed afghanistan mai sweden ki tamaam sargarmiyan rokny ka hukam,real,rufnd_roman_urdu,roman_urdu
hakumat ny achanak aam tateel ka ilan kr dia,real,rufnd_roman_urdu,roman_urdu
hathiyon ny santa claus ka roop dhaar kr bachon mai tahaif taqseem kiye,real,rufnd_roman_urdu,roman_urdu
tarkeen e watan kashti hadsy mai naye shawahid samny agaye,real,rufnd_roman_urdu,roman_urdu
south lebanon ki sarhad par israel aur hizbullah mai jharap,real,rufnd_roman_urdu,roman_urdu
aalmi baradri mutawaja ho maqbuza kashmir mai poster chispan,real,rufnd_roman_urdu,roman_urdu
america mai shadeed garmi musalmanon ky ghar ky bahar thandy pani aur mashrubaat ky cooler rakh diye,real,rufnd_roman_urdu,roman_urdu
umrah ki adaigi ky khawahishmand afrad ky liye khush khabri,real,rufnd_roman_urdu,roman_urdu
taiwan ki technology company ny bharat ky sath 19.5 arab dollar ka moahida mansukh kr dia,real,rufnd_roman_urdu,roman_urdu
azadi izhaar ky liye twitter behtreen plateform hai afghan taliban,real,rufnd_roman_urdu,roman_urdu
quran e pak ki behurmati ghinaona amal hai jis ka koi jawaz qabool nhi saudiarab,real,rufnd_roman_urdu,roman_urdu
mount everest ky qareeb helicopter gir kr tabah 5 ghair mulki saiyah halaak,real,rufnd_roman_urdu,roman_urdu
france mai qaidiyon ky liye moseeqi ki workshop ka ineqaad,real,rufnd_roman_urdu,roman_urdu
toheen e quran par kuwait ka sweden ko qarara jawab,real,rufnd_roman_urdu,roman_urdu
thums up emoji bhejny par company ky malik ko 82000 dollar ka jurmana,real,rufnd_roman_urdu,roman_urdu
erdoğan ny sweden ki nato mai shamuliyat ki hamayat ky liye bari shart rakh di,real,rufnd_roman_urdu,roman_urdu
iran ky shehar bandar abbas ki oil refinery mai agg lg gai,real,rufnd_roman_urdu,roman_urdu
pakistani nazzad britain sahaafi ny bartarfi par cnn par muqadma kr dia,real,rufnd_roman_urdu,roman_urdu
nato mai sweden ki shamuliyat par turkiye ka ateraf barqarar,real,rufnd_roman_urdu,roman_urdu
switzerland mai mosam e garma ky festival ka aghaz,real,rufnd_roman_urdu,roman_urdu
prince harry ko 25 afghaniyon ko halaak krny par sharam ani chahiye sohail shaheen,real,rufnd_roman_urdu,roman_urdu
china ky school mai chaku ky waar sy 3 bachon samet 6 afraad halaak,real,rufnd_roman_urdu,roman_urdu
ukraine abhi tak nato ki rukniyat ky liye tayar nhi jeo biden,real,rufnd_roman_urdu,roman_urdu
france ka qomi din paris mai atishbazi ki farokht tarseel aur istemal par pabandi aaid,real,rufnd_roman_urdu,roman_urdu
taliban hakumat ka oil ki paidawar ky liye bara qadam utha lia,real,rufnd_roman_urdu,roman_urdu
china ki aar mai bharat ny foj mai naye hathyaron ka izafa kr dia,real,rufnd_roman_urdu,roman_urdu
bharti riyasat manipur mai suratehaal kashmir aur punjab sy bhi badtar hai sabiq governor,real,rufnd_roman_urdu,roman_urdu
iran mai musalah afrad ka police station par hamla,real,rufnd_roman_urdu,roman_urdu
america ka ukraine ko cluster hathyar deny ka ilan,real,rufnd_roman_urdu,roman_urdu
spain mai tufani barishon ny tabahi macha di,real,rufnd_roman_urdu,roman_urdu
makkah mukarrama mai ak naye museum ka iftetah,real,rufnd_roman_urdu,roman_urdu
bharat mai insaniyat ko sharamsaar kr deny wala waqiya 2 dillit nujawanon ki tazleel,real,rufnd_roman_urdu,roman_urdu
italy ky old home mai bhayanak atishzadgi 6 afrad halak,real,rufnd_roman_urdu,roman_urdu
titan submarine ky hadsy ky baad ocean gate ki sargarmiyan ghair moayina mudat ky liye band,real,rufnd_roman_urdu,roman_urdu
toheen e quran iraq ny maloon ki giraftari ky liye interpole sy raabta kr lia,real,rufnd_roman_urdu,roman_urdu
greece boat disaster ko roka ja skta tha washington post ki report mai dawa,real,rufnd_roman_urdu,roman_urdu
australia mai bharti nazad shehri ny sabiq girlfriend ko zinda dfna dia,real,rufnd_roman_urdu,roman_urdu
mexico mai bus khaai mai gir gai 29 afrad halak aur 19 zakhmi,real,rufnd_roman_urdu,roman_urdu
3 july insani tareekh ka garam treen din qarar dydia gya,real,rufnd_roman_urdu,roman_urdu
class room mai mobile phone ly jany par pabandi aaid kr di gai,real,rufnd_roman_urdu,roman_urdu
safaak israeli foj ky hathon 12 palestinian shaheed qabiz foj ny jenin ko khali kr dia,real,rufnd_roman_urdu,roman_urdu
saudiarab ny bari pabandi aaid kr di,real,rufnd_roman_urdu,roman_urdu
shah abdulaziz gate par islami tarz e tameer sy bharpor 2 hilal ki tanseeb ka kaam mukamal,real,rufnd_roman_urdu,roman_urdu
saudiarab mai eid ka chand nazar agya kal eid ul fitar hogi,real,rufnd_roman_urdu,roman_urdu
saudiarab mai umrah zaireen ki bus ko hadsa 22 afrad janbahaq,real,rufnd_roman_urdu,roman_urdu
kabul mai wizarat e kharja ky daftar ky qareeb khudkush hamla 6 afrad halak,real,rufnd_roman_urdu,roman_urdu
brussels mai yom e pakistan milli josh o jazby ky sath manaya gya,real,rufnd_roman_urdu,roman_urdu
mufti e azam jamia al zahra ka afghanistan mai khawateen ki taleem par pabandi par tashweesh ka izhaar,real,rufnd_roman_urdu,roman_urdu
spain barcelona mai pakistani council mai yom e pakistan ki pur waqar tareeb,real,rufnd_roman_urdu,roman_urdu
london british king charles iii ka yom e pakistan par khasusi paigham,real,rufnd_roman_urdu,roman_urdu
paris mai yom e pakistan ka bharpur jashan sifarat khany mai parcham kushai,real,rufnd_roman_urdu,roman_urdu
modi ko chor kehny par rahul gandhi ko 2 saal ki jail,real,rufnd_roman_urdu,roman_urdu
khadim alharmain alsharifain shah salman ka umaat e muslima ky naam khasusi paigham,real,rufnd_roman_urdu,roman_urdu
chinese sadar ky alwida hoty hi russia ny banduqen taan lin,real,rufnd_roman_urdu,roman_urdu
ganon mai russian sadar par tanqeed krny wala gulukar hadsay mai halak,real,rufnd_roman_urdu,roman_urdu
south asian countries mai chand nazar nhi aya 1st ramzan jummah ko hoga,real,rufnd_roman_urdu,roman_urdu
tanzania mai naye virus ny khatry ki ghanti baja di 5 afrad halak,real,rufnd_roman_urdu,roman_urdu
missile bardaar train par hamla mutadid missile tabah ukraine ka dawa,real,rufnd_roman_urdu,roman_urdu
london ko ramzan ki amad par dulhan ki trha saja dia gya,real,rufnd_roman_urdu,roman_urdu
mah e ramzan mai masjid e haraam ki chaat par bhi namaz ka ihtemam kia jaye ga,real,rufnd_roman_urdu,roman_urdu
saudiarab mai ramzan ka chand nazar nhi aya pehla roza jumeraat ko hoga,real,rufnd_roman_urdu,roman_urdu
sikh rehnuma amritpal singh giraftar nhi huwe britain media ka dawa,real,rufnd_roman_urdu,roman_urdu
sikh rehnuma ki giraftari ky liye bharti punjab mai internet ajj chothy roz bhi band,real,rufnd_roman_urdu,roman_urdu
jung bandi ky liye china ky mansuby par baat ho skti hai sadar putin,real,rufnd_roman_urdu,roman_urdu
french journalist olivier duyons ko aghwakaron ny reha kr dia,real,rufnd_roman_urdu,roman_urdu
nepal wazeer e azam ny parliament sy aitemad ka vote hasil kr lia,real,rufnd_roman_urdu,roman_urdu
london indian high commission par khalistan ka parcham lehra dia gya,real,rufnd_roman_urdu,roman_urdu
bharat ghair mulki saiyah ki ismatdari aur qatal par do afraad ko umer qaid,real,rufnd_roman_urdu,roman_urdu
modi hakumat ki azadi e sahafat ki sarasar khilafwarzi zameeni haqaiq dikhany sy rok dia,real,rufnd_roman_urdu,roman_urdu
kuwait educational institutes sy foreign teachers ki chutti local teachers hier,real,rufnd_roman_urdu,roman_urdu
pakistani atomic assets ky hifazati nizaam sy mutamaeen hain sarbarah amarican central command,real,rufnd_roman_urdu,roman_urdu
saudiarab hafilat alrayad ky pehly marhaly mai 340 busess chalany ka alaan,real,rufnd_roman_urdu,roman_urdu
amritpal singh ki giraftari par indian punjab mai halaat kasheeda,real,rufnd_roman_urdu,roman_urdu
russian sadar ka surprise ukraine ki bandargah mariupol pohanch gaye,real,rufnd_roman_urdu,roman_urdu
bangladesh musafir bus khaai mai ja giri 19 afrad halak,real,rufnd_roman_urdu,roman_urdu
mujhe tuesday ko giraftar kia ja skta hai sabiq sadar donald trump,real,rufnd_roman_urdu,roman_urdu
australia river darling mai lakhon machliyan marny ka tesra waqiya,real,rufnd_roman_urdu,roman_urdu
britain universities mai modi sarkaar ky kashmir mai muzalim ki gonj,real,rufnd_roman_urdu,roman_urdu
russian president vladimir putin ky warrant giraftari jari,real,rufnd_roman_urdu,roman_urdu
bharat fake officer bn kr protocol ky mazy leny wala giraftar,real,rufnd_roman_urdu,roman_urdu
canada mai firing sy 2 police ehalkar halak,real,rufnd_roman_urdu,roman_urdu
eaia ny lebonon mai lapata hony waly uranium ko baramad kr lia,real,rufnd_roman_urdu,roman_urdu
north korea ky intercontinental missile ki range 15000 km thi japan,real,rufnd_roman_urdu,roman_urdu
america ka china ky maruf businessman par arbon dollars ky fraud ka ilzam,real,rufnd_roman_urdu,roman_urdu
russian army jet ka american drone par hamla,real,rufnd_roman_urdu,roman_urdu
bharti foj ka helicopter china ki sarhad ky qareeb gir kr tabah,real,rufnd_roman_urdu,roman_urdu
senegal parliament mai khatoon rukn e assembly ko siyasatdaan ny thapar maar dia,real,rufnd_roman_urdu,roman_urdu
lebonon sy kai ton natural uranium gaib,real,rufnd_roman_urdu,roman_urdu
somalia governor par khudkush hamla 5 afrad halak governor zakhmi,real,rufnd_roman_urdu,roman_urdu
america ky mukhalif china russia aur iran ki khaleej oman mai joint navy exercises,real,rufnd_roman_urdu,roman_urdu
zalzaly sy mutasirah turkiye par ak aur afat tut pari,real,rufnd_roman_urdu,roman_urdu
malawi aur mozambique mai freddie tufan sy halak hony walon ki tadad 220 hogai,real,rufnd_roman_urdu,roman_urdu
meta ka hazaron afrad ko berozgar krny ka faisla,real,rufnd_roman_urdu,roman_urdu
canada truck rahgiron par charh dora 2 afrad halak 9 zakhmi,real,rufnd_roman_urdu,roman_urdu
china ny corona waba ky 3 saal baad apni sarhaden dobara kholna shuru kr din,real,rufnd_roman_urdu,roman_urdu
"ned price, us state department spokesman ky ohdy sy dastbardar hogaye",real,rufnd_roman_urdu,roman_urdu
maholiyati khatry ky bawajud america alaska mai oil nikaly ga,real,rufnd_roman_urdu,roman_urdu
cancer ki nai dawa ky liye 43 billion dollars ka moahida,real,rufnd_roman_urdu,roman_urdu
mozambique aur malawi mai tufan freddie ny tabahi macha di 15 afrad halak,real,rufnd_roman_urdu,roman_urdu
india bjp rehnuma ki azan ki toheen muslim abadi mai gham o gussa ki shadeed lehar,real,rufnd_roman_urdu,roman_urdu
india corona dobara sar uthany lga riysaton ko alert jari,real,rufnd_roman_urdu,roman_urdu
israeli foj ki barbariyat ka silsila jari mazeed 3 palestinians shaheed,real,rufnd_roman_urdu,roman_urdu
wazeer e azam netanyahu ky khilaf lakhon israeli sarkon par nikal aye,real,rufnd_roman_urdu,roman_urdu
saudiarab ki sarkari oil company ka record profit ka ilan,real,rufnd_roman_urdu,roman_urdu
tesla company ki electric car ab taxi ky tor par istemal hogi,real,rufnd_roman_urdu,roman_urdu
saudiarab corona ky 96 naye cases darj ak shakhs halak,real,rufnd_roman_urdu,roman_urdu
saudiarab qomi parcham ky istemal ky hawaly sy intebah jari,real,rufnd_roman_urdu,roman_urdu
afghanistan sahafiyon ki taqreeb mai bomb blast 8 afrad halak mutadid zakhmi,real,rufnd_roman_urdu,roman_urdu
indonesia atishfishan phatny sy mutadid gaon shadeed mutasir,real,rufnd_roman_urdu,roman_urdu
india intehapasand hindon ny ak aur begunah musalman ko qatal kr dia,real,rufnd_roman_urdu,roman_urdu
italian coast guard ny aik hazar sy zaid tarqeen e watan ko rescue kr lia,real,rufnd_roman_urdu,roman_urdu
intehapasand modi sarkar jamhuri iqdar aur sahafat ka badtareen dushman,real,rufnd_roman_urdu,roman_urdu
russia ukraine tanaziya saudiarab ny saalsi ki paishkash kr di,real,rufnd_roman_urdu,roman_urdu
indian army ny apny hi gaon par martor gola dy mara,real,rufnd_roman_urdu,roman_urdu
salsi ky liye tayar hain lekin faisla pakistan aur india ny krna hai ned price,real,rufnd_roman_urdu,roman_urdu
xi jinping tesri mudadt ky liye chian k sadar muntakhib,real,rufnd_roman_urdu,roman_urdu
germany church mai firing sy mutadid afrad halak,real,rufnd_roman_urdu,roman_urdu
california mai ak aur tufan ki paishgoi mutadid counties mai emergency nafiz,real,rufnd_roman_urdu,roman_urdu
senior rehnuma ram chandra poudel nepal ky tesry sadar muntakhib,real,rufnd_roman_urdu,roman_urdu
israeli foj ki dehshatgardi jari 4 palestinian nujawan shaheed,real,rufnd_roman_urdu,roman_urdu
malaysia corruption ky ilzammat mai sabiq wazeer e azam giraftar,real,rufnd_roman_urdu,roman_urdu
afghanistan mai dhamaka suba balakh ky governor janbahaq,real,rufnd_roman_urdu,roman_urdu
westren bank mai isreali foj ki karwai 6 palestinians shaheed,real,rufnd_roman_urdu,roman_urdu
america doraan e parwaz emergency door kholny ki koshish krny wala giraftar,real,rufnd_roman_urdu,roman_urdu
australia shadeed barishon ky baad gandum ki record bumper fasal,real,rufnd_roman_urdu,roman_urdu
turkiye zalzala nuksan 100 billion dollars sy bhi zyada hai aqwam e mutahidah,real,rufnd_roman_urdu,roman_urdu
bangladesh dhaka ki saat manzila imarat mai dhamaka 14 afrad halak mutadid zakhmi,real,rufnd_roman_urdu,roman_urdu
artificial satellites orbit mai bhejny ki salahiyat hasil kr li north korea,real,rufnd_roman_urdu,roman_urdu
pak saudiarab digital taluqat mai aham paishraft tech house ka iftetah,real,rufnd_roman_urdu,roman_urdu
saudiarab mah e syam mai quran e majeed ky 10 lakh nuskhy taqseem krny ka faisla,real,rufnd_roman_urdu,roman_urdu
bakhmut par qabzy ka mtlb russia ki fateh nhi hai pentagon,real,rufnd_roman_urdu,roman_urdu
iran hakumat mukhalif ehtejaj krny wali khaton ny rehai ky fori baad khudkushi kr li,real,rufnd_roman_urdu,roman_urdu
nigeria primary education english ki bajye mother language mai deny ka faisla,real,rufnd_roman_urdu,roman_urdu
bangladesh rohingya panah guzeen camp mai khofnaak agg bharak uthi,real,rufnd_roman_urdu,roman_urdu
rawan saal pehli baar chand khana kaba ky aain uper agya,real,rufnd_roman_urdu,roman_urdu
peru mai hakumat mukhalif ehtejaj ny shidaat ikhteyar kr li 7 afrad halak,real,rufnd_roman_urdu,roman_urdu
russia ka ukraine ky sadar sy bakhmut sy foj nikalny ka mutalba,real,rufnd_roman_urdu,roman_urdu
australia khufia operation mulki tareekh mai manshiyaat ka sab sy bara zakhira baramd,real,rufnd_roman_urdu,roman_urdu
philippines negros oriental province ky governor ko goli maar kr halaak kr dia gya,real,rufnd_roman_urdu,roman_urdu
greece mai pakistani jaraim paisha garoh giraftar,real,rufnd_roman_urdu,roman_urdu
indonesia oil ky godaam mai agg lgny sy 17 afraad jhulas kr halak,real,rufnd_roman_urdu,roman_urdu
saudiarab middle east youth summit ka pehla sarbarahi ijlas,real,rufnd_roman_urdu,roman_urdu
shakar qandi ky zariye 12 saal purana qatal ka moama hal hogya,real,rufnd_roman_urdu,roman_urdu
america ka russia sy ukraine jung rokny ka mutalba,real,rufnd_roman_urdu,roman_urdu
israeli foj ki barbariyat jari ak aur palestinian nujawan shaheed,real,rufnd_roman_urdu,roman_urdu
maqbuza kashmir mai internet ki bandish par ned price ka rad e amal,real,rufnd_roman_urdu,roman_urdu
zalzalon sy khofzada turk khandanon ny tarins mai dera daal lia,real,rufnd_roman_urdu,roman_urdu
dunya ki basar khawateen ki fehrist mai pakistan ki ayesha sadiqa ka naam bhi shamil,real,rufnd_roman_urdu,roman_urdu
samundar mai duby oil tanker ki talash jari oil risny sy samundri hayat ko khatrah,real,rufnd_roman_urdu,roman_urdu
space x ka rocket char khala bazon ko ly kr rawana,real,rufnd_roman_urdu,roman_urdu
tarekh ka taweel treen arab space mission launch kr dia gya,real,rufnd_roman_urdu,roman_urdu
afghanistan barudi surang dhamaky mai kaladam ttp ky 6 dehshatagrd halak,real,rufnd_roman_urdu,roman_urdu
china ny corona sy mutaliq fbi ky dawye ko muzhika kheez qarar dy dia,real,rufnd_roman_urdu,roman_urdu
turk sadar ka tabahkun zalzaly ky bawajud intekhabaat muqarara waqt par krany ka ilan,real,rufnd_roman_urdu,roman_urdu
america mai tiktok par pabandi ka ikhteyar sadar ko mil gya,real,rufnd_roman_urdu,roman_urdu
saudiarab har saal 11 march ko yom e parcham manaye ga,real,rufnd_roman_urdu,roman_urdu
bailout package ko sirlankan awam ny mustarid kr dia mulk bhar mai hartal,real,rufnd_roman_urdu,roman_urdu
corona virus ki ibteda chinese laboratory sy hui fbi ka dawa,real,rufnd_roman_urdu,roman_urdu
960 afrad ny ak sath crease weaving ka world record bna dala,real,rufnd_roman_urdu,roman_urdu
india bihar mai zehrili sharab peeny sy 31 afrad halak,real,rufnd_roman_urdu,roman_urdu
saudi arab aur khaliji mumalik mai bangladeshi kapron ki maang mai izafa,real,rufnd_roman_urdu,roman_urdu
russian president vladimir putin ny sarhadi petroling mazeed sakht krny ka hukam dy dia,real,rufnd_roman_urdu,roman_urdu
bharat saal 2022 mai internet blackout ka sab sy bara mujrim qarar,real,rufnd_roman_urdu,roman_urdu
maqbuza kashmir mai bharti foj ki jarhiyat ak aur kashmiri nujawan shaheed,real,rufnd_roman_urdu,roman_urdu
brazil mai selab aur land sliding sy tabahi kam az kam 65 afraad halak,real,rufnd_roman_urdu,roman_urdu
naqis jungi hikmat e amli par donbass ka commander bartaraf,real,rufnd_roman_urdu,roman_urdu
greece ny zalzala mutasireen ky liye apni haadbandi kr di,real,rufnd_roman_urdu,roman_urdu
space x ky rocket ki space mai rawangi akhri lamhaat mai moakhir,real,rufnd_roman_urdu,roman_urdu
turkiye ak baar phir zalzaly sy laraz utha mazeed halakton ka khadsha,real,rufnd_roman_urdu,roman_urdu
saudiarab ka ukraine ko insani bunyadon par 40 crore dollars imdad deny ka faisla,real,rufnd_roman_urdu,roman_urdu
urdan mai israeli aur palestini hukaam mai muzakraat tashadud ky khatmy par zor,real,rufnd_roman_urdu,roman_urdu
italy mai tarkeen e watan ki kashti dub gai 28 pakistaniyo samet 59 afrad janbahaq,real,rufnd_roman_urdu,roman_urdu
oman ny israel samet tamam mumalik ky liye apni fizaai hadud khol di,real,rufnd_roman_urdu,roman_urdu
masjid alharaam mai aab e zamzam ki bottles ky naye naye design ka iftetah,real,rufnd_roman_urdu,roman_urdu
bharat mai musalman larka hindu larki ky sath safar krny par giraftar,real,rufnd_roman_urdu,roman_urdu
guantanamo bay jail mai qaid 2 bhai pakistan muntaqil,real,rufnd_roman_urdu,roman_urdu
bharti tajir ny qeemati rolls royce gari taxi mai badal dali waja herankun,real,rufnd_roman_urdu,roman_urdu
ukraine jung par russia ky khilaf united nations mai mazamati qarardad manzur,real,rufnd_roman_urdu,roman_urdu
american president ny ajay banga ko worldbank ka sarbarah naamzad kr dia,real,rufnd_roman_urdu,roman_urdu
pak america mazbut tijarati o iqtesadi taluqat waqt ki zarorat hain ned price,real,rufnd_roman_urdu,roman_urdu
purisrar ball ny japani awam ko pareshan kr dia,real,rufnd_roman_urdu,roman_urdu
philippine mai private plane hadsy ka shikar tamam afrad halak,real,rufnd_roman_urdu,roman_urdu
russia ka nuclear weapon ky moahidy ko moatal krna boht bari galti hai jeo biden,real,rufnd_roman_urdu,roman_urdu
tajkistan mai 7.2 shidadt ka khofnak zalzala,real,rufnd_roman_urdu,roman_urdu
france shagird ny class mai ustani ko chaku mar kr halak kr dia,real,rufnd_roman_urdu,roman_urdu
turkiye zalzaly mai tabah imarton ka malba 10 crore ton sy zaid,real,rufnd_roman_urdu,roman_urdu
north korea ko khurak ky shadeed bohraan ka samna hai mahireen,real,rufnd_roman_urdu,roman_urdu
china coal mine ky baithny sy 2 afraad halak mazeed halakton ka khadsha,real,rufnd_roman_urdu,roman_urdu
bharat mai ak aur binte hawa ijtemai ziyadati ka nishana bn gai,real,rufnd_roman_urdu,roman_urdu
pakistnai american doctors ny turk zalzala mutasreen ko imdad bhijwa di,real,rufnd_roman_urdu,roman_urdu
opec plus lachakdar hai zarorat parny par faisly tabdel kr skta hai saudi wazeer e tawanai,real,rufnd_roman_urdu,roman_urdu
chat gpt ny modi ko mutanaziya shakhsiyat qarar dy dia,real,rufnd_roman_urdu,roman_urdu
israeli sifaratkar ki ghazab beizati bhary ijlas sy bahar niakl dia video viral,real,rufnd_roman_urdu,roman_urdu
saudiarab mai yom e tasees par 4 roza tateel ka ilan,real,rufnd_roman_urdu,roman_urdu
ham azaad khalistan ly kr rahen gy hindustan taqseem dar taqseem hoga sarbarah sikh for justice,real,rufnd_roman_urdu,roman_urdu
beti ki video viral hony par ehtejaj krny waly baap ko peet peet kr maar dala,real,rufnd_roman_urdu,roman_urdu
bharat khity ka amn tabah krny ky dar par,real,rufnd_roman_urdu,roman_urdu
karnatak mai musalman nujawan ky qatal ky baad halaat kasheda,real,rufnd_roman_urdu,roman_urdu
maqbuza kashmir guzishta 10 barson mai kitni baar internet services moatal ki gain,real,rufnd_roman_urdu,roman_urdu
north korea ky drones ki south korea ki fizai hadud ki khilaf warzi,real,rufnd_roman_urdu,roman_urdu
maruf turk chef salt bae ny zalzala zadgan ko bari khushkhabri suna di,real,rufnd_roman_urdu,roman_urdu
britain sifaratkhany ka security guard russian jasus nikla,real,rufnd_roman_urdu,roman_urdu
china ny corona par faisla kun fateh hasil krny ka ilan kr dia,real,rufnd_roman_urdu,roman_urdu
bharat mai twitter ky do dafatir band,real,rufnd_roman_urdu,roman_urdu
modi sarkar subcontinent ki tareekh maskh krny par tul gai,real,rufnd_roman_urdu,roman_urdu
afghanistan mai khawateen par aala taleem ky darwazy band kr diye gaye,real,rufnd_roman_urdu,roman_urdu
chinese balloon ko maar girany par koi afsos nhi american president,real,rufnd_roman_urdu,roman_urdu
paisy nikalny ki pabandi par lebonon khaty daron ny banks ko nazar e atish kr dia,real,rufnd_roman_urdu,roman_urdu
irani sadar china ky tarekhi dory par pohanch gaye,real,rufnd_roman_urdu,roman_urdu
american army helicopter highway par gir kr tabah 2 afraad halak,real,rufnd_roman_urdu,roman_urdu
saudi hakumat ka aham iqdam umrah zaireen ky liye muft bus service ka aghaz,real,rufnd_roman_urdu,roman_urdu
kashmirion ki jabri bedakhli ky khilaf maqbuza kashmir mai mukamal hartal,real,rufnd_roman_urdu,roman_urdu
bharat mai bbc ky daftar par chapa america aur britain ka rad e amal samny agya,real,rufnd_roman_urdu,roman_urdu
newzealand mai 6.1 shidadt ka khofnak earthquick,real,rufnd_roman_urdu,roman_urdu
musalman dushman modi sarkar ny madrison ky tulba ky liye scholarships khatam kr din,real,rufnd_roman_urdu,roman_urdu
mosmiyati tabdeli new year night par atishbazi mansukh kr di gai,real,rufnd_roman_urdu,roman_urdu
south africa cash van aur bus mai tasadum 20 afrad halak,real,rufnd_roman_urdu,roman_urdu
muslim kush fasadaat bharat mai bbc zeyr e atab,real,rufnd_roman_urdu,roman_urdu
saudiarab 8 sala bachi gandy talab mai dub kr janbahaq,real,rufnd_roman_urdu,roman_urdu
modi sarkar babri masjid case ka faisla sunany waly judges par mehrban,real,rufnd_roman_urdu,roman_urdu
bharat mai church nazar e atish diwar par ram likh dia,real,rufnd_roman_urdu,roman_urdu
bharat mai musalman ky ghar zabardasti hanuman ki murti nasab krny par kasheedgi barh gai,real,rufnd_roman_urdu,roman_urdu
newyork city mai truck ny paidal chalny waly afraad ko rond dala 6 afraad zakhmi,real,rufnd_roman_urdu,roman_urdu
disney ny 7000 mulazmaton ko khatam krny ka faisla kr lia,real,rufnd_roman_urdu,roman_urdu
white house ny nord stream blasts sy mutaliq american journalist ka ilzam mustarid kr dia,real,rufnd_roman_urdu,roman_urdu
bharat mai dhokha dahi sy sarkari nokriyan hasil krny ka inkeshaf,real,rufnd_roman_urdu,roman_urdu
kasheedgi ky bawajud china aur america ki tradde record buland satah par,real,rufnd_roman_urdu,roman_urdu
adani ka modi sy kya rishta hai rahul gandhi ny sawalaat utha diye,real,rufnd_roman_urdu,roman_urdu
mahireen ny middle east mai mazeed zalzalon ki paishgoi kr di,real,rufnd_roman_urdu,roman_urdu
indonesia newzealand ky pilot ko alehdgi pasandon ny yarghamal bna lia,real,rufnd_roman_urdu,roman_urdu
dushmanon ky samny buzdili dikhany par 7 fojiyon ko saza e mot,real,rufnd_roman_urdu,roman_urdu
turkiye mai construction companies ky malikaan ky khilaf ghera tang,real,rufnd_roman_urdu,roman_urdu
cyprus ky sahil par 7 whales purisrar tor par murda pai gain,real,rufnd_roman_urdu,roman_urdu
maruf russian singer zamfira foreign agent qarar,real,rufnd_roman_urdu,roman_urdu
south africa famous singer apny dost samet qatal,real,rufnd_roman_urdu,roman_urdu
sirlankan guerrilla tanzeem ky sarbarah parbhakaran zinda hain bharti media ka dawa,real,rufnd_roman_urdu,roman_urdu
america ny balloon sy munsalik 6 chinese idaron ko blacklist kr dia,real,rufnd_roman_urdu,roman_urdu
newzealand samundri tufan ky baais hazaron afrad bijli sy mehrum,real,rufnd_roman_urdu,roman_urdu
intehapasand hinduon ko mu ki khani pari highcourt ka britain nashriyati idary ky haq mai faisla,real,rufnd_roman_urdu,roman_urdu
america ny sham par lgai jany wali pabandiyon mai narmi kr di,real,rufnd_roman_urdu,roman_urdu
america ny iran par nai pabandiyan aaid kr din,real,rufnd_roman_urdu,roman_urdu
aalmi idara e khuraak ki shaam aur turkiye mai zalzala mutasireen ky liye imdad ki appeal,real,rufnd_roman_urdu,roman_urdu
american airforce ny alaska ky uper parwaz krny wali mashkuk chez maar girai,real,rufnd_roman_urdu,roman_urdu
portugal catholic church mai hazaron minors ky saath jinsi ziyadati ka inkeshaf,real,rufnd_roman_urdu,roman_urdu
malby mai paida hony wali bachi ko bachany waly ny goad ly lia,real,rufnd_roman_urdu,roman_urdu
bharti hakumat ki shehriyon sy valentine day par cow ko galy lgany ki darkhwast,real,rufnd_roman_urdu,roman_urdu
america ny apny shehriyon ko fori russia chorny ki hidayat kr di,real,rufnd_roman_urdu,roman_urdu
britain ky badsha aur queen ki london mai bangladeshi community sy mulaqat,real,rufnd_roman_urdu,roman_urdu
saudiarab pehli khaton astronaut space mai bhejy ga,real,rufnd_roman_urdu,roman_urdu
chilli ky junglaat mai lgi agg sy jungli hayat ko shadeed khatra,real,rufnd_roman_urdu,roman_urdu
barcelona mayor palestinians ki himayat mai samny aagain,real,rufnd_roman_urdu,roman_urdu
united nations imdadi samaan ka pehla qafla western syria pohanch gya,real,rufnd_roman_urdu,roman_urdu
indonesia mai zalzala café munhadim hony sy 4 afraad halak,real,rufnd_roman_urdu,roman_urdu
haiti musalah giroh ny 12 afrad ko halak kr dia mutadid makanat nazar e atish,real,rufnd_roman_urdu,roman_urdu
iran ky janubi ilaqy mai 5.6 shiddat ka zalzalah khabar agency,real,rufnd_roman_urdu,roman_urdu
germany ny hunarmand afrad ky liye immigration qawaneen mai narmi kr di,real,rufnd_roman_urdu,roman_urdu
america dunya ki jadeed tareen stealth planes ki naqab kushai do din baad hogi,real,rufnd_roman_urdu,roman_urdu
afghanistan mai madrisy mai dhamakah 16 talib ilm janbahaq,real,rufnd_roman_urdu,roman_urdu
france northern coast sy seynkron tarkeen e watan ko bacha lia gya,real,rufnd_roman_urdu,roman_urdu
bharat mai muslman talib ilm ko dehshatgard kehny waly professor ko kaam sy rok dia gya,real,rufnd_roman_urdu,roman_urdu
britain mai christians ki aabadi nisf sy bhi kam musalman aur hinduon ki tadad mai izafa,real,rufnd_roman_urdu,roman_urdu
saudiarab international tourism global summit ka shandaar aghaz,real,rufnd_roman_urdu,roman_urdu
china mai crackdown sy tang jack ma ny tokyo mai sakunaat ikhtiyar kr li,real,rufnd_roman_urdu,roman_urdu
china ky teen astronauts tiangong space station ky liye rawana,real,rufnd_roman_urdu,roman_urdu
madinah munawarah masjid e nabwi samet girdonawah mai musladhar barish mosam khushgawar,real,rufnd_roman_urdu,roman_urdu
china corona mukhalif muzahiron ky baad moamar afraad ki vaccination mai tezi,real,rufnd_roman_urdu,roman_urdu
irsaeli forces ki firing sy 2 bhaiyon samet 3 palestinians shaheed,real,rufnd_roman_urdu,roman_urdu
spain american embassy ko parcel bomb sy nishana bnany ki koshish,real,rufnd_roman_urdu,roman_urdu
uae sy europe mai cocaine ky bary tajir giraftar,real,rufnd_roman_urdu,roman_urdu
afghanistan ki janib sy jari map par bharat bokhlahat ka shikar,real,rufnd_roman_urdu,roman_urdu
russia america nuclear disarmament muzakraat multavi,real,rufnd_roman_urdu,roman_urdu
hawai mai dunya ka sab sy bara faa'al atishfishan phat para,real,rufnd_roman_urdu,roman_urdu
sarkari ehalkaron ki toheen istanbul ky mayor ko dhai saal ki saza,real,rufnd_roman_urdu,roman_urdu
tawang sector mai bharat china foji jharap 6 bharti foji zakhmi,real,rufnd_roman_urdu,roman_urdu
china covid tracking mobile application ghair faa'al krny ka faisla,real,rufnd_roman_urdu,roman_urdu
bjp rehnuma ny vote na deny waly musalmanon ko dhamki dy si,real,rufnd_roman_urdu,roman_urdu
european union parliament badunwani ky ilzaam mai 4 afraad par fard e jurm aaid,real,rufnd_roman_urdu,roman_urdu
putin ny zelensky ko nah marny ka wada kia tha ex israeli prime minister,real,rufnd_roman_urdu,roman_urdu
umrah krny ky khawahishmand afraad ky liye bari khushkhabri,real,rufnd_roman_urdu,roman_urdu
saudi qiyadaat ka sadar arif aalvi ky naam taziyati khatt,real,rufnd_roman_urdu,roman_urdu
turkish government mushkil ghari mai apny shehriyon ky sath khari hai naaib sadar,real,rufnd_roman_urdu,roman_urdu
security khadshaat ky baais kabul mai saudiarab ka sifaratkhana band,real,rufnd_roman_urdu,roman_urdu
north korea ky sadar ny foj ko apni taqat dikhany ka hukam dy dia,real,rufnd_roman_urdu,roman_urdu
iran ny khufiya zyr e zameen airbase ki video jari kr di,real,rufnd_roman_urdu,roman_urdu
netanyahu ki adalati islahaat ky khilaf israeli awam sarkon par aagai,real,rufnd_roman_urdu,roman_urdu
chilli khofnak agg ny jungle ko rakh bna dia darjanon halak synkron zakhmi,real,rufnd_roman_urdu,roman_urdu
talibaat ny larki ko hirasaan krny waly headmaster ki jam kr pitai kr di,real,rufnd_roman_urdu,roman_urdu
sardi ka khatarnaak arctic blast america aur canada mai intebah jari,real,rufnd_roman_urdu,roman_urdu
ham jins paraston ky khilaf bayan japani wazeer e azam ny moawin ko bartaraf kr dia,real,rufnd_roman_urdu,roman_urdu
dubai flat ki farokht ny tareekh ka mehngatreen record bna dia,real,rufnd_roman_urdu,roman_urdu
srilanka yom e azadi ky din musalaah afwaj ki prade par shehriyon ka ehtejaj,real,rufnd_roman_urdu,roman_urdu
muneer akram ny pashtoon culture ky hawaly sy mutanziya kalimaat par mafi mang li,real,rufnd_roman_urdu,roman_urdu
bharat mai kam umer larkiyon ko shadi ki rok tham ky liye mohim jari,real,rufnd_roman_urdu,roman_urdu
siyahfaam par jaan lewa tashdud mai 6 american police officers bartaraf,real,rufnd_roman_urdu,roman_urdu
iraq mai 22 sala youtuber ghairat ky naam par qatal,real,rufnd_roman_urdu,roman_urdu
canadian larki ki qismat jaag uthi pehli koshish mai 48 million dollar ki lottery jeet li,real,rufnd_roman_urdu,roman_urdu
hongkong jany waly saiyahon ky liye khushkhabri,real,rufnd_roman_urdu,roman_urdu
amber heard ka johnny depp ky saath hitak e izzat case mai sulah ka ilan,real,rufnd_roman_urdu,roman_urdu
saudiarab mai ramah un nasar army exercises ka aghaz,real,rufnd_roman_urdu,roman_urdu
spain ka mask pehanany ki pabandi khatam krny ka ilan,real,rufnd_roman_urdu,roman_urdu
china 2027 tak taiwan par hamla kr dy ga american cia,real,rufnd_roman_urdu,roman_urdu
berlin mai dunya ka sab sy bara aquarium phaat gya synkron nayab machliyan halak,real,rufnd_roman_urdu,roman_urdu
japan mai corona sy honi wali amwaat mai batajreej izafa,real,rufnd_roman_urdu,roman_urdu
kashmirion par ilzaam thopny ky liye bharti foj ny 2 panditon ko qatal kr dia,real,rufnd_roman_urdu,roman_urdu
bharat bihar mai zehreeli sharaab peeny sy 31 afraad halak,real,rufnd_roman_urdu,roman_urdu
saudiarab mai islami tareekh ki 15th century ki numaindgi krta pehla museum qaim,real,rufnd_roman_urdu,roman_urdu
balqees bano ijtemai ziadati case bharti supreme court ka mujrimon ky haq mai faisla,real,rufnd_roman_urdu,roman_urdu
european union ki sarbarah jung zada ukraine pohanch gain,real,rufnd_roman_urdu,roman_urdu
bharat mai south korea ki khatoon ko live streaming ky doran harassment ka samna,real,rufnd_roman_urdu,roman_urdu
chinese scientists ny cloning ky zariye 18 ton dudh deny wali super cow bna li,real,rufnd_roman_urdu,roman_urdu
donald trump ky khaandani karobar par tax fraud sabit,real,rufnd_roman_urdu,roman_urdu
britain lakhon mehnatkashon ki hartal hazaron school aur transport band,real,rufnd_roman_urdu,roman_urdu
iraq mai turkiye foji addy par rocket sy hamla,real,rufnd_roman_urdu,roman_urdu
congo pope ky istaqbaal ky liye 10 lakh log airport pohanch gaye,real,rufnd_roman_urdu,roman_urdu
bharat mai christians par tashadud ky waqiyat mai izafa,real,rufnd_roman_urdu,roman_urdu
saudi cabinet ki europe mai quran e pak ki behurmati ki mazammat,real,rufnd_roman_urdu,roman_urdu
russia nuclear agreement ki passdari nhi kr raha hai america,real,rufnd_roman_urdu,roman_urdu
saudiarab ny saiyahat ky frogh ky liye muft visa mutarif krwa dia,real,rufnd_roman_urdu,roman_urdu
namibia mai rhinos ky illegal hunt mai khatarnak haad tak izafa,real,rufnd_roman_urdu,roman_urdu
australia gumshuda radioactive capsule ki taalash mai nuclear atomic agency bhi shamil,real,rufnd_roman_urdu,roman_urdu
bharti companies ny 8 months mai record kharbon rupees jama kr liye,real,rufnd_roman_urdu,roman_urdu
ukraine ki fizaai madad ki pukaar america ka inkaar,real,rufnd_roman_urdu,roman_urdu
bharti kissan ka jamni aur naranji rang ki gobhi kaasht krny ka kaarnama,real,rufnd_roman_urdu,roman_urdu
south africa birthday celebrate krny walon par goliyon ki barish 8 afraad halak,real,rufnd_roman_urdu,roman_urdu
corona ki mojuda lehar khatam hony wali hai chinese mehakma e sehat,real,rufnd_roman_urdu,roman_urdu
lapaata saudi saiyah ki laash america ki jheel sy baramad,real,rufnd_roman_urdu,roman_urdu
corona ka khatrah abhi taala nhi hai who,real,rufnd_roman_urdu,roman_urdu
russian president putin ny phone call par missile hamly ki dhamki di thi boris johnson,real,rufnd_roman_urdu,roman_urdu
japan barfani toda girny sy 2 afraad halak,real,rufnd_roman_urdu,roman_urdu
peshawar dhamaka america aur turkiye samet kai mumalik ki mazammt,real,rufnd_roman_urdu,roman_urdu
saudiarab ny palestine israel khasheedgi par khabardar kr dia,real,rufnd_roman_urdu,roman_urdu
france ukraine ko fizaai diffa ky liye radar faraham kry ga,real,rufnd_roman_urdu,roman_urdu
myanmar ky army dictator ny emergency mai 6 maah ki tosee kr di,real,rufnd_roman_urdu,roman_urdu
asia ky ameer tareen shakhs par dhokha dahi ka ilzaam ak din mai 20 billion dollars sy hath dho baithy,real,rufnd_roman_urdu,roman_urdu
bharti wazeer qatilana hamly mai halaak police officer ny goliyan maar di,real,rufnd_roman_urdu,roman_urdu
afghanistan mai khawateen ky haquq ky liye sargaram ustaad giraftar,real,rufnd_roman_urdu,roman_urdu
russia ny mulk ki saab sy bari azaad news website par pabandi lga di,real,rufnd_roman_urdu,roman_urdu
indian army jets urrna bhool gyae 2 jets apas mai takra ky tabah,real,rufnd_roman_urdu,roman_urdu
ukraine ka hospital par hamla 14 afraad halaak russian defense ministry,real,rufnd_roman_urdu,roman_urdu
america siyahfaam shehri police tashadud sy halaak shehriyon ka shadeed ehtejaj,real,rufnd_roman_urdu,roman_urdu
saudi foreign minister shehzada faisal bin farhan ka abudhabi mai munaqid forum sy izhar e khayal,real,rufnd_roman_urdu,roman_urdu
newzealand ky capital auckland mai tufani barishon ky baad emergency nafiz,real,rufnd_roman_urdu,roman_urdu
adani group aur modi sarkar mai corruption gathjor ky hoshruba inkeshafaat,real,rufnd_roman_urdu,roman_urdu
saudiarab pehli martaba unesco ki world heritage site ka sadar muntakhib,real,rufnd_roman_urdu,roman_urdu
canada mai islamophobia rokny ky liye pehli baar numainda e khasusi muqarar,real,rufnd_roman_urdu,roman_urdu
sarhadi tanaziya bharat eastern laddakh mai 26 petroling points sy mehroom,real,rufnd_roman_urdu,roman_urdu
gujjrat fasadaat modi par banany wali documentary film ki numaaish,real,rufnd_roman_urdu,roman_urdu
somalia mai american forces ka operation senior daaish commandar 10 sathiyon samet halak,real,rufnd_roman_urdu,roman_urdu
japan ki 5 sala koshish kamyaab tareekh raqam hogai,real,rufnd_roman_urdu,roman_urdu
japan maal bardaar behri jahaaz dubny sy 8 afraad halak,real,rufnd_roman_urdu,roman_urdu
barcelona mai pakistani dukandar par bharti nujawanon ka hamla,real,rufnd_roman_urdu,roman_urdu
saudi hukaam ny croron maliyat ki ghair qanuni adwiyat ki smuggling ko koshish nakaam bna di,real,rufnd_roman_urdu,roman_urdu
american airforce ka chinese mulazim china ka jasus nikla,real,rufnd_roman_urdu,roman_urdu
bharat hindu januniyon ky hathon sar e aam ak musalmaan nujawan ka qatal video viral,real,rufnd_roman_urdu,roman_urdu
pakistan ko 200 million dollars ki imdad par check and balance rakhen gy ned price,real,rufnd_roman_urdu,roman_urdu
donald trump ky twitter ky baad degar social media accounts bhi bahaal krny ka faisla,real,rufnd_roman_urdu,roman_urdu
twitter ky malik elon musk phir bari muskhkil mai phans gaye,real,rufnd_roman_urdu,roman_urdu
bharat ky republic day par maqbuza kashmir mai black day,real,rufnd_roman_urdu,roman_urdu
ukraine ki bandargah par turkiye ky cargo jahaaz par missile hamla,real,rufnd_roman_urdu,roman_urdu
makkah mukarrama ky dakhli raaston par jald naya security system nasab hogya,real,rufnd_roman_urdu,roman_urdu
bharat aur pakistan 2019 mai atomic war ky qareeb pohanch gaye thy mike pompeo,real,rufnd_roman_urdu,roman_urdu
ukraine ny soledar sy apny fojiyon ky inkhela ki tasdeeq kr di,real,rufnd_roman_urdu,roman_urdu
philippines mai 2 jets gir kr tabah airforce ky 2 pilots halak,real,rufnd_roman_urdu,roman_urdu
china ko geedar bhabkiyan deny wali bharti foj ki buzdili benaqab,real,rufnd_roman_urdu,roman_urdu
purisrar bimari north korea ka capital 5 din ky liye mukamaal band,real,rufnd_roman_urdu,roman_urdu
quran e pak ki behurmati qabil e mazammat makruh aur nafrat angez hai ned price,real,rufnd_roman_urdu,roman_urdu
nasa ny saal 2022 ko panchwan garamtreen saal qarar dy dia,real,rufnd_roman_urdu,roman_urdu
saudiarab iraqi jurwan bachon ko alehda krny ka operation kamyab,real,rufnd_roman_urdu,roman_urdu
afghanistan khoon jama deny wali sardi sy halakton ki tadad 124 hogai,real,rufnd_roman_urdu,roman_urdu
bharat 4 manzila rehaishi imarat zameen bos halakton ka khadsha,real,rufnd_roman_urdu,roman_urdu
thai police ny chand roz mai ak yon sy zaid crystal meth pakar li,real,rufnd_roman_urdu,roman_urdu
rahul gandhi ka occupied kashmir ki riyasti haisiyat bahal krny ka ilan,real,rufnd_roman_urdu,roman_urdu
ak din mai masjid al haraam mai 87000 aab e zam zam ki bottels taqseem,real,rufnd_roman_urdu,roman_urdu
north korea ny intehai sard mosam ka alert jari kr dia,real,rufnd_roman_urdu,roman_urdu
ex britain foreign secratory ny modi ko gujjrat qatal e aam ka zimedar qarar dy dia,real,rufnd_roman_urdu,roman_urdu
dunya naye khatry ky liye tayar rahy bill gates ki paishgoi ny sab ko pareshan kr dia,real,rufnd_roman_urdu,roman_urdu
shahi khandaan ka mulazim bn kr hotel sy fraud krny wala jaalsaaz giraftar,real,rufnd_roman_urdu,roman_urdu
america mai 3 din mai firing ka dusra waqia 7 afraad halak,real,rufnd_roman_urdu,roman_urdu
america south asia mai amn o istehkaam ki khawahish rakhta hai ned price,real,rufnd_roman_urdu,roman_urdu
china northern city mohe mai sardtreen darja hararat ny tamam record tor diye,real,rufnd_roman_urdu,roman_urdu
awam shadeed barafbari aur sakht mosam ky liye tayar rahy japan meteorological department,real,rufnd_roman_urdu,roman_urdu
girta huwa birth rate sangeen masla hai japanese prime minister,real,rufnd_roman_urdu,roman_urdu
united nations ki zeyli committee ki sweden mai quran e pak ki behurmati par mazammt,real,rufnd_roman_urdu,roman_urdu
uae mai maaldar aur digital bhikariyon ky gird shikanja sakht,real,rufnd_roman_urdu,roman_urdu
bharti intehapasand hinduon ky hathon mazeed 2 korean larkiyan harassment ka shikar,real,rufnd_roman_urdu,roman_urdu
america mai new lunar year ki celebrations ko doran firing 10 afraad halak,real,rufnd_roman_urdu,roman_urdu
chinese billionaire ny apni 93 percent dolaat kho di,real,rufnd_roman_urdu,roman_urdu
sweden mai quran e pak ki behurmati par muslim ummah sarapa ehtejaj,real,rufnd_roman_urdu,roman_urdu
sweden ki nato mai shamuliyat ka mamla khataai mai par gya,real,rufnd_roman_urdu,roman_urdu
saaneha tareekhi babri masjid ko 30 baras beet gaye mulzimaan ab tak azad,real,rufnd_roman_urdu,roman_urdu
moscow ky shopping center mai bary paimany par atishzadgi ak shakhs halak,real,rufnd_roman_urdu,roman_urdu
mogadishu mai mayor office ky qareeb blast mutadid afraad zakhmi,real,rufnd_roman_urdu,roman_urdu
america ak baar phir khoon mai naha gya restaurant mai firing sy 10 afrad halak,real,rufnd_roman_urdu,roman_urdu
america pohanchny ki koshish krny wala afghan foji border par giraftar,real,rufnd_roman_urdu,roman_urdu
bharat mai naak ky zariye corona vaccine lgany wali dawa tayar,real,rufnd_roman_urdu,roman_urdu
westren bank mai yahudiyon ki bastiyon ki mukhalfat kren gy american foreign minister,real,rufnd_roman_urdu,roman_urdu
serach engine google ny hazaron mulazimeen ko mulazmaat sy farigh kr dia,real,rufnd_roman_urdu,roman_urdu
peru doran e ehtejaj maruf tareekhi imarat sholon ki nazar,real,rufnd_roman_urdu,roman_urdu
jacinda ardern ki jgha chris bupkins newzealand ky wazeer e azam namzad,real,rufnd_roman_urdu,roman_urdu
tibat highway par barfani todah girny sy 9 musafir halak,real,rufnd_roman_urdu,roman_urdu
jacinda ardern ny newzealand ky wazeer e azam ka ohda chorny ka faisla kr lia,real,rufnd_roman_urdu,roman_urdu
saudiarab ab ghair mashrut ghair mulki grants nahi dy ga saudi wazeer e khazana,real,rufnd_roman_urdu,roman_urdu
bharat mai musalmanon par zulm o sitam mai sangeen izafa huwa hai human rights watch,real,rufnd_roman_urdu,roman_urdu
baharti hitler modi ki asal haqeeqat bharti intehapasand social media users ko hazam nah hui,real,rufnd_roman_urdu,roman_urdu
golden globe award ki taqreeb mai shirkat bhari par gai mutadid fankaar corona ka shikar,real,rufnd_roman_urdu,roman_urdu
ukraine ky interior minister helicopter hadsy mai halak,real,rufnd_roman_urdu,roman_urdu
video jelly wed tommy kutton ki mehngi treen shadi ki dhoom,real,rufnd_roman_urdu,roman_urdu
shehri ko cigarette ka tukra sarak par phankna mehnga par gya,real,rufnd_roman_urdu,roman_urdu
maqbuza kashmir mai azadi ky matwalon ki jaidaden seal aur masmaar krny ki mohim taiz,real,rufnd_roman_urdu,roman_urdu
china ki abadi mai 6 dahaiyon ky baad pehli baar kami,real,rufnd_roman_urdu,roman_urdu
maqbuza kashmir bharti fojiyon ky hathon jali muqably mai 2 kashmiri nujawan shaheed,real,rufnd_roman_urdu,roman_urdu
indian state bihar mai pakistan zindabad ky nary lg gaye,real,rufnd_roman_urdu,roman_urdu
sard treen shehar ka darja hararat manfi 50 centigrade tak gir gya,real,rufnd_roman_urdu,roman_urdu
nepal mai hadsy ka shikar hony waly jets ka black box mil gya,real,rufnd_roman_urdu,roman_urdu
california ghar mai firing new born baby aur maa samet 6 afrad halak,real,rufnd_roman_urdu,roman_urdu
bharat billionaires ki dolat mai 121 percent izafa bhookon ki tadad 350 million,real,rufnd_roman_urdu,roman_urdu
senegal musafir bus aur truck mai tasadum 19 afrad halak,real,rufnd_roman_urdu,roman_urdu
german defense minister kai maah tanqeed ky baad mustafi,real,rufnd_roman_urdu,roman_urdu
italy intehai matlub mafia don ko sicily mai giraftar kr lia gya,real,rufnd_roman_urdu,roman_urdu
afghanistan mai sardi ki taza lehr 20 afrad halak,real,rufnd_roman_urdu,roman_urdu
bharat mai muslim dushmani ki inteha ak aur tareekhi masjid shaheed kr di gai,real,rufnd_roman_urdu,roman_urdu
nepal guzishta roz hadsy ky shikar jet ki video viral,real,rufnd_roman_urdu,roman_urdu
tayyip erdogan ny mulk mai qabal az waqt elections ka indiya dy dia,real,rufnd_roman_urdu,roman_urdu
facebook aur microsoft ki imaraten rent par deny ka faisla,real,rufnd_roman_urdu,roman_urdu
nepal airport ky qareeb passenger plane gir kr tabah 66 afrad halak,real,rufnd_roman_urdu,roman_urdu
bin bulaye mehman sy baratiyon ny bartan dhulwa liye,real,rufnd_roman_urdu,roman_urdu
saudi khatoon lawyer ky united nations ky secretary general ky daftar mai siyasi amur ki incharge muqarar,real,rufnd_roman_urdu,roman_urdu
iran former deputy defense minister ko jasusi krny par phansi dy di gai,real,rufnd_roman_urdu,roman_urdu
britain mai railway mulazimeen ki tankhwahon mai izafy ky liye hartaal,real,rufnd_roman_urdu,roman_urdu
american president joe biden bhi ghost teacher nikly 3 saal salary li magar parhaya nhi,real,rufnd_roman_urdu,roman_urdu
japan mai corona beqabu ak hi din mai 489 amwaat,real,rufnd_roman_urdu,roman_urdu
elon musk ny sab sy zyada dolat sy mehrumi ka aalmi record qaim kr dia,real,rufnd_roman_urdu,roman_urdu
joe biden ky deputy president ky zamany ki mazeed khufia dastawezaat baramd,real,rufnd_roman_urdu,roman_urdu
china hajum mai gari ghusny sy 5 afrad halak mutadid zakhmi,real,rufnd_roman_urdu,roman_urdu
american president jeo biden par college students ko parhaye bagir 10 lakh dollar salary leny ka ilzam,real,rufnd_roman_urdu,roman_urdu
saudiarab mai female security personnels ki passing out taqreeb,real,rufnd_roman_urdu,roman_urdu
kabul mai afghan wazarat e kharjah ky bahar khudkush dhamaka 20 afraad halak,real,rufnd_roman_urdu,roman_urdu
technical kharabi ky bais america bhar mai parwazen mutasir,real,rufnd_roman_urdu,roman_urdu
france mai railway station par chaqu bardaar shakhs ka hamla 6 afrad zakhmi,real,rufnd_roman_urdu,roman_urdu
california mai barishon sy selabi surat e hal 17 afrad halak,real,rufnd_roman_urdu,roman_urdu
khadim alharmain alshareefain shah salman bin abdulaziz ka seelab zadgaan ki bahaali ka azm,real,rufnd_roman_urdu,roman_urdu
saudi vizarat e hajj o umrah ka hajjiyon ky liye workshop aur seminar ka ineqad,real,rufnd_roman_urdu,roman_urdu
indian hackers ka pakistaniyon ki sensitive information churany ky lie cyber hamla,real,rufnd_roman_urdu,roman_urdu
survey mai shahzada muhammad bin salman arab dunya ky ba-asar treen leader qarar,real,rufnd_roman_urdu,roman_urdu
mahsa amini ki halakat par muzahira krny waly 400 afrad ko 10 saal tak ki qaid,real,rufnd_roman_urdu,roman_urdu
hajj ki khawahishmand pakistaniyon ky liye saudiarab sy achi khabar,real,rufnd_roman_urdu,roman_urdu
saudi wali ehad ki pakistan mai sarmayakari 10 arab dollar tak barhany ki hidayat,real,rufnd_roman_urdu,roman_urdu
australia mai khalistan refrendum sy qabal indra gandhi ky qatilon ky tareefi poster lgany par kasheedgi,real,rufnd_roman_urdu,roman_urdu
saudiarab ka pakistan mai 1 arab dollars ki sarmayakari ka ilan,real,rufnd_roman_urdu,roman_urdu
china hainan suby mai 88 million sy zaid afrad corona ka shikar,real,rufnd_roman_urdu,roman_urdu
nigeria railway station sy darjanon afrad aghwa,real,rufnd_roman_urdu,roman_urdu
pakistan qudrati aafaat ky sath corrupt global economic system ka shikaar hai guterres,real,rufnd_roman_urdu,roman_urdu
prince harry ki kitab ny shahi mehal ki diwaron ko hilla dala aham inkeshafaat,real,rufnd_roman_urdu,roman_urdu
pakistan ka russia sy oil khareedny ka faisla american reaction samny aagya,real,rufnd_roman_urdu,roman_urdu
senegal 2 busses ky darmiyan khofnak tasadam 40 afrad halak mutadid zakhmi,real,rufnd_roman_urdu,roman_urdu
donetsk hamly ka badla ly lia 600 ukrainian foji halak russian dawa,real,rufnd_roman_urdu,roman_urdu
thailand ka behri jungi jahaz tufan mai dub gya 31 afrad lapata,real,rufnd_roman_urdu,roman_urdu
kenya bus hadsy mai 20 sy zaid afrad halaak,real,rufnd_roman_urdu,roman_urdu
america 20 saal sy qaid mashur jasus reha,real,rufnd_roman_urdu,roman_urdu
kanwary nujawanon ka sar par sehra saja kr band bajon ky sath anokha ehtejaj,real,rufnd_roman_urdu,roman_urdu
dunya ky sab sy bary jungle ki katai mai ghair mamuli izafa,real,rufnd_roman_urdu,roman_urdu
badnaam e zamana smuggler ki giraftari par sathiyon ny 29 afrad ki jaan ly li,real,rufnd_roman_urdu,roman_urdu
tunisia migrants ki boat dubny sy 5 afrad halak,real,rufnd_roman_urdu,roman_urdu
saudiarab pakistan mai technology house qaim kry ga,real,rufnd_roman_urdu,roman_urdu
kevin mccarthy american house of representatives speaker muntakhib,real,rufnd_roman_urdu,roman_urdu
america 6 sala talib ilm ny teacher ko goli maar di,real,rufnd_roman_urdu,roman_urdu
america ka israel sy masjid alaqsa ky qawaneen ky ehteram ka mutalba,real,rufnd_roman_urdu,roman_urdu
hajj 2023 ky liye darkhwasteen ajj sy wasul ki jayen gi,real,rufnd_roman_urdu,roman_urdu
america ki pakistan ko dehshatgardi ky khilaf jung mai madad ki paishkash,real,rufnd_roman_urdu,roman_urdu
united nations israeli wazeer ky khilaf thos karwai kry arab mumalik,real,rufnd_roman_urdu,roman_urdu
america mai ak baar phir khon ki holi 8 afrad halak,real,rufnd_roman_urdu,roman_urdu
amazon ny hazaron mulazmeen ko farigh krny ka mansuba bna lia,real,rufnd_roman_urdu,roman_urdu
china famous singer ki moat corona khof ky saye mazeed gehry,real,rufnd_roman_urdu,roman_urdu
afghan hakumat ka pakistani sifaratkhany par hamla krny waly 8 dehshatgard halak krny ka dawa,real,rufnd_roman_urdu,roman_urdu
masjid alharaam ka tamerati kaam barish ky bais aarzi tor par band,real,rufnd_roman_urdu,roman_urdu
sweden paltu billiyon ki registeration lazmi qarar,real,rufnd_roman_urdu,roman_urdu
bharti hakumat ka kashmiriyon par zulm o sitam ky pahar torny ky liye naya iqdaam,real,rufnd_roman_urdu,roman_urdu
chinese musafiron par pabandi lgany waly mumalik mai qatar bhi shamil,real,rufnd_roman_urdu,roman_urdu
ttp ky khilaf karwai america ny pakistan ki himayat kr di,real,rufnd_roman_urdu,roman_urdu
moashi bohraan ky saye mai srilanka mai baldiyati intekhabaat,real,rufnd_roman_urdu,roman_urdu
sweden mai saal 2023 ky aaghaz ky sath hi chnd qawaneen nafizulamal,real,rufnd_roman_urdu,roman_urdu
uae aur china ny israeli wazeer ky dorra alaqsa par united nations ka ijlas bulany ka mutalba kr dia,real,rufnd_roman_urdu,roman_urdu
januni nujawan ny hamla kr ky bazurg ka adha chehra chaba dala,real,rufnd_roman_urdu,roman_urdu
saudiarab ky ilaqy tabuk aur neum mai musalsal barafbari ka silsila jari,real,rufnd_roman_urdu,roman_urdu
china ny apny musafiron par safri pabandiyon ko naqabil e qabool qarar dy dia,real,rufnd_roman_urdu,roman_urdu
saudiarab ny israeli wazeer ki masjid e aqsa amad ko ishteyal angezi qarar dy dia,real,rufnd_roman_urdu,roman_urdu
tesla ka 2022 mai record cars beechny ka dawa,real,rufnd_roman_urdu,roman_urdu
maqbuza kashmir ky ilaqy rajori mai bomb blast 2 bachy halak 5 zakhmi,real,rufnd_roman_urdu,roman_urdu
karachi ky business man ny britain government ky khilaf bara case jeet lia,real,rufnd_roman_urdu,roman_urdu
china arab summit palestinian sadar mehmood abbas saudiarab pohanch gaye,real,rufnd_roman_urdu,roman_urdu
ukraine ka missile hamly mai senkron russian foji marny ka dawa,real,rufnd_roman_urdu,roman_urdu
america mai barfani toofan sy jungli hayat ki zindagi bhi khatry mai par gai,real,rufnd_roman_urdu,roman_urdu
mexico jail par musalah afrad ka hamla 14 afraad halak,real,rufnd_roman_urdu,roman_urdu
australia 2 helicopters fiza mai takra gaye 4 afraad halak,real,rufnd_roman_urdu,roman_urdu
vision 2023 ab saudi khawateen harmaain express chalayen gi,real,rufnd_roman_urdu,roman_urdu
global market mai crude oil ki qeematon mai record izafa,real,rufnd_roman_urdu,roman_urdu
naye saal ky pehly din european union ny croatia ko bhi goad ly lia,real,rufnd_roman_urdu,roman_urdu
vatican city 95 sala ex pope benedict inteqal kr gaye,real,rufnd_roman_urdu,roman_urdu
newzealand aur france mai naye saal ka aghaz,real,rufnd_roman_urdu,roman_urdu
saudiarab sy any waly musafiron par abe zam zam lany par mukamal pabandi aaid,real,rufnd_roman_urdu,roman_urdu
saudiarab makkah samet mutadid shehron mai musladhar barish parwazeen mansukh,real,rufnd_roman_urdu,roman_urdu
ex american president donald trump tax nadahinda nikly,real,rufnd_roman_urdu,roman_urdu
ukraine russian hamlon ky baad khairsan sy shehriyon ka inkhela shuru,real,rufnd_roman_urdu,roman_urdu
sweden mai mohajireen ki mulk badri ka silsila shuru overseas pakistani bhi shamil,real,rufnd_roman_urdu,roman_urdu
aung san suu chi ko corruption ky ilzam mai mazeed 7 saal qaid ki saza,real,rufnd_roman_urdu,roman_urdu
bharti wazeer e azam narindar modi ki walida inteqal kr gain,real,rufnd_roman_urdu,roman_urdu
sarhadi jharaap ky baad china ny bharat ko khabardar kr dia,real,rufnd_roman_urdu,roman_urdu
netanyahu tesri martaba israel ky wazeer e azam muntakhib,real,rufnd_roman_urdu,roman_urdu
america niagara falls ny bhi baraf ki chadar orh li,real,rufnd_roman_urdu,roman_urdu
shadeed dhund ky bais 200 sy zaaid gariyan takra gain,real,rufnd_roman_urdu,roman_urdu
saudiarab ka 30 mumalik ky nomuslimon ky liye umrah program ka ehtemam,real,rufnd_roman_urdu,roman_urdu
bharat ky tayar krda khansi ka sharbat peny sy uzbekistan mai 18 bachy janbahaq,real,rufnd_roman_urdu,roman_urdu
russia ka ukraine ky shehron par cruise missiles sy hamla,real,rufnd_roman_urdu,roman_urdu
harmaain sharefaain mai chinese language mai islamic lessons ka aghaz,real,rufnd_roman_urdu,roman_urdu
pakistan aur baharat ka new delhi o islamabad mai apny nazim ul umoor tabdeel krny ka faisla,real,rufnd_roman_urdu,roman_urdu
battagram chairlift mai phasy bachon ko hifazati jackets pehnany ki video samny aa gyi,real,rufnd_roman_urdu,roman_urdu
sarfaraz nawaz ki nigraan vazeer e azam sy cricket board ky maamlaat mai madakhlat ki darkhawast,real,rufnd_roman_urdu,roman_urdu
supreme court wakeel qatal case mai imran khan ko giraftar na krny ka hukam barqarar,real,rufnd_roman_urdu,roman_urdu
afghanistan ky khilaf dusra one day match miki aurthor ny team ko join kr lia,real,rufnd_roman_urdu,roman_urdu
wagner group ky sarbarah ki mot ky peechy putin ka hath ho skta hai joe biden,real,rufnd_roman_urdu,roman_urdu
chaand pr pehly batting krni chahiye ya bowling sabiq baharati cricketer ka dilchasp tabsara,real,rufnd_roman_urdu,roman_urdu
riyaz umrey sy wapis jany waly khandaan ko traffic hadsa 4 bachy or baap jaan bahaq,real,rufnd_roman_urdu,roman_urdu
harsha bhoogly ny world cup sy qabal tamam teamo ko pakistan ky kin 3 bowlers sy khabardar kia,real,rufnd_roman_urdu,roman_urdu
priyanka or amisha pr tazheek ameez tabsary sarifeen ny nadir ali pr pabandi ka mutalba kr dia,real,rufnd_roman_urdu,roman_urdu
saneha jaranwala police ny markazi mulziman ky muhaly daar ko giraftaar kr lia,real,rufnd_roman_urdu,roman_urdu
sham hui to hum sy kaha gya jo ho sky aap kr len battagram waqye ky hero sahab khan ki guftugoo,real,rufnd_roman_urdu,roman_urdu
shehbaz shareef ne shaheen haris aur naseem ko dunya ka behtreen bowling attack qarar dedia,real,rufnd_roman_urdu,roman_urdu
sindh hakumat se grant lene wale sehat ke idaron kko audit krane ka hukam,real,rufnd_roman_urdu,roman_urdu
australia ki big bash league ke liye naamzadgiyan pakistani cricketers bhi shamil,real,rufnd_roman_urdu,roman_urdu
thattha jharak ke qareeb truck aur van mai tasadum 7 afraad jan ba haq,real,rufnd_roman_urdu,roman_urdu
islamabad school mai 6 sala bache se sathi talib ilm ki mubayina ziyadati,real,rufnd_roman_urdu,roman_urdu
peshawar brt mansube ko teen saal mukamal hone ke bawajud musafir sahuliyat se mehrum,real,rufnd_roman_urdu,roman_urdu
iran shah chirag mizaar ke andar firing se 4 afraad halak,real,rufnd_roman_urdu,roman_urdu
idare mai 600 arab ruppee tak ki corruption hoti hai chairman fbr ka inkeshaf,real,rufnd_roman_urdu,roman_urdu
caribbean premier league mai salman irshaad aur muhammad amir ki tabah kun bowling,real,rufnd_roman_urdu,roman_urdu
mukhtalif sarkari mehkamo mai kaam krne wale hazaron mulazimeen ne mangal ko parliament ke samne jinnah evenue par dharna de dia aur un mai se zyada tadad lady health workers ki hai,real,rufnd_roman_urdu,roman_urdu
aqwam e mutahidah ki insani haquq council mai pakistan ke dobara muntakhib hone ko baaz mahireen aik bari sifarati kamyabi qarar de rahe hain to baaz ke mutabiq is ki koi khas ehmiyat nahi hai jab keh pakistan hakumat ka kehna hai keh is sy pakistan ko masla e kashmir ko ujagar krne ka moqa mile ga,real,rufnd_roman_urdu,roman_urdu
senitor anwaar ul haq kakar ne kaha keh yeh bhi qabil e ghor hai keh sirf larkiyon ka mazhab tabdeel ho raha hai larky mazhab tabdeel nahi kr rahe,real,rufnd_roman_urdu,roman_urdu
is muqadame mai ab teen afrad giraftar hain jin mai se ak mulzim faisal khalid hain jinhen peshawar high court ne kam umar qarar dia hai faisal khalid ne toheen e mazhab ke mulzim tahir nasim ko adalat ke ahaatey mai firing kr ke halak kr dia tha,real,rufnd_roman_urdu,roman_urdu
nelson mendela ne ghair janibdar mumalik ki tanzeem ke chairman ki haisiyat se kashmir ko india aur pakistan ke darmiyan ak mutanaziya khita kaha to india mai gham o ghuse ka izhaar kia gaya,real,rufnd_roman_urdu,roman_urdu
pakistan ke wazeer e azam imran khan ne kaha hai keh pakistan ne mazi se seekha hai keh foj ka kaam mulk chalana nahi hoti aur yeh keh agar jamhuri nizam thik na chal raha ho to iska matlab ye nahi hai keh us ki jgha marshal law aa jaye,real,rufnd_roman_urdu,roman_urdu
khanon ki tarakeeb share krne wali janubi africa ki website food 24 ne biryani ki ghair riwayati tarkeeb lga kr social media saarfeen ko nalan kr dia jis ke baad unhon na sirf maafi mangni pari balke video bhi hatani pari,real,rufnd_roman_urdu,roman_urdu
islamabad high court ke chief justice athar minallah ne 2 saal qabal lapata hone wale shehri sajid mehmood ki baazyabi se mutaliq darkhwast ki samaat ke doran remarks diye hain keh jabri gumshudgi se murad yeh hai keh riyasat ke kuch log hi logon ko zabardasti ghaib krte hain,real,rufnd_roman_urdu,roman_urdu
pakistan ke sab se bare shehar karachi mai ak naya zilla banane ki manzuri di gai hai kimari zille ke qayam se karachi shehar mai azlla ki tadad saat ho jaye gi,real,rufnd_roman_urdu,roman_urdu
pakistan ke sube balochistan ke senior siyasatdan aur national party ke markazi rehnuma senitor mir hasil khan bazinjo inteqal kr gaye hain wo cancer ke marz mai mubtala thy,real,rufnd_roman_urdu,roman_urdu
panu aqil mai ak hi khandan ke 11 afrad ke qatal ki fir ke mutabiq mulzimaan ne chaqu se gale kaat kr ilaqe mai khof o hiras phelaya police ke mutabiq maqtuleen ke hath aur paon pakar kr un ke gale kate gaye,real,rufnd_roman_urdu,roman_urdu
pakistani airlines ki european countries mai bahali ke liye koshishen team brussels pohanch gai,real,rufnd_roman_urdu,roman_urdu
karachi ke ilaqy manghupir mai baap ne ghairat ke naam par beyti ko qatal kr ke laash dafna di,real,rufnd_roman_urdu,roman_urdu
ghotki pasand ki shadi par jirgy ne larky ki bhateeji wani krne ka faisala suna dia,real,rufnd_roman_urdu,roman_urdu
bharat sy darya e satluj mai chory jane wale selabi relon ne tabahi macha di,real,rufnd_roman_urdu,roman_urdu
mulk mai insani jaan bachane wali mutadid adviyaat ki qeematon mai bhi hoshruba izafa,real,rufnd_roman_urdu,roman_urdu
khyber pakhtun khawa ki nigran kabina ke 9 wuzraa ko mehkme allot kr diye gaye,real,rufnd_roman_urdu,roman_urdu
peshawar high court ne pakistani foj ki hirasat mai qaid samaji rehnuma idrees khattak ke khilaf foji adalat mai official secret act ke tehat jari muqadame ki karawai moaatal krne ka hukam dia hai,real,rufnd_roman_urdu,roman_urdu
karachi mai wifaqi tehqiqati idare fia ne ak khatoon ko apne sabiqa boy friend ki nazaiba video aur tasaver share krne ke ilzam mai giraftar kia hai,real,rufnd_roman_urdu,roman_urdu
pakistan mai cement ki paidawar aur farokht ke karobar se munsalik lucky cement ki paidawar aur farokht mai halia arse mai izafa dekhne mai aya hai,real,rufnd_roman_urdu,roman_urdu
murtaza bhutto qatal case ke mulzimaan ki bariyat ke khilaf appeal 13 saal baad samaat ke liye muqarar,real,rufnd_roman_urdu,roman_urdu
sahafi ko supreme court samaet tamam idaron se malumaat lene ka haq hai justice faiz esa,real,rufnd_roman_urdu,roman_urdu
bhakar talibaat ko hirasaan krne wale mulzimaan tahaal qanon ki girift se bahar,real,rufnd_roman_urdu,roman_urdu
rawalkot mai shehriyon ne mehngi bijli ke khilaf ehtejajan 30000 se zaaid bill jala diye,real,rufnd_roman_urdu,roman_urdu
pakistani talib ilm ne america mai animation ka aalmi muqabla jeet lia,real,rufnd_roman_urdu,roman_urdu
nokri nahi to saman faraham kr dyn takeh logon ki janen bacha sken sahib khan,real,rufnd_roman_urdu,roman_urdu
pakistan mai gas ke baqi zakhair ke bary mai wazeer e azam ke khasusi musheer baraye petroleum nadeem babar ne kaha hai keh agar mulk mai koi naye bary zakhair daryaft nahi hoty to aainda baarah se chodaah saal mai gas khatam ho jaye gi,real,rufnd_roman_urdu,roman_urdu
dehshatgardon unke sahulatkaron aur uksane walon ko nahi chora jaye ga army chief,real,rufnd_roman_urdu,roman_urdu
jinnah house hamla case adalaat ne imran khan ko giraftar krne ki ijazaat de di,real,rufnd_roman_urdu,roman_urdu
tosha khana se alqadir trust tak corruption mai mulawis shakhs ko bachane ke liye chief justice sargarm hain nawaz shareef,real,rufnd_roman_urdu,roman_urdu
imran khan ne britain lawyer ko apna case aalmi idaron mai uthane ki hidayat kr di,real,rufnd_roman_urdu,roman_urdu
sadar e mumlikat ne aam intekhabaat ki tareekh ke liye chief election commissioner ko talab kr lia,real,rufnd_roman_urdu,roman_urdu
imran khan ki bushra bibi se shadi ki khawahish par heran tha magar kuch keh na saka aoun chaudary,real,rufnd_roman_urdu,roman_urdu
supreme court ne qomi ehtesaab bureau ke mulzimaan ki taweel hirasaat ka notice lete huwe kaha hai keh nab muqadamat mai mulziman ko taweel hirasat mai rakhna nainsafi hogi,real,rufnd_roman_urdu,roman_urdu
pakistan mai lu biscuit banae wali company continental biscuit limited ke md hassan ali khan ka bbc se guftagu krte hue kehna tha keh biscuit ka france se koi taluq nahi aur yeh biscuits pakistan mai tayar kiye jaty hain aur inhen kisi aur mulk se daramad nahi kia jata,real,rufnd_roman_urdu,roman_urdu
chief justice ka chairman pti ki wakalat krna imran khan ko acha nahi bana skta: mariam,real,rufnd_roman_urdu,roman_urdu
imran khan ki appeal par samaat tosha khana case mai trail court ka hukam darust nahi chief justice,real,rufnd_roman_urdu,roman_urdu
hassas idare aur police ki liyari mai karawai bharati jasus samaet pakistani sahulatkar giraftar,real,rufnd_roman_urdu,roman_urdu
wazeer e dakhla sindh ne ghotki ke rehaishi ki social media video par notice le lia,real,rufnd_roman_urdu,roman_urdu
parvaiz aur monas ilahi ke khilaf naib report mai corruption ghaplon aur kick backs ke ilzamaat,real,rufnd_roman_urdu,roman_urdu
rizwana tashadud case civil judge asim hafeez ko nokri se barkhaast krne ki darkhawast samaat ke liye manzur,real,rufnd_roman_urdu,roman_urdu
saudi shehar riyad jane wali parwaz mai emergency kuwait city wapis uttar lia gya,real,rufnd_roman_urdu,roman_urdu
luckimarwat mai 2 groups mai firing se 4 afraad jan bahaq,real,rufnd_roman_urdu,roman_urdu
commissioner office pindi mai ijlas ke liye ane wale district election commissioner ka mobile chori,real,rufnd_roman_urdu,roman_urdu
taliban ne university scholarship ke liye dubai janewali 100 afghan talibaat ko rok lia,real,rufnd_roman_urdu,roman_urdu
bricks sarbarahi ijlas ka itehaad ka daira barhane par itefaq,real,rufnd_roman_urdu,roman_urdu
bihar government ne apne police mehkmon ko hidayat ki hai keh wo siyasatdanon aur sarkari ohdedaron par tanqeed ki tehqiqaat shuru karen,real,rufnd_roman_urdu,roman_urdu
saudia se tohfe mai milli ghari farokht krne par sabiq brazilian sadar ki giraftari ka imkan,real,rufnd_roman_urdu,roman_urdu
bharat railway ka zair e tameel pul girne se 17 mazdur halak,real,rufnd_roman_urdu,roman_urdu
mexico mai trailer aur bus mai tasadum se 16 afraad halak 30 zakhmi,real,rufnd_roman_urdu,roman_urdu
video makkah mai taiz barish aur clock tower par bijli girne ka manzar,real,rufnd_roman_urdu,roman_urdu
pury hindustan mai kisaan apni rozi roti ki nijkari ke khilaf mazahmat krte hain,real,rufnd_roman_urdu,roman_urdu
tashadud inteha pasandi aur andhi januniyat ke liye mazhab ka istemal band kia jaye pope francis,real,rufnd_roman_urdu,roman_urdu
dawn ki khabar ke mutabiq election commission of pakistan ecp ky bahar ak ijtema se khitab krte huwe mariam ne kaha keh un ke walid nawaz sharif ke khilaf muqadamat mai tezi lai gai aur chand dinon mai faisla kia gya lekin ecp ne 2014 se pti case ki 70 samaaten kin,real,rufnd_roman_urdu,roman_urdu
pakistan security ke liye afghanistan ke sath apni sarhad par baar laga raha hai yeh iqdaam muqami qabail mai ghair maqbool hai jo kehte hain keh is sy un ke taluqat aur moaash par asar parta hai,real,rufnd_roman_urdu,roman_urdu
african union ne foji take over ke bais niger ki rukniyat moatal kr di,real,rufnd_roman_urdu,roman_urdu
thiland ke sabiq wazeer e azam jilawatni khatam kr ky watan wapsi par giraftar jail muntaqil kr dia gaya,real,rufnd_roman_urdu,roman_urdu
balakot ki malumaat sirf 5 logon ke pass thi is ki tehqiqat honi chahiye keh arnab goswami ko yeh malumat kis ne leak ki,real,rufnd_roman_urdu,roman_urdu
iran ne moqami tor par banaye gaye jadeed drone mohajir 10 ki runamai kr di,real,rufnd_roman_urdu,roman_urdu
moscow ke tamam airports parwazon ki amad o raft ke liye band,real,rufnd_roman_urdu,roman_urdu
video america mai police se bhagty shakhs ne gari hajum par charha di,real,rufnd_roman_urdu,roman_urdu
georgia mai intekhabi nataij palatne ka muqadma trump kal khud ko georgia jail hukaam ke sapurd kren gy,real,rufnd_roman_urdu,roman_urdu
bharat ne sirinagar ke aham media idaare ki website ko block kr dia,real,rufnd_roman_urdu,roman_urdu
north korea ka ak aur cruise missile ka tajurba america ne aman ke liye khatra qarar de dia,real,rufnd_roman_urdu,roman_urdu
rahul gandhi ki ewan mai wapsi par congress ne modi ko gabaar singh bana kr video post kr di,real,rufnd_roman_urdu,roman_urdu
south korean dosheeza baharti shehri ki mohabbat mai baharat pohanch gai,real,rufnd_roman_urdu,roman_urdu
pakistani wazeer e azam imran khan ne ilan kia hai keh 20 january ko janubi wazeeristan ke qabaili khitty mai tez raftaar internet raabte operational ho jayen gy,real,rufnd_roman_urdu,roman_urdu
khany ki qeematon mai izafa un mumalik mai ak pareshan kun rujhan hai jo daramadat par munhasir hain jab keh asia aur africa ke boht se hisson mai chawal ki qeemat siyasi tor par hassas hai,real,rufnd_roman_urdu,roman_urdu
pakistan ne jumeraat ko kaha keh ussy 31 january tak china ke sinopharm covid 19 vaccine ki nisf million muft khuraken milen gi,real,rufnd_roman_urdu,roman_urdu
hindustan dhaka ko 20 lakh covid 19 vaccine bhejne ke liye tayar hai,real,rufnd_roman_urdu,roman_urdu
somalia ki hakumat ne tiktok aur telegram par pabandi lga di,real,rufnd_roman_urdu,roman_urdu
ak pakistani khatoon jo teen dahaiyon qabal hindustan aii thi aur kabhi wapis apne mulk nahi gai thi ko is saal ke shuru mai uttarpardesh ke zila eta mai aburi gawon ki sarbarah bana dia gaya tha is khatoon ki shanakht bano begum ke naam se hui jo karachi pakistan ki rehaishi thi,real,rufnd_roman_urdu,roman_urdu
teen saal mai iqtedar civilians ke sapurd kr dun ga niger ke foji hukmaran ka wada,real,rufnd_roman_urdu,roman_urdu
ghair azdawaji taluq par ehl e ilaqa ka 2 bachon ke baap aur aashna ko khamby se bandh kr tashadud,real,rufnd_roman_urdu,roman_urdu
bharat mai muslim jora bete ke hindu larki ke sath farar hone par bedardi se qatal,real,rufnd_roman_urdu,roman_urdu
palestine west bank mai firing se israeli baap beta halak,real,rufnd_roman_urdu,roman_urdu
russia ka ukraine par missile hamla 7 afraad halak aur 129 zakhmi,real,rufnd_roman_urdu,roman_urdu
panch mulzimon ki shanakht punjab se gurjeet singh aur sukheep singh ke naam se hui hai aur shabir ahmed gojri md ayub pathan aur riaz ko kashmir se balkeh 7 december ko giraftar kia gaya tha aur wo mubayina tor par darulhakumat aur hamse mai hadaf banaye jane wale halakton ko phansi dene ke liye kaam kr rahe thy,real,rufnd_roman_urdu,roman_urdu
250 se zaaid musadiron ko le janewale jahaz ka pilot doraan e parwaz chal basa,real,rufnd_roman_urdu,roman_urdu
albania mai 4 saiyahon ke khane ka bill italy ki hakumat ke gale par gaya,real,rufnd_roman_urdu,roman_urdu
trump ke hotel par kaam krne wali mulazma se sathi mulazim ka rape,real,rufnd_roman_urdu,roman_urdu
canada ke jungalaat mai dahai ki badtareen agg 22000 sy zaaid afrad beghar,real,rufnd_roman_urdu,roman_urdu
swedish govermnment ka quran e pak ki toheen rokne ke liye qanuni imkanaat par ghor,real,rufnd_roman_urdu,roman_urdu
britain tarekh mai bachon ki badtareen serial killer nurse par 7 numolud bachon ko qatal krny ka jurm sabit,real,rufnd_roman_urdu,roman_urdu
britain mai 10 sala sara ka qatal pakistan farar hone waly walid walida aur bhai matlub,real,rufnd_roman_urdu,roman_urdu
new dehli hindi ki kitab bhul jane par hindu ustad ka musalman talib ilm par wehshiyana tashadud,real,rufnd_roman_urdu,roman_urdu
uzbekistan bachon ki halakton ke case mai bharti dawa saz company ke khilaf aham inkeshaf,real,rufnd_roman_urdu,roman_urdu
saudi wali ehad se irani wazeer e kharjah ki mulaqat do tarfa taluqat aur ilaqai amoor par guftagu,real,rufnd_roman_urdu,roman_urdu
america ne russia se larne ke liye ukraine ko f16 jets dene ki manzuri de di,real,rufnd_roman_urdu,roman_urdu
parosiyon ke kutoon ki larai khooni jhagry mai tabdeel firing se 2 afrad halak,real,rufnd_roman_urdu,roman_urdu
office mai phone charge krne par boss ne mulazim ko bijli chor qarar de dia,real,rufnd_roman_urdu,roman_urdu
india kuweyn mai giry janwar ko bachate huwe 5 afraad halak,real,rufnd_roman_urdu,roman_urdu
ukraine ne moscow ke business hub par drone hamle kiye russia ka ilzaam,real,rufnd_roman_urdu,roman_urdu
wo mulk jahan schools mai kalashnikov ke sath hand grenade ka istemal bhi sikhaya jaye ga,real,rufnd_roman_urdu,roman_urdu
trump ke khilaf election par asar andaz hone ke case ki judge ko qatal ki dhamki dene wali khatoon giraftar,real,rufnd_roman_urdu,roman_urdu
haseena wajid ke bete ke qatal ki sazish ka ilzam akhbaar ke 2 senior editors ko 7 saal qaid ki saza,real,rufnd_roman_urdu,roman_urdu
bharat medical college mai daakhly mai nakaami par nujawan ki khud kushi baap ne bhi apni jaan le li,real,rufnd_roman_urdu,roman_urdu
ghareelu jhagry sy tang shohar ne biwi samaet khud ko dhamaky sy urra lia,real,rufnd_roman_urdu,roman_urdu
malaysia mai tayara sarak par gir kar tabah 10 afraad halaak,real,rufnd_roman_urdu,roman_urdu
saudi arab aur iran ke taluqat darust rasty par hain irani wazeer e kharja,real,rufnd_roman_urdu,roman_urdu
afghan hakumat ka mulk mai siyasi jumaaton par pabandi ka ilan,real,rufnd_roman_urdu,roman_urdu
musafiron se bhare jet mai doran e parwaz pilot dill ka dora parne se chal basa,real,rufnd_roman_urdu,roman_urdu
south africa ka mens aur womens cricketers ko yaqsaan moawza dene ka ilan,real,rufnd_roman_urdu,roman_urdu
nigeria mai foji qafly par ghaat lga kr hamla 26 ehalkar halak,real,rufnd_roman_urdu,roman_urdu
naib ameer jumaat e islami bangladesh jail mai inteqal kr gaye,real,rufnd_roman_urdu,roman_urdu
sweden mai shahi mehal ky samny quran e pak ki behurmati,real,rufnd_roman_urdu,roman_urdu
russia mai petrol station par agg lgny sy 30 afrad halak 60 zakhmi,real,rufnd_roman_urdu,roman_urdu
ethopia mai mubayina drone hamla 26 afrad halak,real,rufnd_roman_urdu,roman_urdu
russia mai pehli baar pakistani parcham digital tareeqy sy aawezan,real,rufnd_roman_urdu,roman_urdu
kashmiriyon ka iss saal be 15 august ko yom e siyah manany ka faisala,real,rufnd_roman_urdu,roman_urdu
afghanistan ky hotel mai zordar dhamaka 3 afraad halaak aur 7 zakhmi,real,rufnd_roman_urdu,roman_urdu
niger mai army aur askriyat pasandon ki jharap mai 16 halakteen,real,rufnd_roman_urdu,roman_urdu
world blind games cricket bangladesh ko hara kr pakistan ne musalsal dusri fateh hasil kr li,real,rufnd_roman_urdu,roman_urdu
pehla one day pakistan ne afghanistan ko 142 runs sy shikast dy di,real,rufnd_roman_urdu,roman_urdu
world cup se dedh mah qabal ak baar phir pcb mai tabdeeli ke badal mandlane lage,real,rufnd_roman_urdu,roman_urdu
tareekh mai pehli martaba pakistan team afghanistan ke khilaf all out hogai,real,rufnd_roman_urdu,roman_urdu
afghanistan ke najib ullah zadraan pakistan ke khilaf one day series sy bahar ho gaye,real,rufnd_roman_urdu,roman_urdu
australian batsman steve smith ka left wrist ki injury ke bary mai inkeshaf,real,rufnd_roman_urdu,roman_urdu
sabiq bharti cricketers asia cup ke liye team selection par phat pary,real,rufnd_roman_urdu,roman_urdu
afghanistan ke khilaf pehle one day match ke liye pakistan ki mumkina playing eleven samne agai,real,rufnd_roman_urdu,roman_urdu
jokovich ne carlos alcarez se wimbledon ka badla lete huwe cincinnati open title jeet lia,real,rufnd_roman_urdu,roman_urdu
world jeetny ke baad khilari ka bosa lene par spanish football federation ke sadar ki maazrat,real,rufnd_roman_urdu,roman_urdu
afghan cricket team ke captain ka pakistani players ko riwayati aghan dress ka tohfa,real,rufnd_roman_urdu,roman_urdu
asian volley ball championship pakistan ko dusre group match mai korea ne shikast dydi,real,rufnd_roman_urdu,roman_urdu
world shooting 25 meter rad fire pistol ke pehle roz gm bashir ki 23wen position,real,rufnd_roman_urdu,roman_urdu
umeed hai team asia cup aur world cup jeet kr watan laye gi zaka ashraf ki khilariyon se guftagu,real,rufnd_roman_urdu,roman_urdu
100 fisad karkardagi dikhane ki koshish karen babar ka qomi khilariyon ko paigham,real,rufnd_roman_urdu,roman_urdu
nikkah ki raat hi shadi se pehle ki tasaweer delete krwa di gai thin kiran ashfaq,real,rufnd_roman_urdu,roman_urdu
bank se lia gya qarz wapis ada na krne par sunny deol ka ghar neelami ke liye paish,real,rufnd_roman_urdu,roman_urdu
tashadud ka ilzam adakara minsa alizy shah ke khilaf shikayat le kar police station pohanch gain,real,rufnd_roman_urdu,roman_urdu
bollywood actoress zareen khan dengue ka shikar hospital dakhail,real,rufnd_roman_urdu,roman_urdu
international flight mai bomb ki jhuti afwah phelane par sabiq pakistani model giraftar,real,rufnd_roman_urdu,roman_urdu
tariq aziz marne se pehle apni ankhen attiya krna chahty thy ehliya ka inkeshaf,real,rufnd_roman_urdu,roman_urdu
mard sirf wo shreef hai jise moqa nahi mila nida yasir,real,rufnd_roman_urdu,roman_urdu
rahat fateh ali khan ke gane mai kinza hashmi aur bharti adakar karan wahi ki dhoom,real,rufnd_roman_urdu,roman_urdu
islamabad mai university ki taliba se mubayina ziyadati black mail bhi kia gaya,real,rufnd_roman_urdu,roman_urdu
shair shah police ne chaliya aur indian gutka smuggling ki koshish nakaam bana di,real,rufnd_roman_urdu,roman_urdu
karachi mai khatoon ne daketi ki koshish nakaam bana di,real,rufnd_roman_urdu,roman_urdu
karachi orangi town mai namaloom afraad ki firing se peoples party ka ilaqai ohdedaar jan bahaq,real,rufnd_roman_urdu,roman_urdu
karachi mai sachal thany ki police mobile par gasht ke doraan dasti bomb hamla 3 ehalkar shadeed zakhmi,real,rufnd_roman_urdu,roman_urdu
musalaah drones ke istemal se le kr social media black out tak guzishta saal jung ke liye pehla saal raha hai,real,rufnd_roman_urdu,roman_urdu
america ne kaha hai keh wo britain national alqaida leader ahmad umar saeed sheikh ko apni tehweel mai lene ke liye tayar hai,real,rufnd_roman_urdu,roman_urdu
north karachi mai mubayina police muqably mai 5 daku halak,real,rufnd_roman_urdu,roman_urdu
texla mai 500 ke easy load par jhagra dukandar ki firing se gahak jan bahaq,real,rufnd_roman_urdu,roman_urdu
karachi mai 15 sala dakeyt larki pakri gai,real,rufnd_roman_urdu,roman_urdu
lahore mai bheek mangne se mana krne par khawaja sara ny rickshaw driver ko qatal kr dia,real,rufnd_roman_urdu,roman_urdu
mardan makaan ke tanazie par khatoon aur us ke 3 baitoon ko qatal kr dia gya,real,rufnd_roman_urdu,roman_urdu
rawalpindi benazeer bhutto hospital ke xray department mai khatoon se ziyadati,real,rufnd_roman_urdu,roman_urdu
hingo muqami sahafi farooq paracha ke ghar par namalum afraad ki firing,real,rufnd_roman_urdu,roman_urdu
sakkhar mai namalum afraad ki firing sahafi jaan muhammad mehar jan bahaq,real,rufnd_roman_urdu,roman_urdu
bharat mai land sliding se mandir tabah aur college beh gaya 33 halakteen,real,rufnd_roman_urdu,roman_urdu
karachi mai aala police afsaraan bhi ghair mehfuz dsp aur family se loot maar,real,rufnd_roman_urdu,roman_urdu
mobile zyada istemal krne par shohar ne biwi ko qatal kr ke susar ki madad se laash darya mai phank di,real,rufnd_roman_urdu,roman_urdu
chichawattni mai 7 sala bachi se mubayina ziyadati mulzim giraftar,real,rufnd_roman_urdu,roman_urdu
abbottabad bachon ki nazaiba videos share krne mai mulawis 2 mulziman giraftar,real,rufnd_roman_urdu,roman_urdu
karachi mai tajir ka pota aghwa 8 crore ruppee tawaan talab,real,rufnd_roman_urdu,roman_urdu
lahore mai police constable ne thany ke bahar se 40 motorcycles chori kr lin,real,rufnd_roman_urdu,roman_urdu
lahore gurdon ki ghair qanuni paiwandkari mai mulavis 3 doctors samaet 11 afraad giraftar,real,rufnd_roman_urdu,roman_urdu
karachi biwi ne beyti aur bhai ke sath mil kr shohar ko qatal kr dia laash tezaab mai daal di,real,rufnd_roman_urdu,roman_urdu
karachi burqa posh ne khatoon par tezaab phenk dia,real,rufnd_roman_urdu,roman_urdu
karachi mai din dehary dakeyti ka mamla police ne muqadma darj kr lia,real,rufnd_roman_urdu,roman_urdu
world crome index mai ham chatty se 128wen number par aachuky hain ig sindh,real,rufnd_roman_urdu,roman_urdu
lahore ke ilaqy iqbal town mai ghar mai daketi daku ak crore ruppee aur zaywaraat loot kr farar,real,rufnd_roman_urdu,roman_urdu
karachi bhittai colony mai namalum mulzim ne ghar mai ghus kr mazdoor ka gala kaat dia,real,rufnd_roman_urdu,roman_urdu
karachi se cheene gaye mobiles ki patching ke baad dobara farokht ka naya karobaar,real,rufnd_roman_urdu,roman_urdu
karachi mai din dehary larki se nazaiba harkat ka ak aur waqiya video samne agai,real,rufnd_roman_urdu,roman_urdu
kashmir mai bharti fojiyon ne 3 afraad ko halak kr dia khandaan askariyat pasandon se taluq se inkaar krty hain,real,rufnd_roman_urdu,roman_urdu
sirinagar hindustan ke zair e intezam kashmir mai police ne wednesday ko kaha keh sarkari forces ne teen mushtabah askariyat pasandon ko ak mulah tasadum mai halaak kr dia,real,rufnd_roman_urdu,roman_urdu
mashriq mai ghalba hasil krne ke liye maghribi bengal aur assaam mai jari jarehana qadam aur janub mai is ki barhti hui position aik asi party ki taraf isharah krti hai jo pury hindustan mai mojudgi hasil krne ke liye purazam hai,real,rufnd_roman_urdu,roman_urdu
punjab mai 1600 se zyada mobile towers ko pohanche wale nuksan ka notice lety huwe riyasat ke governor vp singh badnor ne riyasat ke chief secretary aur director general of police (dgp) ko talab krne ka faisla kia hai dareen isna assocham ne punjab ke wazeer aala amrinder singh ko likha hai,real,rufnd_roman_urdu,roman_urdu
national conference ki izafi tarjuman sara shah ne kaha keh siri nagar ke mazafaati ilaqy mai incounter ke moqam par teeno afraad ki halakat se mutaliq logon aur khandanon ke bayanaat mutazzad hain,real,rufnd_roman_urdu,roman_urdu
quetta insedad e polio team par firing se 2 police ehalkar shaheed,real,rufnd_roman_urdu,roman_urdu
rahimyar khan police muqabley mai dakuon ka sarghana janu andhar samaet 6 daku halak,real,rufnd_roman_urdu,roman_urdu
lahore cia cantt aur dakuon mai muqabla zair e hirasat 3 daku halak,real,rufnd_roman_urdu,roman_urdu
top order mai kharab performance ki waja se joe burns ko bharat ke khilaf tesre test ke liye australian cricket team mai jagah dena pari hai,real,rufnd_roman_urdu,roman_urdu
defense mai mpa ke bhai aur bhatije ka qatal cctv samne agai,real,rufnd_roman_urdu,roman_urdu
defense firing waqia mulziman ne route ki mukamal reiki ki thi police,real,rufnd_roman_urdu,roman_urdu
burewala mai nashai baap ne churi maar kr 13 sala beti ki ankhen zaya kr din,real,rufnd_roman_urdu,roman_urdu
video khatoon aur moamar shakhs ko yarghamal banane wale daku police karawai mai halak,real,rufnd_roman_urdu,roman_urdu
margala hills trail 3 mubayina ziyadati case larki ne adaalat mai fraud ka eteraf kr lia,real,rufnd_roman_urdu,roman_urdu
islamabad 14 sala mulzima par civil judge ki ehliya ke mubayina tashadud ke waqia ka muqadma darj,real,rufnd_roman_urdu,roman_urdu
afghan khawateen ke liye jamiyat kholne ka faisala afghan hakumat ke sarbarah karen gy wazeer taleem,real,rufnd_roman_urdu,roman_urdu
lodharan bheek mangne wali khatoon se 10 roz tak ijtemai ziyadati krne wale 3 mulzimaan giraftar,real,rufnd_roman_urdu,roman_urdu
perfume lgane par jahagra shohar ne biwi ko goli mar di,real,rufnd_roman_urdu,roman_urdu
iqtesadi kamyabi ke liye tawun krty rahen gy jashan e azadi par america ki pakistan ko yaqeen dahani,real,rufnd_roman_urdu,roman_urdu
janubi wazeerastan mai forces se jharap mai dehshatgard halak,real,rufnd_roman_urdu,roman_urdu
supreme court ne tosha khana case sy mutaliq trail court ke faisale mai ghaltiyon ki nishandahi kr di,real,rufnd_roman_urdu,roman_urdu
supreme court ka larki ki razamandi par usse shohar ke sath jane ka hukam,real,rufnd_roman_urdu,roman_urdu
pakistan ke tamam hakumati idaron ko wizarat e khazana ke tehat kam krna hoga imf,real,rufnd_roman_urdu,roman_urdu
iman mazari ke mazeed jismani remand ki isteda mustarid judicial remand par adyala jail muntaqil,real,rufnd_roman_urdu,roman_urdu
bar waqt aam intekhabaat ke ineqaad ke liye supreme court mai darkhwast dayar,real,rufnd_roman_urdu,roman_urdu
kamsin mulazima fatima ka qatal dargah rani-pur ke khalifon samaet 40 afrad ke khilaf muqadma darj,real,rufnd_roman_urdu,roman_urdu
chairman pti se jail mai mulaqat ke liye darkhawast dair,real,rufnd_roman_urdu,roman_urdu
lahore mai larki ko qatal krne wale nujawan ne khudkushi kr li,real,rufnd_roman_urdu,roman_urdu
federal urdu university ke tulba o talibaat ne fees mai izafe ky khilaf dharna de dia,real,rufnd_roman_urdu,roman_urdu
9 may jalao ghirao case police ko chairman pti se jail mai tafteesh ki ijazat mil gai,real,rufnd_roman_urdu,roman_urdu
general election 90 din mai hi krane hon gy lahore high court,real,rufnd_roman_urdu,roman_urdu
cypher gumshudgi ki tehqiqat ke liye khasusi prosecutors team taainaat,real,rufnd_roman_urdu,roman_urdu
nujawan ko kuchal kr marne wali gari sindh ki aham shakhsiyt ki beti ki nakli,real,rufnd_roman_urdu,roman_urdu
sadar e mumlikat ki janib se intekhabaat ki tareekh diye jane ka imkan,real,rufnd_roman_urdu,roman_urdu
dukandaron ne k-electric ke amle par thapron ki barish kr di,real,rufnd_roman_urdu,roman_urdu
dusri manzil se girne wala bacha mojazana tor par mehfuz raha kamzor dill afraad video na dekhen,real,rufnd_roman_urdu,roman_urdu
sadar ko intekhabaat ki tareekh dene ka ikhteyar nhi chief election commissioner ka jawabi khaat,real,rufnd_roman_urdu,roman_urdu
police ehalkaar ko zakhmi krne wali car ka taqub krne ki footage ary news par,real,rufnd_roman_urdu,roman_urdu
chief election commissioner ka sadar e mumlikat sy mulaqat na krne ka faisla,real,rufnd_roman_urdu,roman_urdu
iran ke insedad e dehshatgardi ke icon general qasim sulemani ke american qatal ki pehli barsi par pakistan mai logon ne insedad e dehshatgardi ke aala icon ke bary mai apni raye ka izhar kia,real,rufnd_roman_urdu,roman_urdu
nigran wazeer e sehat se mutahida arab immarat ke safeer ki mulaqat,real,rufnd_roman_urdu,roman_urdu
israel ka palestine ke liye saudi elchi ko sifarti daftar dene se inkar,real,rufnd_roman_urdu,roman_urdu
geological servey of india ke scientists ne bahmagiri pahari silsily mai naye recharge garhoon ko dubny ke khilaf advisory jari ki,real,rufnd_roman_urdu,roman_urdu
cancer adviyat ka smuggler pakistan pohanchty hi sahulat kar sameet giraftar,real,rufnd_roman_urdu,roman_urdu
ig sindh rifat mukhtar ne police ke liye nai hadayat jari kr di,real,rufnd_roman_urdu,roman_urdu
trail court mai uzair bloch ke khilaf muqadmat ka faisla mazeed ak mah tak ruk gya,real,rufnd_roman_urdu,roman_urdu
sindh text book board ka kitabon ki barwaqt farahmi ka dawa sirf dawa hi reh gya tulba pareshan,real,rufnd_roman_urdu,roman_urdu
karachi mai kal se barishon ka imkaan,real,rufnd_roman_urdu,roman_urdu
sahafi jan muhammad mehar ke wursa ko case se dastbardar hone ke liye dhamkaya ja raha hai,real,rufnd_roman_urdu,roman_urdu
karachi ke taleemi idaron mai mutadid manshiyat farosh garoh sargarm hony ka inkeshaf,real,rufnd_roman_urdu,roman_urdu
farhat shehzadi ki bank statement manzar e aam par agai,real,rufnd_roman_urdu,roman_urdu
ctd ka action daish ke 3 commanders samaet 13 deshshatgard giraftar,real,rufnd_roman_urdu,roman_urdu
hindustani choty hathyaron ki kharidari ak paicheda karobar hai na sirf hindustani foj boht bari hai jis ki tadad 1.2 million ke lag bhag hai balky is ke pas kharidari ka ak paicheda dhancha aur desi sakht choty hathyaron ki tayari ka adda bhi hai jo hamen faraham krny mai nakam raha hai,real,rufnd_roman_urdu,roman_urdu
haliya dinon aur hafton mai ham ne internet par sensor ship ki ak bemisaal lehar dekhi hai jesa keh coindesk.com ne note kia hai hamen ak website ki zarorat hai pehle se kahin zyada waazy hai aur ab is tarha ke mansubon ko agy barhane ka waqt agya hai,real,rufnd_roman_urdu,roman_urdu
tijarat shuda khilariyon ki fehrist ka ilan krne ki akhri tareekh 4 february hai jab keh ipl 2011 ke players ki nilami ki tareekh 11 feburary ko aarzi tor par schedule hai,real,rufnd_roman_urdu,roman_urdu
basmati rice ko pakistan ki paidawar ke tor par tahafuz dene ka mamla us waqt samne aya jab bharat ne is saal september mai is ijnas ki wahid malkiyat ka dawa krty huwe european union ko ak darkhawast jama krai,real,rufnd_roman_urdu,roman_urdu
mexico city dunya bhar ke rehnumaon ne sadar jeo biden ki amad aur donald trump ke aksar mutazad sadart ke khatme ka khair maqdam kia jis mai dunya ke sab se eham masail bashamul covid 19 wabai amraaz aur climate change ko note kia gya kaseer ul amal ki zarorat hai,real,rufnd_roman_urdu,roman_urdu
donald trump ki jagah le kr Wednesday ke roz international leaders american president joe biden ke iftetah par kis tarha rad e amal zahir kr rahe hain,real,rufnd_roman_urdu,roman_urdu
pakistan ne counter mai mali shamuliyat aur sarkari amdani ko barhany ky liye hakumat ky zair e intezam ak naye digital adaigi ke nizam ka ilan kia hai,real,rufnd_roman_urdu,roman_urdu
hazaron sogwaraan hafte ke roz pakistan mai 10 miners ki tadfeen ke liye jama huwe jinhen islamic state group ke dawa krda hamle mai halak kia gaya tha jis ne mazduron ke tahafuz ki kami par cheekh o pukar ko janam dia tha,real,rufnd_roman_urdu,roman_urdu
france panther helicopter assembly line ko hindustan muntaqil krne ki paish kash krta hai modi french diplomat sy baat krty hain welcome ke sath kehty hain 2 mumalik ne taksaal kia,real,rufnd_roman_urdu,roman_urdu
seynkron pakistani shia minority hazara bradri ky 11 coal miners ko dafan krne ke liye jama hain jinhen islamic state group ne halak kia tha jis ka ikhtetam ak hafta ke doran minority baradri ki halat e zaar ko ujagar krne ki koshish ki hai gi thi,real,rufnd_roman_urdu,roman_urdu
punjab ky wazeer e sehat doctor yasmeen rashid ne Monday ko wazeer e azam imran khan se yahan islamabad mai mulaqat ki,real,rufnd_roman_urdu,roman_urdu
pakistan cricket board ny hafty ky roz btaya keh anguthy ki chot ki waja sy imam ul haq ko dusry test sy bahar kr dia gya hai aur wo itwar ky roz new zealand sy watan ayen gy,real,rufnd_roman_urdu,roman_urdu
bosnia mai ak tez jal jane wale khaimy ky camp mai seynkron tarkeen e watan hafty ky roz phansy huwe thy jab mulk mai shadeed baraf bari hui aur sardiyon ka darja hararat achanak gir gya,real,rufnd_roman_urdu,roman_urdu
chinese jasuson ke barhty huwe network ky ak aur mamly mai afghanistan ki national directorate of security nds ny mubayina tor par jasusi ky ilzam mai 10 chinese citizens ko hirasat mai lia hai,real,rufnd_roman_urdu,roman_urdu
middle east ki mutaharik riyasat 2014 sy ak khana jungi mai mubtala hai aur is sy koi alamt nhi hai keh jald hi kisi bhi waqt surat e haal behtr ho jaye gi,real,rufnd_roman_urdu,roman_urdu
narindar singh tomer ny yeh bhi zor dia keh modi hakumat gareebon aur kisanon ky liye koi faisla nhi kry gi,real,rufnd_roman_urdu,roman_urdu
wazarat e khazana ny gst mafruzy ki kami ko pura krny ky liye riyasaton ko noovi haftawar qist 6000 crore ruppee jari ki hai,real,rufnd_roman_urdu,roman_urdu
shurka ny pakistan mai women day march ky doraan toheen e risalat ky nary lgaye,real,rufnd_roman_urdu,roman_urdu
umer abdullah ny kaha keh article 370 ko mansukh krna ak zalzala laye ga jo kashmir ko hindustan sy alg kr dy ga,real,rufnd_roman_urdu,roman_urdu
himachal pardesh mai mutadid zar e tameer imaarten gir gain,real,rufnd_roman_urdu,roman_urdu
paltu kutty ko bachany ky liye malik agg mai kuud gya video viral,real,rufnd_roman_urdu,roman_urdu
wwe ky maroof wrestler terry funk chal basy,real,rufnd_roman_urdu,roman_urdu
bijli ky zaaid bill wapda mulazim ghar ghar bill deny sy khofzada hotel par bill phenk kr farar,real,rufnd_roman_urdu,roman_urdu
raheem yar khan mai gutter mai gir kar kamsin behn bhai jan bahaq,real,rufnd_roman_urdu,roman_urdu
lahore ky environmental sample mai polio virus ki tasdeeq,real,rufnd_roman_urdu,roman_urdu
yeh konsi science hai keh sasti bijli hony k bawajud mehngi uthai jaye chairman nepra,real,rufnd_roman_urdu,roman_urdu
peshawar ctd sy firing ky tabadly mai 2 dehshatgard halak,real,rufnd_roman_urdu,roman_urdu
dollar ki qeemat mulki tareekh ki nai buland tareen satah par pohanch gai,real,rufnd_roman_urdu,roman_urdu
america ki pakistan ko moashi istehkam aur imf mamlaat par taawun ki yaqeen dehani,real,rufnd_roman_urdu,roman_urdu
imf moahidon mai mazeed subsidies deny ki gunjaish nahi nigran wazeer e khazana,real,rufnd_roman_urdu,roman_urdu
britain paltu toty ko jaan sy marny ky jurm mai 2 khawateen ko 25 mah qaid,real,rufnd_roman_urdu,roman_urdu
nowshehra mai namalum mulziman ki firing sy 2 afrad jan bahaq,real,rufnd_roman_urdu,roman_urdu
pti ny intraparty election case mai jawab jama kra dia,real,rufnd_roman_urdu,roman_urdu
punjab ky sarkari idaron ko solar system par muntaqil krny ka faisla,real,rufnd_roman_urdu,roman_urdu
eman mazari ko giraftar kr ky islamabad sy bahar na ly jany ka hukam,real,rufnd_roman_urdu,roman_urdu
shohar ki harkateen thik hon to biwi to phone check na krna pary ushna shah,real,rufnd_roman_urdu,roman_urdu
cypher case chairman pti ky judicial remand mai 13 september tak tosee,real,rufnd_roman_urdu,roman_urdu
islamabad mai dengue ky mazeed 17 cases report tadad 85 hogai,real,rufnd_roman_urdu,roman_urdu
asia cup bangladesh ka aham player bhi tournament sy bahar,real,rufnd_roman_urdu,roman_urdu
rawalpindi khatoon teacher par tashadud aur daketi ka mulzim police muqably mai zakhmi,real,rufnd_roman_urdu,roman_urdu
itcn se it sector mai 10 crore dollar ky moahidy mutawaqa,real,rufnd_roman_urdu,roman_urdu
asia cup injuries mai ghiry 15 rukni sirlankan squad ka ilan,real,rufnd_roman_urdu,roman_urdu
keyboard par mushtamil puffer jacket baraye farokht qeemat 625 dollar,real,rufnd_roman_urdu,roman_urdu
bharat 2 september ko suraj ki janib aditiya mission rawana kry ga,real,rufnd_roman_urdu,roman_urdu
mehfuz ilaqon mai rehaish sy amraaz e qalb sy amwat ky imkanaat kam ho jaty hain,real,rufnd_roman_urdu,roman_urdu
america mai 100 sala tareekh ki badtareen tabahi halakteen 106 hogain,real,rufnd_roman_urdu,roman_urdu
american jails mai inteha ki garmi sy qaidiyon mai khudkushi ki sharah barh gai,real,rufnd_roman_urdu,roman_urdu
larkiyon ki taleem par pabandi barqarar rahy gi taliban hakumat,real,rufnd_roman_urdu,roman_urdu
pakistan ki aburi hakumat ke sath kaam krny ko tayar hain america,real,rufnd_roman_urdu,roman_urdu
masjid alharaam crain case 20 riyal jurmany aur qaid ki saza barqarar,real,rufnd_roman_urdu,roman_urdu
mexico mai freezer sy 16 lashen baramad 6 mulziman giraftar,real,rufnd_roman_urdu,roman_urdu
israeli foji ki firing sy mazeed 2 palestinian nujawan shaheed,real,rufnd_roman_urdu,roman_urdu
asian volley ball championship mai pakistan medal ki dorr se out,real,rufnd_roman_urdu,roman_urdu
icc ne cricket world cup ke liye warm up matches ka schedule jari kr dia,real,rufnd_roman_urdu,roman_urdu
world blind games cricket mai pakistan final mai pohanch gaya,real,rufnd_roman_urdu,roman_urdu
asian security punjab hakumat ne foj aur rangers ki talabi ke liye wifaaq ko summary bhijwa di,real,rufnd_roman_urdu,roman_urdu
asian games se qabal qomi athlethes ke dope test krane ka faisala,real,rufnd_roman_urdu,roman_urdu
maqbuza kashmir mai jashan e azadi e pakistan josh o kharosh se manaya gaya,real,rufnd_roman_urdu,roman_urdu
icc one day ranking jari batters mai babar top par barqarar haris ki 7 darjy taraqi,real,rufnd_roman_urdu,roman_urdu
saqlain mushtaq dobara new zealand ke coaching panel mai shamil,real,rufnd_roman_urdu,roman_urdu
afghanistan ke khilaf jeet kr pakistan ne munfarid record bhi apne naam kr lia,real,rufnd_roman_urdu,roman_urdu
