Sr. No.,Roman News Items,Label
1,video sy pta chalta hai ky royal canadian mounted police ky tafteesh karon ny ty hai keh 2023 mai canada mai darjanon janglat ki agg atishzadgi ki waja sy hui thi,FAKE
2,Walmart cycles ko recycle krny ki bajaye $6.95 main farokht kr raha hai,FAKE
3,sadar joe biden israeli sadar ishaq harzog sy mulaqat ky doran so gaye,FAKE
4,elon musk ny is dawye ky jawab mai is pr ghor kr rahy hain tweet ky KKK ny kabhi bhi siyah faam logon k sath kuch galt nhi,FAKE
5,tasweer huston mai ak shahrah dikhati hai,FAKE
6,tasweer mai sabiq sadar donald trump aur jeffri esptein ko larkiyon k sath sofy pe dikhaya gya hai,FAKE
7,actor mark wahlberg ny kaha keh hollywood pedophils ky pas chupny ky liye kahin nhi bacha hai,FAKE
8,FBI ky sabiq agent Ted Genderson ko qatal kr dia gya,FAKE
9,tasaweer sy pta chalta hai keh target bachon par bury agendy ko agy barha raha hai,FAKE
10,florida hayatiyati hatyaron ky motabar saboot ky tor par mRNA vaccine par pabandi lgaye ga,FAKE
11,Mammograms fori tor par lena band kr dyn kyun keh wo purany aur khatarnak hain thermography breast cancer ki janch krny ka mehfuz tareeqa hai,FAKE
12,American Justice department ny bachon ki international sexual smuggling ko apni crime list sy hata dia jo boht zyada tawajah ky mustahiq hain,FAKE
13,barcode ky pehly teen hindson ka dawa krny wali post ap ko btati hai keh product made in china hai gumrahkun hai,FAKE
14,kathua sy video share ki gai jese keh surat mai ehtejaj kr rahy workers viral post gumrahkun hai,FAKE
15,haqaiq ki janch partal viral tasaver jo saman pae fungus dikhati hain wo malaysia ki hain hindustan ki nhi,FAKE
16,swami yogananda ki vodeo swami vivekananda ky naam par share ki ja rahi hain viral dawa jhuta,FAKE
17,saudiarab mai loud speaker par koi pabandi nhi viral dawa gumrahkun hai,FAKE
18,viral video 2017 ky draine samundri tufaan ki hai turkiye ky zalzaly ki nhi,FAKE
19,haqaiq ki janch partal 2020 mai hony wala lebonon dhamaka turkiye ky zalzaly sy jhuta taluq rakhta hai,FAKE
20,pakistan mai hindu mandir ki tor phor ki viral video 2020 ki hai halia nhi hai,FAKE
21,haqaiq ki janch partal ak bachy ki ghass khaty huwe video ka selab ki waja sy pakistan mai khurak ky halia bohraan sy koi taluq nhi hai,FAKE
22,jammu ky light show ka video naagpur ky tor par viral huwa,FAKE
23,russia coin bnany waly ki takhleeq 1921 sy asli american coin ky tor par viral hoti hai,FAKE
24,haqaiq ki janch partal flooded karachi airport par pia ky aircrafts ki landing ki purani video haal hi mai viral hui hai,FAKE
25,muhammad raffie ky gany jannat ki hai tasveer par pabandi nhi lgai gai gumrahkun dawa viral,FAKE
26,poland mai huwe is qatal mamla ka homosexuality sy koi taluq nhi dawa farzi hai,FAKE
27,ariana grande ki shadi ki tasver ko christiano ronaldo ki shadi ky bary mai gumrahkun posts mai tabdeli,FAKE
28,pentagon ky qareeb dhamaka zahir krny ka dawa krny wali AI sy tayar karda tasveer jali hai,FAKE
29,Pakistan ky sabiq wazeer e azam Imran Khan ki AI sy tyar karda tasaver jhuty dawon ky sath viral ho jati hain,FAKE
30,"Dalai Lama, Viladamer Putin, aur Joe Biden ki AI sy tyar krda tasaver jhuty dawon ky sath viral ho jati hain",FAKE
31,"libas mai PM Modi ki tasver jali hai, jisy AI tools ny bnaya hai",FAKE
32,Sabiq sadar Barak Obama ny chef ki biwi par apny shohar tafari campbell ki mot ka ilzam lgany par rad e amal zahir,FAKE
33,amreki navy sales ny san fransisco bay mai 807 bachon ko bachaya jinhen jinsi ghulam bna kr rakha ja raha tha,FAKE
34,Social media posts farzi Haris ky 'iqtebas' ko haqeeqat ky toor pe paish krti hain,FAKE
35,Trump ky galt auto industry tweets,FAKE
36,kya trump american companiyon ko china chorny ka 'hukam' dy skty hain?,FAKE
37,khandani elahdigyion ky bary mai jhut online rehta hai,FAKE
38,Congress ky hami BBC ki jali report ka istemal krty huwe Rahul Gandhi ko almi mayar ka leader qarar dety hain,FAKE
39,Media kis trha na ehal 'senior' sahafiyon ko galt malumat aur jhot phelany ki ijazat deta hai,FAKE
40,viral iqtebas galt tor par mcCarthy sy mansub,FAKE
41,amazon zameen ki 20 fesad oxygen paida nhi krta,FAKE
42,Cadlo ka gair tawun yafta USMCA mulazmaton ka dawa,FAKE
43,"Willamson bachon ki sehat, vaccine k bary mai gumrah krty hain",FAKE
44,civil epstein case ky judge ka march mai inteqal hogya,FAKE
45,maam ny congress ki tankhwahon mai izafa kia,FAKE
46,"video: paris, Warn Michael Brown shooting par",FAKE
47,US Japan tijarti khasara 'tezi sy tabdeel nhi ho raha',FAKE
48,epstein connections sazishi nazriyat ko hawa dy rahy hain,FAKE
49,biden top 1% taxes ki sharah par gumrah krta hai,FAKE
50,Rahul Gandhi Gujrat mai taqreer krty huwe jhut bolty huwe pakry gaye,FAKE
51,PTI ny GST wasuli ky ahdaf par CBEC ky sarbarah ka galt hawalah diya hai?,FAKE
52,kya punjab mai manshiyat ky masail ky aadad o shumar gumrahkun tor par 'awla' thy?,FAKE
53,coal ki nelami ki amdan par business standard article 'kam ho raha hai' sansani khez aur nakis daleel hai,FAKE
54,"scheme hawai adda waqi hindustan ka soowan operational hawai adda hai, ye yahan hai",FAKE
55,Madhiya Pardesh: Rahul Gandhi ny Sardar Patel ky mujasmy par wohi jhut bola,FAKE
56,Japan ky bullet train ky liye funding wapis leny k bary mai congress ky tarjuman national herald ka jhut,FAKE
57,Nedler ny Muller ki gawahi ko galt andaz mai paish kia,FAKE
58,hamal ky doran dil ki dharkanen kab sunai deti hain?,FAKE
59,Muller k nataaij par ak gumrah kun paigam,FAKE
60,trump ky alice island awads ky bary mai jali dawa,FAKE
61,epstein ki mot k baad galt malumat behti hain,FAKE
62,obama ny 'all out gun zabti' ka mutalba nhi kiya,FAKE
63,bar k epstein jail k dory k bary mai be-bunyad dawa,FAKE
64,kya hukumat ny jammu o kashmir mai mulazmin ko reliance sy health inssurance khareedny par majbur kiya?,FAKE
65,video mai dikhaya gya hai keh ak shakhs republican sadarti ummedwar will herd ko the view par rok raha hai,FAKE
66,video mai sadar joe biden ko live TV par soty huwe dikhaya gya hai,FAKE
67,government ron desantis ka kehna hai k mery China teriff ki mukhalfat ki aur is ny be-dilli sy form relief ky liye 28 billion dollor ki mukhalfat ki jis ki adaigi China ny ki thi,FAKE
68,bimari X agli wabai bimari hai,FAKE
69,FBI ky director wray ny tasdeeq ki hai keh joe biden delaware mai amreki attorney ky zarye Ukrainei rishwat ky liye mujrimana tehqiqat ky tehat hai phir peechy chalny ki koshish krta hai,FAKE
70,ham guzishta 24 ghanton mai amreki aham infrastructure par do bary dhamaky dekh rahy hain jis ki waja sy bijli ki bandish hai,FAKE
71,ap ky boht sy chain food resturants salon sy lab mai tayar shuda gosht istemal kr rahy hain,FAKE
72,video sy pata chalta hai keh attorney general Merrick Garland Tailor Green ky ehmaqana trump ki giraftari ky baad bachon ki trha rota hai ,FAKE
73,13 mumalik kurah e arz ko bachany k liye kasht kari ko khatam krny par mutafiq hain,FAKE
74,"nichole schwabs ny kaha, mustaqil mosamiyati lock down aa rahy hain. Chahy ap isy pasand kren ya na kren",FAKE
75,"judge tanya chutkan washington, DC mai wahid wifaqi judge hain, jinhon ny 6 january ko mudda alaiyhan ko hukumat ki darkhwast sy zyada taweel saza sunai hai",FAKE
76,jin logon ko corona virus ki vaccine mili hain wo apny jism ko spike protine sy detoxify kr skty hain,FAKE
77,white house ny 28 july ko aik sarkari bayan diya keh hamen mumkina toor par apny aham infrastructure ky liye kuch bara hony ky liye tayar rehny ki zarorat hai,FAKE
78,ak naya qanon logon ko ijazat deta hai keh wo apny credit cards sy do saal sy zyada purany gair ada shuda qarz ko mustiqal tor par mita den,FAKE
79,jild ka cancer pichly 60 salon mai ak nisbatan naya rujhan hai,FAKE
80,"sabiq sadar barak obama ny background check database sy 500,000 pedophilers ko hata diya",FAKE
81,barak obama ki bandage ungliyon ky sath golf khelty huwe tasweeren is baat ka sabut hai keh wo Tafari campbell ki mot mai mulavis thy,FAKE
82,haal hi mai Nevada ky shehar rino mai Donald Trump ko qatal krny ki koshish ki gai,FAKE
83,"bill gates ka kehna hai keh, ham esi chezen ly rahen hain jo genetically tabdeel shuda jandar hain, aur ham inhen choty bachon ky bazuoon mai injection lga rahy hain corona virus wabai marz k tanazur mai",FAKE
84,"Netherlands mai doctors ny autism aur degar mamuli mazuri waly shehriyon ko khush krny ka hukam dia, chahy mareez fil hal marny ki khawahish ka izhar na kry",FAKE
85,aik wind turbine ko char saal sy zyada ersy tak musalsal ghumna chahiye taky isy banany mai lagny wali tawanai ko tabdeel kia ja sky,FAKE
86,hakumat ny sirf half ky tehaat kaha keh wo UFO's aur ghair insani ajnabi jismon ky qabzy mai hain,FAKE
87,in tasaveer mai lebron james ko barbie film k liye gulabi libas mai malbus dikhaya gya hai,FAKE
88,senitor mitt romney ny republican party ko chor kar democratic party mai shamil hony ki dhamki di hai,FAKE
89,"tarkeen e watan ko samjha jata hai keh wo jis mulk mai hain wahan panah k liye darkhwast den, aur phir wo riyasat haye mutahida mai any ki koshish kren",FAKE
90,biden ky tehat pichli do intezamiya ky mushtarka muqably mai zyada ghair qanuni muqably huwe hain,FAKE
91,jab bill nye ny kaha keh zameen ak band nizam hai to us ny tajweez paish ki keh space investigation impossible hai,FAKE
92,beyonce insani smuggling ky ak bary case mai mudai eleh hai,FAKE
93,joe biden ak baraherast TV interview ky doran uth kar chala gya,FAKE
94,luke brain ny CMT sy apni videos khenchin: bud light treatment ka waqt,FAKE
95,hank williams junior ny CMT ky boards of directors sy istefa dy dia: mai jason aldean ki himayat krta hun,FAKE
96,covid vaccine sy bhara pfizer godam abhi north carolina mai tufan ky zarye tabah kr dia gya tha,FAKE
97,klaus schwab ny awami tor par etraf keh wo agli wabai bimari k doran puri dunya mai china ki tarz par forced corona virus lock down ko nafiz krny ka mansuba bna rahy hain,FAKE
98,ESPN football ky tajziyakar Shaka haslop corona virus vaccine ki waja sy hawa par gir gaye,FAKE
99,7 mint pehly: mel gibson azadi ki awaz k baad hollywood ellite sy tahafuz ky liye rota hai,FAKE
100,Chicago ky ilaqy mai pipeline ky do karkunon ko fentanyl sy lace pani ki bottlen di gain,FAKE
101,Tasaweer mai bachon ko shetani libas pehny aur shetani club main hissa lety huwe dikhaya gaya hai,FAKE
102,"2023, solar incentive program ky tehat, amreki ghar ky makan ab hukumat sy bilkul bagair kisi qeemat ky mukamal jadeed tareen shamsi nizam hasil krny ky ehal ho skty hain",FAKE
103,Baltimore ky afram festival main helicopter ny muhlik machar chory,FAKE
104,"Kuch libral riyaston main, ap ko asal mai paidaish ky baad isqat-e-hamal hoty hain",FAKE
105,Procecutor Jack Smith sirf Republicans ko nishana bnaty hain,FAKE
106,Video sy pta chalta hai keh George Soros diwalya ho raha hai,FAKE
107,tasweer sy pata chalta hai k insani tareekh ka sab sy burha admi Ginese World Record ky zarye record gya hai,FAKE
108,Walmart ko 2022 sarfeen ko $500 wapis krna hoga,FAKE
109,"Los Vegas, Safeer ny sadar joe biden ko hadayat krda ak toheen aameez paigam dikhaya ",FAKE
110,video mai jinsi samaglaron ko un k jaraim mai madad krna mansuba band waldaneyat dikhaya gya hai,FAKE
111,World economic forum ka kehna hai keh agar ap muashry mai hissab lena chahty hain to CBDCs ko apki jild k neechy lgana zarori hai,FAKE
112,World economic forum ny janwaron ka nishan CBDC microchip ka agaz jo amrika mai banduq ki malkeyat ko khatam kry ga,FAKE
113,shumali kerolaina mai phizer ki amart ko tabah krny waly tufan ko bary pharma ky liye insurance claim faraham krny k liye mosam ki hera pheri ka istemal krty huwe tarteeb dia gya tha,FAKE
114,baku mai shooter taal singuan ky bary mai viral dawa gumrah kun hai,FAKE
115,bareli ky cinema hall mai gather 2 show ky doran pakistan zindabad ky nary nhi lgae gye viral dawa jali,FAKE
116,earbuds earphones ky zyada istimal ka dawa chehry ky falij ka sabab ban skta hai,FAKE
117,school ki taalba pr gae ky hamle ka video fareedabad ka nhi chanai ka hai,FAKE
118,aston martin my sath pose krty hue satia jeet ry ki tasweer mai tarmeem ki gyi hai,FAKE
119,"cji ny logon ko jamhuriyat bachany ky liye ehtajaj krny pr zor nhi dia, viral dawa jali or man gharat hai",FAKE
120,do galukaron ki viral video ko mini pur sy jorny ky jhuty dawe ky sath share kia gya,FAKE
121,ganwapi complex ky gumbad pr charny waly admi ki video gumrah kun dawon ky sath viral ho rhi hai,FAKE
122,pakistan mai train hadsy sy mutaliq jhuty dawe ky sath Balsor train hadsy ki video viral ho rhi hai,FAKE
123,bito bajrangi ki purani video nuh tashadud sy mutaliq jhuty dawon ky sath viral ho rhi hai,FAKE
124,tax dahindagan ky darmiyan jali income tax ki wapsi ky  peghamaat gardish krty hain namaloom link ly kr jaen,FAKE
125,Selab zada chanai hawai ady ki purani tasweer jhuty dawon ky sath viral ho rhi hai,FAKE
126,Iss tasweer mai nasa ky canadi space center mai launch pad dikhaya gya hai,FAKE
127,Iss footage mai dikhaya gya hai ky imran khan 2022 mai nhi balky 2019 mai siyasi corruption ky khilaf crack down karen gy,FAKE
128,Iss collage ki zyada tar tasaweer mai 2021 ky turkey ky jungle ki aag nhi dikhai deti,FAKE
129,Iss video mai 2018 mai Pakistan ky suba Punjab mai aik waqia dikhaya gya hai ,FAKE
130,Iss video mai Austria ky aik siyasatdaan ky gumraah kun daave ka ishtirak kia gya hai ky coca cola ny covid 19 ky liye musbat tajarba kia hai,FAKE
131,Afghanistan mai aurat ko sangsaar kr ky qatal karny ki purani video gumrah kun post mai dobara manzar e aam par aa gyi,FAKE
132,Aab o hawa ka ilan rad kiye gye dawoon ko dobara sirakta hai,FAKE
133,Ice core garaph gumrah kun global warming ky daawe karny ky liye istimaal hota hai,FAKE
134,British airways ki janib sy London-Islamabad parwazain moatal karny ky baad gumrah kun posts,FAKE
135,Bartaniya mai endhan ky stations pr qitar mai khari gariyon ki purani tasaweer kinia mai gardish kr rhi hain taky maqami kami ko jawaz bnaya ja sky,FAKE
136,"Bill gates zamni asraat ky bary mai baat kr rhy thy or inhon ny ye nhi kaha ky covid 19 vaccine sy 700,000 afraad halak ya mustaqil tor pr mazoor ho jaen gy",FAKE
137,Pakistan khudkush hamly ky baad gumrah kun posts mai zakhmi shami bachy ki tasweer,FAKE
138,Pakistan ka kehna hai ky mutahida arab amaraat ki janib sy Pakistaniyo ky waziron ki aarzi muatli covid 19 ki waja sy hai,FAKE
139,Pakistan ky bani k sath London buss ka ishtihaar imran khan ky wazeer e azam banny sy pehly ki tashheeri muhim ka hai,FAKE
140,Pakistan ky qomi janwar ky sath shikari ki tasweer amreeki sifarat kaar ko dikhai gyi,FAKE
141,Pakistan mai 2022 ky barfani tufaan ky bary mai gumrah kun posts mai khudai karny waly truck ky hadsy ki purani video share ki gyi,FAKE
142,Pakistan mai urdavan ko mubarakbaad deny waly sabiq Pakistani wazir e azam khan ki tasweer ko galat tareeqy sy paish kia gya hai,FAKE
143,Pakistan mai barfani toofaan ky baad azan ki purani video gumrah kun hai,FAKE
144,Pakistan mai giraftaar burqa posh shakhs ki tasweer Afghanistan ky ehtajaj ky bary mai posts mai gumrah krti hai,FAKE
145,Pakistani wazir e azam ki mubayina corruption pr dastawezi film net flix ny nhi balky azadana tor par tayar ki hai,FAKE
146,Puarani tasweer Pakistan ky wazeer e azam ky adam etamaad ky vote sy gumrah kun tor pr munsalik hai,FAKE
147,Purani tasweer kabul ky hospital pr hamly ki reporton mai gumrah krti hai,FAKE
148,Posts amriki himayat par zilanski ky tabsaron ko galat andaaz mai paish krti hain,FAKE
149,Posts olympics mai hissa leny waly africi mumalik ka gumrah kun mawazna krti hain,FAKE
150,Posts facebook pr Australiai khabroon ky mawad pr pabandi ko gumrah krti hain,FAKE
151,posts ny G20 ki mojudgi ky bary mai gumrah kun dawe k sath South Korea k sabiq rehnuma ko nishana bnaya,FAKE
152,posts ny azmeen e hajj k qayam ki purani video share ki hai jesa keh hukumat e pakistan ny 2022 mai faraham kia tha,FAKE
153,turkey ky muhlak zalzaly ky baad gumrahkun posts purani tasweer ko dobara share krti hain,FAKE
154,tarmeem shudah video clip mai israeli wazeer e azam sy mulaqat k doran amreeki sadar k rad e amal ko kharij kr dia gya hai,FAKE
155,tasaweer qatar ki nhi hain balky 2018 k Russia worldcup mai ak shakhs ko ak aurat ko galy lgaty huwe dikhaya gya hai,FAKE
156,"tasweer mai 2017 mai Myanmar sy farar hony waly bachy ko dikhaya gya hai, 2022 mai Pakistan selab ka shikar nhi",FAKE
157,tasweer mai asal mai Moscow mai muzahireen ko dikhaya gya hai jo Krimlin ky naqad ki rehai ka mutalba kr rahy hain,FAKE
158,tamam tasaweer ka taluq aik sadi qabal aalmi influenza k phelny sy nhi hai,FAKE
159,"timelaps video january 2016 mai amreki barfani tufan ko dikhati hai, december 2022 mai mosam e sarma ka tofan nhi",FAKE
160,tank ki iss tasweer ko ukraine ka jhanda lgany ky liye tayar kia gya hai,FAKE
161,"South Africa ko US SEC ny ghair mulki hukumat ky tor par register kia hai, company ky tor par nhi",FAKE
162,"South Korea ny haspanwi wazeer e azam ky liye sadarti daftar mai istaqbalia dia, tamirati jagha nhi",FAKE
163,jhuti posts UK PM aur sabiq hindustani wazeer e azam ky bary mai digital tor par tabdeel shuda media graphic share krti hain,FAKE
164,china CDC ky sabiq director ki 2010 mai china ki bni vaccine par tanqeed krny wali video social media ki gumrahkun poston mai dobara gardish kr rahi hai,FAKE
165,haqaiq ki janch partal: pakistan mai nabalig k gang rape k purany case ko gumrahkun dawye k sath share kia ja raha hai,FAKE
166,"haqaiq ki janch partal: nahi, video mai nazar any wali larki russian sadar putin ki beti nhi hai, COVID-19 vaccine sy mutaliq gumrahkun post viral ho rahi hai",FAKE
167,"Denmark Covid program roka gaya, nahi roqa gaya, viral post gumrahkun hai",FAKE
168,rishi sonaq ki purani tasweer haal hi mai viral hui hai,FAKE
169,"sarak par bike phisalny ki video sanpada, navi mumbai ki nhi balky karachi ki hai",FAKE
170,"koi tibi sabut nhi hai keh earpods damagi tumor ka bais banty hain, jesa keh viral post ky dawe hain",FAKE
171,"maynmar mai barhmos missile ky tajurby k tor par share ki ja rahi video, hindustan ki hai",FAKE
172,hindustan mai nipah virus ky phely ki purani WHO ki intebah haliya tor par viral,FAKE
173,"yeh vraha mujasma hazar saal purana hai, viral dawa gumrahkun hai",FAKE
174,doctors without borders ky bill board mai 'china mai ismat dari ki saza nhi' paigham shamil krny ky liye gumrahkun tabdeeli ki gai,FAKE
175,sudan ki factory mai dhamaky ki purani video 2023 ky bohran sy gumrahkun tor par munsaliq hai,FAKE
176,social media posts amreki shehriyon ky china mai semi conductors par kam krny k haq ko gumrah krti hain,FAKE
177,selabzada runway par pakistani musafir tyary ka purana clip gumrahkun poston main dobara gardish kr raha hai,FAKE
178,imran khan ky hami accounts ny bharat ky mudi ki gumhrankin posts main pakistan par tanqeed krny ka purana clip share kia hai,FAKE
179,footage ko edit kia gaya hai aur press conference ki sahi tasweer kashi nahi ki gai jis mai imran khan ny francesi hukumat par tanqeed ki gai thi,FAKE
180,2014 ky video ko haliya ukraine russia jang sy jor kar viral kia ja raha,FAKE
181,"2016 mai ki thi tilanganah police ny masjid ki saaf safai, tasweer bangal ky hawaly sy viral",FAKE
182,"2017 mai ho chuka hai indor ki pehli khatun MBBS doctor bhakti ka inteqal, post gumrahkun hai",FAKE
183,austria mai quarantine ky khilaf kiye gaye muzahiry ka nhi hai yeh viral video ,FAKE
184,austraila ky purany video ko kia ja raha koh suleman ky janglaat mai lgi agg ka btaty huwe viral,FAKE
185,austraila ki rock art tasweer chatis garh ky chrama ghar ky naam pe viral,FAKE
186,"oscar mai huwe will smith aur chris rock mutanazia par nhi tha adakarah nicole kidman kz yeh radeamal, tasweer gumrahkun dawa ky sath viral",FAKE
187,"asman sy nigrani kr rahy helicopter ki is tasweer ka nhi hai zaman park sy koi taluq, purani photo gumrahkun dawa ky sath viral",FAKE
188,"asif zardari ka viral ho raha yeh video purana hai, sehat sy mutaliq khabar bhi farzi hai",FAKE
189,aggzani sy pareshan khaton ki yeh tasweer algeria ki nhi balky yunan ki hai,FAKE
190,ansu gas ky in videos ka nhi hai imran khan ki himayat mai ho rahy muzahiron sy koi taluq,FAKE
191,"abudabi airport par huwe drone hamlah ka nhi hai yeh video, 2015 ka market mai lgi agg ka video gumrahkun dawa ky sath viral",FAKE
192,abudabi mai bn rahy hindu mandir ko saudiarab ka btaty huwe ki ja raha gumrahkun dawa ky sath viral,FAKE
193,"azan sunty huwe bachi ka taqreeban ek dahai purana video, fifa worldcup sy jorty huwe kia ja raha share",FAKE
194,"stadium mai vandematram gati bheer ka yeh video purana hai, gaba match ka nhi",FAKE
195,stadium ky andar Palestine ki himayat mai gana gaa rahy is video ka nhi fifa worldcup 2022 sy koi taluq,FAKE
196,amerika ki masjid mai eid ki namaz k doran behas krti khatun muslim hai hindu nhi,FAKE
197,amitabh bachan ka yeh video covid 10 sy mutasir hony ki wajah sy nana wati haspatal mai dakhil hony k baad ka nhi hai,FAKE
198,"indonesia mai aye halia zalzaly ka nhi hai yeh video, gumrahkun dawa huwa viral",FAKE
199,indonesia mai zalzaly ky doran namaz parh rahy logon ka yeh video saal 2018 ka hai,FAKE
200,iran mai aye toofan aur sylab ky naam pr viral kia ja raha video purana hai ,FAKE
201,"army ky kuto ko retirement ky baad nahi marra jata,viral dawaa gumrahkun hai",FAKE
202,"balon sy bany parcham ki yeh tasweer 2014 mai aik fankar ny banai thi ,iss tasweer ka iran mai chal rahy muzahiron sy koi taluq nhi",FAKE
203,"bachy ki yeh tasweer afghanistan mai aye zalzaly ki nhi hai, yemen ki 2025 ki tasweer galt dawa ky sath viral",FAKE
204,"bachy par tashadud ky is video ka nhi hai palestine ya israel sy koi taluq, sewden ka purana video gumrahkun dawa k sath viral",FAKE
205,brazil k video ko kia ja raha hai germany mai cancer sy mubtala bachy ky liye nikhali gai bike parade btaty huwe viral,FAKE
206,britan mai sarkon par chalty ghoron ky is video ka nhi hai petrol desiel ki izafi qimaton sy koi taluq,FAKE
207,"bulldozer sy pani dalny ka yeh video purana hai, pakistan mai aye selab sy jorty huwe huwa viral",FAKE
208,"balochistan mai kisanon ky zarye tabah kiye gaye tomatoes ky video ka nhi hai koi farqa warana angle, dawah gumrahkun hai",FAKE
209,"balochistan mai mily bachy ka yeh video purana hai, nahi hai iska darya sukhny sy koi taluq",FAKE
210,bangladesh ky rohengiya bachi ki tasweer pakistan selab mutasir ka btaty huwe ki ja rahi viral,FAKE
211,"bangladeshi rikshaw waly ki purani tasweer, hindustan mai ismat dari mulzim ky naam par hui viral",FAKE
212,"bharat ya pakistan ky fojiyon ki training ki nhi hai yeh tasweer, south korea ki military mashq ki photo farzi dawa k sath viral",FAKE
213,bher ky zarye pani mai phenki gai gari sirilanka ky wazeer e azam ki nhi thi,FAKE
214,beshumar dollars ka yeh video afghanistan par huwe taleban ky qabzy sy pehly ka hai,FAKE
215,"beef flavour likha huwa maggie ka packet australia ka hai, issy hindustan mai nhi kia jata farokht",FAKE
216,"pakistan ky sabiq sadar asif zardari ki giraftari sy juri khabren farzi hain, viral video 2019 ka hai",FAKE
217,"pakistan ky koh e suleman ky janglaat mai lgi agg ki nhi hain yeh tasaweer, purani photos humrahkun hawaly k sath viral",FAKE
218,"pakistan ky wazeer e azam shehbaz sahreef ny nhi dia astefa, purana video farzi hawaly ky sath viral",FAKE
219,pakistan maqbuza kashmir aur turkiye ki tasaweer ko kiya ja raha haliya zalzala sy jorty huwe viral,FAKE
220,panipat mai saand ky hamly sy janbahaq krny waly shakhs ka video gumrahkun dawa k sath viral,FAKE
221,paton ki shaqal mai azar arahy parendy asal nhi balky digitaly edited hain,FAKE
222,pathan sy pehly bhi burj khalifa par dikhaye ja chuky hain kai filmon ky trailer,FAKE
223,purani tasweer ko kia ja raha imran khan ky hamiyon ka police ehalkaron par zulm ky dawa k sath viral,FAKE
224,"putin aur japani wafad ky sath mulaqat ka yeh video 2016 ka hai, haliya halaat sy jorty huwe huwa viral",FAKE
225,"turkey aggzani ky naam par viral ki ja rahi in tasaweer mai zyada tar hain purani, nahi hai in ka turkey mai lgi agg sy koi taluq",FAKE
226,turkey ky junglat mai lgi aggzani ki tasweer ko algeria ki bta kr kia ja raha viral,FAKE
227,"turkey mai haal mai huwe muzahirin ki nhi hai yeh tasweer, 2017 ki photo gumrahkun dawa ky sath viral",FAKE
228,turkiye mai aye zalzala ka video kia ja raha pakistan ka btaty huwe viral,FAKE
229,"tasweer mai nazar araha kachwa nhi hai dunya ka sab sy burha janwar, viral dawa gumrahkun hai",FAKE
230,tafreeh ky maqsad sy bnaye gaye video ko kia ja raha haqeeqi maan kr share,FAKE
231,joe biden aur PM Modi ki tasweer ko edit kr ky chipkai gai hai imran khan ki photo,FAKE
232,hafiz e quran hony ki taqreeb mai nikali gai rally ka nhi hai istanbol mai huwe prade march sy koi taluq,FAKE
233,haal hi mai huwe indonesian tyara hadsa ky naam par viral ki ja rahi tasweer 2013 ki ak degar hadsa ki tasweer hai,FAKE
234,"haliya peshawar hamla ki nhi hai tasweer, 2011 ki photo haliya btaty hui viral",FAKE
235,"haliya shami hamly ki nhi hain yeh tasaweer, purani photos gumrahkun hawaly ky sath viral",FAKE
236,haiderabad mai muhajir mazduron ki mukhalfat ka video gujrat ky ahmadabad ky naam sy ho raha viral,FAKE
237,"khatoon par tashadud ki yeh tasweer nhi hai zaman park ki, purani tasweer gumrahkun dawa ky sath viral",FAKE
238,den mark ky purany video ko sweden mai ho rahy fasadat sy jor kr viral,FAKE
239,zakir naik ky is video ka fifs worldcup 2022 sy koi lena dena nhi hai,FAKE
240,"roti taqseem krty huwe shaks ki afghanistan ki yeh tasweer, pakistan ki btaty huwe ki ja rahi gumrahkun hawaly sy viral",FAKE
241,russia mai bany pul ki tasveer ko kia ja raha egypt ka btaty huwe share,FAKE
242,russia nhi ukraine ky fojiyon ki game expose ki hai yeh tasweer,FAKE
243,saiberia ky 9 saal purany video ko sweden mai pathar barasny ky gumrahkun dawa ky sath kia ja raha viiral,FAKE
244,"saudia arab mai 81 afrad ko hui saza e mot ky baad ki ky janazy ka nhi hai yeh video, purana video gumrahkun dawa ky sath viral",FAKE
245,"saudia arab mai huwe hamly ka nhi hai yeh video, purana video gumrahkun dawa ky sath viral",FAKE
246,"saudi footballer yasir alshehrani ka nhi huwa fifa worldcup mai zakhmi hony k baad inteqal, post farzi hai",FAKE
247,"sawat ky selab mai nhi dikhi jal pari, digitaly tayar kia gya video ho raha farzi dawa k sath viral",FAKE
248,sudan ky purany video ko kia ja raha haliya sargarmiyon sy jorty huwe viral,FAKE
249,"sudan mai foj aur paramilitary ky darmiyan chal rahi jung sy nhi hai is video ka taluq, dawa gumrahkun hai",FAKE
250,yeh video 2020 sy romania mai giraftar football shaiqen ky bary mai reports mai gardish kr rahi hai,FAKE
251,sorat ky video ko delhi ka bta kr kia ja raha hai ab viral,FAKE
252,"selab mai behty cylinder ka yeh video utrakhand ka nhi hai, gumrahkun post h  ",FAKE
253,"selab mai beh rahy rahy in janwaron ka video iran ka nhi hai, turkey ka purana video gumrahkun dawa ky sath viral",FAKE
254,sharukh khan ki pathan ka naam baad kr jawan krny ka dawa farzi hai,FAKE
255,building par gaza hamayat ki yeh tasweer fifa worldcup ky doran ki nhi hai,FAKE
256,building ky munhadam hony ka yeh video ukraine ka nhi balky gaza strip ka hai,FAKE
257,oman mai samundar mai dubty logon ka yeh video hindustan ka bta kr kia gya viral,FAKE
258,"umrah zaireen ky bus hadsa ka nhi hai yeh video, purana video gumrahkun dawa ky sath viral",FAKE
259,"france mai ho rahy pension muzahiry ka nhi hai yeh video, paris ky degar mamla ka video ko gumrahkun dawa ky sath viral",FAKE
260,farzi dawa ky sath viral ho rahi hai 2018 pti rally ki tasweer,FAKE
261,palestine mamlah par OIC ky hangami ijlas ky naam par viral ki rahi taweer 2016 ki hai,FAKE
262,palestine-israel tanaziya ky darmiyan viral ho rahi yeh tasveer 2014 ki hai,FAKE
263,finland mai bheer bhary darya ki purani tasveer is dawe ky sath shre ki ja rahi hai keh yeh america ki hai,FAKE
264,"Qatar government ny fifa worldcup ko ly kr jari nhi kia yeh viral instruction, share kia ja raha graphic gumrahkun hai",FAKE
265,"cartoonist lars wolks ky car hadsa ka nhi hai yeh video, gumrahkun post hui viral",FAKE
266,cricketer shoaib akhtar ki tang tabdeel hony ka gumrahkun dawa ho raha social media par viral,FAKE
267,"kashmir ky naam par viral ho rahi tasweer lakhnow police ki hai, 9 saal qabal pesh aya tha mamla",FAKE
268,kashmir ki masjid ky video ko kia ja raha pakistan ka bta kar share,FAKE
269,kashmir mai khawateen ky ihtejaji muzahira wala purana video phir sy ho raha viral,FAKE
270,"kindria wadyalia ky naam sy viral ho raha video andhar pardesh ky college ka hai, gumrahkun hai dawa",FAKE
271,"gujrat ky naam par viral ho rahi MP ki tasver, education par 400 crore nhi 95,000 crore rupees ka hai budget",FAKE
272,shaam ky bazurg aur halak shuda nujawan ka video kashmir ky naam par viral,FAKE
273,shahrukh khan ny mannat ko ky kr nhi ki koi appeal viral ho raha message farzi hai,FAKE
274,punjab sensor board ny barbie ko noc dia jabkeh punjab hakumat ny film ki screening rok di,FAKE
275,shaheen bagh ka muzahir nhi pulwama mai pakra gya mushtaba dehshatgard hai,FAKE
276,muzahira ki tasveer ko kia ja raha gumrahkun dawa ky sath viral,FAKE
277,malaim singh ky akhri rasumat ki nhi hai yeh viral tasver,FAKE
278,mumbai ka taqreeban derh mah purana video ahmadabad ki masjid mai lockdown ky haliya khilaf warzi ky dawa ky sath viral,FAKE
279,manmohan singh ky muqably modi hakumat mai 38 percent barhy banking fraud wali post gumrahkun,FAKE
280,"mahrashtar ky kolhapur mai truck mai mily bachy madrisy mai parhty hain, gumrahkun dawa viral",FAKE
281,maidan mai rakhy rashan ki is tasver ka iran sy nhi hai koi taluq,FAKE
282,"maxico ky rukan parliament ny 2013 mai oil bill ky sabab utary thy libas, viral post gumrahkun dawa ky sath viral",FAKE
283,namaz e janaza parh rahy logon ki is tasweer ka nhi turkiye zalzala sy taluq,FAKE
284,namaz ky doran imam par charhi billi ka al-jazair ka video turkiye aur saudia arab ka bataty huwe kia ja raha viral,FAKE
285,nupur sharma ky purany video ky ak hissa ko naya bta kr kiya gya viral,FAKE
286,"newzealand ki wazereazam ny christ church mai huwe hamla ky baad kia tha ak waqt ki azan ka radio aur tv broadcast ka ilan, purani kharab gumrahkun dawa ky sath viral",FAKE
287,"hath ki shakal waly darakht ki yeh tasver khasmir ki nhi, britain ky wales ki hai",FAKE
288,hollywood adakara katty homes ki tasver ko kiya ja raha farzi kahani ky sath viral,FAKE
289,himachal pardesh mai hui land sliding ky video ko kia ja raha naran pakistan ky naam par farzi dawa k sath viral,FAKE
290,hindustan ky naagpur chanduara road par huwe car accicent ko pakistan sy jor kr kiya ja raha viral,FAKE
291,hindustan ky gdp ko other countries sy strong btany ky dawa ky sath viral ho rahy graphics mai shamil adad o shumar purana aur gumrahkun hai,FAKE
292,viral taswer asal makhluq nhi balky fankari hai,FAKE
293,viral tasver hal mai huwe afghanistan ky mazar shareef ki shia masjid hamla ki nhi hai,FAKE
294,"viral tasweer ka abudabi ky airport hamla sy nahi hai, purana video gumrahkun dawa ky sath viral",FAKE
295,"viral video hal mai peshawar mai huwe hamly ka nhi hai, purana video gumrahkun dawa ky sath viral",FAKE
296,"viral video hal mai huwe murree hadsa ka nhi hai, purana video gumrahkun dawa ky sath viral",FAKE
297,"viral video ka haal mai yaman mai hui bambari sy nhi hai koi taluq, ek dahai purana video gumrahkun dawa ky sath viral",FAKE
298,wakeel seema kashoba ka naam dunya ki basalahiyat khawateen ki fehrist mai shamil hony ka dawa gumrahkun hai,FAKE
299,"yeh tasver istanbul mai hal nai huwe hamly ki nhi hai, viral taswer purani hai",FAKE
300,"ukraine par ho rahy hamly ka nhi hai ye video, purana video haliya btaty huwe viral",FAKE
301,ukraine ky shehar odesa ki 2014 ki tasver gumrahkun dawa ky sath viral,FAKE
302,christiano ronaldo ky worldcup ky pitch par hamla-awar k sath waqiya ko galt tareeqy sy paish kia gya,FAKE
303,gumrahkun posts south africa pohanchny waly do russian tu-160 bambar tyaron ki purani footage gardish kr rahi hain,FAKE
304,gumrahkun posts ka dawa hai keh sirilanka ky akhbar ny toheen e mazhab ky baad pakistan ky mazhabi inteha pasandon ka cartoon shaya kiya,FAKE
305,gumrahkun posts ny zalzaly ky purany  clips ko dobara zinda kia jab turkey tabahi sy dochar huwa,FAKE
306,misleading nicky minaj tweet covid 19 vaccine namardi ky khadshat ko phelata hai,FAKE
307,maghribi kinary ki purani tasver kashmir par muzalim ky ilzamat ky bary mai gumrahkun posts mai share ki gai hai,FAKE
308,moqami police ka kehna hai keh is video mai hindustan ky zeer e intezam kashmir mai baraf mai phansi maa aur bachy ko bacha lia gya hai,FAKE
309,nigeria ky alehdgi pasand yahudi riyast ki foji salahiyat ky bary mai gumrahkun dawy krty hain,FAKE
310,november 2022 mai istanbul dhamaky ky baad gumrahkun siyaq o sabaq mai purani video dobara manzar e aam par aii,FAKE
311,helicopter ky malby ki purani tasaweer mai 2022 mai balochistan ka hadsa nhi dikhaya gya,FAKE
312,virus phelny k baad pakistan mai primary schools ki bandish ky bary mai posts gumrah krti hain,FAKE
313,"vishwas news ky zariye galt malumat 2021 ka report card: covid 10 ki galt malumat par 40% haqaiq ki janch ki gai kahaniyan, rujhan saz waqiyat ky bary mai jhut par 40%, jali hawalon, tarmeem shuda tasawer, video par 20%",FAKE
314,video CO2 sy chaly waly warming par data ko gumrah krti hai,FAKE
315,"video shamsi, hawa ki tawanai ky backup ky akhrajat par gumrah krti hai",FAKE
316,video hawai adon par maya ly jany ki policy ko gumrah krti hai,FAKE
317,venezuela mai russian jungi tyaron ky bary mai cnn ki report 2018 ki hai aur is ka ukraine jung sy koi taluq nhi hai,FAKE
318,yeh 2018 mai zalzala mutasireen ko talash krny waly kuton ki stock tasaweer hain,FAKE
319,yeh AFP ki ak tasweer hai jis mai 2014 mai pakistan mai taliban ky hamly ky baad dikhaya gya hai,FAKE
320,"german solar, wind power sard mosam mai nakam nhi hui",FAKE
321,mangharat report mai jhuta dawa kia gya hai keh itanian police ny vatican mai pedophile cardinals ko giraftar kia,FAKE
322,"taswer sewden mai helicoptor de-iceing wind turbine dikhati hai, texis mai nhi",FAKE
323,in tasaweer mai britain ky wazeer e azam boris johnson ko january 2020 mai brexit ka jashan manaty huwe dikhaya gya hai,FAKE
324,"nahi, is viral video mai charles de gal hawaiady par chuhon ko nhi dikhaya gya hai",FAKE
325,"radio active, vaccine germany ky kisi medical institute sy chori nhi hui",FAKE
326,"is tasweer mai austria ki gulukarah Conchita Wurst aur un ky business manager ko dikhaya gya hai, laksumberg ky wazeer e azam ko nhi",FAKE
327,social media posts germany mai covid-19 Pfizer-BioNTech vaccine ko galt tareeqy sy paish krti hain,FAKE
328,anti parjevi dawa ivermectin covid 19 ka sciencee tor par sabit shuda ilaaj nahi hai,FAKE
329,"nahi, pope ko bachon ki smuggling ky ilzam mai giraftar nhi kia gya tha",FAKE
330,social media posts pompy volcano ky shikar ky bary mai purany nataij ka ishteraq krti hain,FAKE
331,britain rajj k khatmy ki larai ky doran queen Elizabeth II ko salam krny waly hindustani right hand group ky jhuty dave ky sath tasweer share ki hai,FAKE
332,britain dadi ky bary mai facebook par jhuta dawa gardish krta hai jinhon ny clinical trials ky bahir britain ki pehli covid 19 vaccince hasil ki,FAKE
333,covid-19 vaccine ap ky dna ko change nhi krti hain,FAKE
334,covid-19 vaccine khawateen ki naasbandi ka sabab nhi banti,FAKE
335,is video mai october 2022 mai romania mai police aur football fans ky darmiyan tasadum dikhaya gya hai,FAKE
336,doctor anthoney fauci ny ateraf keh mask mendate ak wasi spectrum ki nakami thi,FAKE
337,dimagi aneurysm youth mao ak sangeen aur aam corona virus mRNA vaccine ki chot hai,FAKE
338,log 24 april ko national rape day mai hissa ly rahy hain,FAKE
339,bill gates ap ki namyati padawar ko khatarnak chemical ky sath coating kr rahy hain,FAKE
340,aqwam e mutahidah nabaligon ky sath jinsi taluqat ko jurm qarar deny ka mutalba,FAKE
341,sciencedan yeh samjhny ky liye jadojehad kr rahy hain keh CO2 mai izafy ky bawajud antartica 70 saloon sy garam q nhi huwa hai,FAKE
342,ak video sabit krti hai keh hamari apni hukumat taslee kr rahi hai keh wo asman par zehrely chemical ka chirkao kr rahy hain,FAKE
343,video mai dikhaya gya hai keh russian sadar viladmir putin amarican democracy ky bary mai english mai baat kr rahy hain,FAKE
344,american defence department ny virus ky malum hony sy mahinon qabal ukraine mai corona virus ki tehqiqat ky liye ak moahida dia tha,FAKE
345,video mai kenya ky sadar ko yeh kehty dikhaya gya hai keh wo american dollor sy chutkara paen gy,FAKE
346,elon musk logon ko soty huwe 90 dinon mai 1 million dollor kamany ka moqa faraham kr raha hai,FAKE
347,america mai hamara apna central bank digital currency system 1 july ko shuru hony ja raha hai. Isy FedNow adaigi ka nizam kaha jata hai,FAKE
348,cash app ky bani bob lee ki mot FedNow sy munsaliq hai,FAKE
349,ak video mai ak transperson ky sath Anheuser-busch ki shirkat ky silsaly mai bud light cancer ko tabah krny wala steam roller dikhaya gya hai,FAKE
350,isqat e hamal ki goliyan khatarnak hain aur 5 mai sy 1 aurat paichedgi ka shikar hogi,FAKE
351,"bachon ki sehat k tahafuz ky liye lead paint par pabandi nahi lgai gai, balky is liye keh yeh logon ko tabqari sy bachye ga",FAKE
352,banduq ky tashadud ky khilaf ehtejaj krny waly tennessse state ky law makers ky iqdamat 6 january ky bagawat pasandon ky iqdamat ky kam az kam masawi thy,FAKE
353,nike sam dushmani ky khilaf mudamah haar gai aur usy apny sarfeen ko gift cards dena pary,FAKE
354,video mai ukraine mai jung ki footage dikhai gai hai,FAKE
355,canada ny sirf LGBT ky khilaf iehtejaj krna ghair qanoni bna dia,FAKE
356,uttarpradesh ky kaas ganj mai july maah ky qatal mamla ky video ko guzishta roz ka bta kr kia ja raha hai viral,FAKE
357,hitler ky concentration camp sy munsalik hai ye taswir gumrahkun dawa ky sath ho rahi viral,FAKE
358,talwar ly kar mehakma bijli mai hangama krty nazar araha shakhs ka viral video jaypur ka nhi jodhpur ka purana mamla hai,FAKE
359,pakistani jhandy ky sath raakhi sawant ki tasver gumrahkun dawa ky sath viral,FAKE
360,do saal pehly kedarnath mai huwe helicopter crash ki tasver ko ab ladakh ka bta kr kia gya viral,FAKE
361,bachy ki pitai ka ye video mumbai ka nhi banglore ka hai,FAKE
362,mohali ky ak saal purany muzahiry ky video ab kia kia ja raha viral,FAKE
363,video mai dikh rahi singer kishore kumar ki poti nhi hain,FAKE
364,dehli ky sangam vihar ki purani tasver varanasi ky naam par ki ja rahi viral,FAKE
365,bhagwan sri krishna ki yeh qabil e iteraz painting 5 saal pehly ho chuki hai zabt purani tasver ko guzishta roz ka bta kr kia ja raha hai viral,FAKE
366,yeh tasweer bengaluru mai tashadud krny wali bheer ki nhi bangladesh mai huwe purany ehtejaji muzahiry ki hai,FAKE
367,covid 19 ki apni koi ph value nhi hai viral ho rahi post gumrahkun,FAKE
368,saudiarab mai smuggle shuda beer ki purani tasveer qatar worldcup ky bary mai posts mai dobara samny ai hai,FAKE
369,posts ny microsoft ky shareek bani ky kuch tabsaron ko nazar andaz kr dia hai,FAKE
370,posts netherland ky food forest ky size ko barha charha kr paish krti hain jo 1100 acre par nhi balky 6 acre par muheet hai,FAKE
371,polar bear ki abadi ka graph naqabil e aitebar data istemal krta hai,FAKE
372,nhi america ky april june 2020 yoy ky jdp ky stats ny hindustan sy zyada kharab karkardgi nhi dikhai andar ki tafselaat,FAKE
373,rohingyon ky naam sy gumrahkun dawy ky sath viral huwa atm chor gange ka video,FAKE
374,bheer ny mazhab puch kr nhi bacha chor samajh kr peeta tha hindu muslim ki baat farzi hai,FAKE
375,2017 mai lakhnow ky madrisa mai huwe istehsaal ka mamla dobara huwa viral,FAKE
376,fact check 48 ghanton mai caripel sy dengo thik hony ka dawa krny wali post gumrahkun hai,FAKE
377,farzi id ky zariye qabil e aiteraz tanqeed krny ka mamla himachal pradesh nhi up ky hamirpur ka degar shakhs ki tasver mulzim ky nam par viral,FAKE
378,bachon ko berehmi sy maarny wala video hindustan nhi saudiarab ka ak saal purana video hai,FAKE
379,rajasthan ka purana video social media par kia ja raha hai viral,FAKE
380,new delhi vishwas news social media par gardish krny wali ak viral tasver mai ak arcade ky phool ko duck sy similar dikhaya gya hai sath ky dawy sy pta chalta hai keh ye batakh ka arcade hai,FAKE
381,manhattan mai purtashadud jaraim ab record satah par hain,FAKE
382,florida disaster fund ky liye ikathy kiye gaye $70 million sy kisi ko ak paisa nhi mila,FAKE
383,silicon valley bank ny BLM movement ko $73M ka atiya dia,FAKE
384,Jhuti posts ka dawa hai keh canadian spinner wali ukraine pohanchny k foran baad marra gya,FAKE
385,charles darwin ny paishangoi ki keh insanon ki ak zeli nasal hayatiyat sy inkar kry gi aur tareekh ko dobarah likh kr insani taraqi ki sadiyon ko khatam krny ki koshish kry gi,FAKE
386,TV maizban doctor phil ny 2023 bazurgon ky fawaid ky program ki toseeq ki,FAKE
387,sabiq sadar donald trump ny kaha keh mujh par koi bhi fardejurm ap par aaid hoti hai,FAKE
388,video mai dikhaya gya hai keh trump ky hami itwar ko hanhattan mai fifth avenue par qataar mai khary hain,FAKE
389,sabiq sadar donald trump ny ak bayan jari jis mai evan ky speaker kevin mccarthy ki dilchasp videos leak krny ki dhamki di gai,FAKE
390,elon musk ny tweet keh wo mushtarkah commission khareeden gy aur nurses ko apny station par mashrubat piny dyn gy,FAKE
391,tasweer mai magic johnson khun ka atiya krty huwa dikhata hai communities ko corona virus sy larny mai madad krny k liye,FAKE
392,sabiq sadar donald trump ny tweet keh tufan ham par hai,FAKE
393,tasweer mai sadar donald trump ko police ny hirast mai ly liya hai,FAKE
394,"america uganda ko ham jins parasti ko qanuni hasiyat deny ky liye hatmi warning deta hai, ya koi imdad nhi",FAKE
395,kari lake ny 2016 ki ak tweet mai trump ko taft ky baad sab sy mota sadar qarar dia,FAKE
396,ham is saaf tawanai wali wind turbine ko barf sy pak krny ky liye sirf 300 gallon jet fuel jala rahy hain jisy chalany ky liye 80 gallon artificial oil ki zarorat hai,FAKE
397,geogia ki deklab county ky liye $2 million ki grant antekhabi dafatir ky niji qabzy ky mutradif hai,FAKE
398,kisi bhi chez ky muqably mai gharelu tashadud ki calls ka jawab huwe zyada police ehalkar mary jaty hain,FAKE
399,elon musk ny twitter sy greta thunberg par pabandi lga di,FAKE
400,Russian Dementia ki dekh bhai ki sahuliyat apny poster par biden ka istemal kr rahi hain,FAKE
401,clinton ky itehadi pur israr tor par mar gaye,FAKE
402,1920 aur 2020 mai li gai mujasma e azadi ki tasaweer sy pata chalta hai keh satah e samundar mai koi tabdeli nhi ai hai,FAKE
403,bayen bazu apni tareekh ki kitabon sy mount rishmor ko mitany ky liye pur azam hai,FAKE
404,audio ny sabiq sadar donald trump aur barak obama ko mishal obama ki jins par behas krty huwe dikhaya ,FAKE
405,"elon musk ny tweet, dunya chipti hain",FAKE
406,the simpsons ny january mai bank of america ky sarfeen ky khaton sy raqam gaib hony ki paish goi ki,FAKE
407,the view and kyle rittenhouses ky sath 22 million dollars aur rasmi mafi mai ty pata hai,FAKE
408,video sy pta chalta hai keh ghar par corona virus test istemal krty waqt kuch mashrubat corona virus ky liye musbat test kr skty hain,FAKE
409,2020 ky intekhabat munsana nhi ho skty thy kyunky los angles county ny qanuni charah joi ky doran is baat par itefaq keh intekhabat ky baad 1.2 million naehal voters thy,FAKE
410,elon musk jald hi facebook hasil kry ga,FAKE
411,ashli babbitt zinda aur khairiyat sy hain,FAKE
412,video mai dikhaya gya hai keh elon musk ak anti ageging ilaj ki toshiq krty hain,FAKE
413,bill gates ka dawa hai keh wo dawasazi ki sanat ka ak darust numaindah hai kyunkeh is ny mozu ky bary mai boht si kitaben parhi hain,FAKE
414,nai footage jari hony ky foran baad 6 january ki committee khatam kr di gai,FAKE
415,american senitor josh holy ny committee ki samaat mai american Attorney General Merrick Garland ko rony par majbur,FAKE
416,"is tyary ky hadsy mai halak hony waly panch afrad east palestine mai pani, mitti, aur hawa ky mayar ko janchny ky liye ohio jana tha",FAKE
417,tammy balwin ly jana chahta hai Medicare and Social Security,FAKE
418,breaking: john fetterman istefa ka elan,FAKE
419,ukraine ky sadar Volodymyr Zelensky ka kehna hai keh wo chahty hain keh america ky bety aur betiyan ukraine mai mar jayen,FAKE
420,"ohio mai, yahan 75,000 akar kheti bari hai, zarkhaiz bari, jo ab tezab ki barish sy beh rahi hai",FAKE
421,lakhon ki tadad mai musalman isaiyat ikhtiyar kr rahy hain,FAKE
422,"3 february ko train ky patri sy utarny sy pehly east palestine, ohio ky rehaishiyon ko sans leny mai dushwari jesy tawel mudati sehat ky masail ka pta lgany ky liye digital ids di gain",FAKE
423,mehkma insaf walideen ko bula raha hai jo is bary mai fikarmand hain keh un ky bachon ko pharhaya ja raha hai wo unhen dehshatgard qarar dy rahy hain,FAKE
424,woody harrelsons ky 60 seconds in ky a monologue ky wast mai show ky baad jari kardah tarmimat sy kaat diye gye thy,FAKE
425,breaking trump ny marines ko sadarti bagawat rokny ky kiye tayar,FAKE
426,video mai sadar joe biden ko ak ajnabi tasadum ko yaad krty huwe dikhaya gya hai,FAKE
427,"2022 mai america mai 297 amwat mai riffiles mulawis thin aur qabz sy 2,167 afrad halak huwe",FAKE
428,chlorine ky sath ilaj shuda nal ka pani pina ya istemal krna khatarnak hai kyunkeh chlorine ak zehar hai,FAKE
429,joe biden ny america ko shi jin ping ky sath himaliya ky daman ky tor par bayan,FAKE
430,"kid rock ny tweet, kuch log zulm ko nhi pehchanen gy agar usny unky chehry par mask thapar mara, inhen 6 foot ky fasly par khara kr dia, aur unhen 99.8 pesad zinda rehny ki sharah ky sath virus ki vaccine leny par majbur kr dia",FAKE
431,sabiq sadar donald trump american tareekh ky pehly sadar thy jinhon ny is baat ko tasleem keh america mai bachon ko jinsi taluqat ky liye farokht kia ja raha hai jab keh president joe biden ny trump ky exective orders ko mansukh kr dia jis ny bachon ki jinsi smuggling sy nimatny mai madad ki,FAKE
432,elizabeth warren ka kehna hai keh republicans ko vote deny ki ijazat deny sy election ki salmiyat ko khatra ho skta hai,FAKE
433,53% americans ny hunter biden ky laptop ki kahani sy agah hai keh wo 2020 mai apna vote tabdel kr chuky hon gy,FAKE
434,agenda 2030 zameen ki taraqi ko control krny waly qawaneen hukumat ko aluda zameenon par qabza krny aur un ky rehaishiyon ko smart shehron mai muntaqil krny ki ijazat dety hain,FAKE
435,apple sarfeen ko sust iphone ky liye $700 ada krny ga,FAKE
436,president joe biden ny intekhabat mai jaalsazi ka etraf,FAKE
437,australia mai 2022 ky pehly ath mahinon mai heart attack sy hony wali amwat mai 17 fesad izafa ka taluq corona virus vaccination sy hai,FAKE
438,clinton ka muawin murda paya gya bazahir qatal mai darakht sy bandha huwa tha,FAKE
439,is video mai former president barak obama ky medal of freedom hasil krny walon mai sy har ak Epstein k flight logs par tha,FAKE
440,tulbah ky shanakhti card intekhabat mai dhokadahi ka zariya hain,FAKE
441,george soros ny 2024 ky liye Ron DeSantis ki tosiq ki hai,FAKE
442,joe biden ny black history mahiny ka nam tabdeel kr dia,FAKE
443,big box stores dhokha dahi aur imteazi saluk ky liye sarfeen ko raqam ki wapsi aur credit dy rahy hain,FAKE
444,audio ak biden ka record hai jo apny chori shuda dastawezat ky jurm ko chupany ki koshish kr raha hai,FAKE
445,andrew tate ko jail sy reha gya aur mujrim sabit nhi huwa,FAKE
446,tasver sy pta chalta hai keh ohio mai railway kesi nazar ati hai jab ham ukraine ko 40 billion dollar bhejty hain,FAKE
447,"kyunkeh covid shorts abhi bhi hamgami istemal ki ijazat ky tehat tyar kiye jaty hain, wo FDA ki manzuri ky bagair 49% ajza tak tabdel kr skty hain",FAKE
448,biden aur zelensky ki niji gufatgu ki audio recording leak hui,FAKE
449,ak tasweer mai sadar joe biden aur ukraine ky sadar Volodymyr Zelensky hath pakty huwe hain,FAKE
450,american mehkma e kharja ny tarkeen e watan ky liye khasusi visa inkhala operation shuru kr dia hai,FAKE
451,richard belzer ki mot corona virus vaccine ki waja sy hui,FAKE
452,brown bamuqabla talemi board kaly bachon ko safaid fam schools mai bhejny ky bary mai kabhi nhi tha yeh waledain ky bary mai fasla krny ky qabil tha keh wo apny bachon ko school kahan bhejen,FAKE
453,biden admin ny WHO ko american wabai policies par ikhteyar deny ky mamly par baatcheet ki,FAKE
454,ralley mai police ki barbariyat ky 2020 muzahiron ky doran haqeeqat mai ak shakhs mara gya,FAKE
455,video mai turkiye mai zalzala dikhaya gya hai,FAKE
456,mickey mouse ko sarkari disney show bankers ky tor par tabdeel kia jaye ga,FAKE
457,kutty ky kery ki dawa fenbendazole insanon mai cancer ka ilaj kr skti hai,FAKE
458,arab patiyon ky liye ost tax taqreeban 3% hai jo keh school teachers ya fir fighters sy kam tax hai,FAKE
459,2 hafton sy bhi kam arsy mai saat maholiyati aafat ham hamly ki zad mai hain,FAKE
460,kfc ny black history month ky liye chicken drum stick ki tasweer tweet ki,FAKE
461,ohio mai train ky patri sy utarny ky baad kentucky mai ak taswer mai parindy murda gir gaye,FAKE
462,saudi ky juwakhana ka nhi hai yeh video farzi dawa ho raha viral,FAKE
463,salman shahrukh aur amir ny nhi dia muskan ko cororon rupees ka inam farzi video huwe viral,FAKE
464,samajwadi party mai nhi shamil huwe shivpal yadav purani tasver ho rahi viral,FAKE
465,sambat patra ki beti ko ly kr viral kia gya farzi dawa,FAKE
466,central vista project site par gaye wazeer e azam ky sath photographer ki yeh tasweer edited hai,FAKE
467,sanjy dutt ki tasver cheyr chaar kr ky viral ki ja rahi hai,FAKE
468,michigan state university ka mushtaba shakhs 22 sala raymon jorden hai,FAKE
469,insan mosmiyati tabdeli ka sabab nhi bn rahy hain maqnatesi qutab ki tabdeli dunya bhar mai mosam aab o hawa zalzaly sunami wagera mai tabdeli phela rahi hai,FAKE
470,turkiye mai any wala zalzla geoengineering mosmi tabdeli HAARP ka scripted istemal hai,FAKE
471,michigan state university shooter ka naam lin de walker nami 21 sala shakhs hai,FAKE
472,general mark milli ny kabhi larai mai kam nhi,FAKE
473,ak tasweer mai dikhaya gya hai keh 7 feburary ko state of the union ky khitab mai sadar joe biden par ak deputy US marshal gari nigah rakhy huwe hai,FAKE
474,ak video mai dikhaya gya hai keh turkey aur sham ky zalzaly ky baad ak kuta apny kuty tak pohanchny ki koshish kr raha hai,FAKE
475,canada mai 100% corona virus amwat ab mRNA vaccine ki waja sy hain,FAKE
476,tasweer mai former president donald trump aur maxico ky president Andres Manuel Lopez Obrador ko bosa dety huwe dikhaya gya hai,FAKE
477,sadar joe biden ny apny taxon mai dhokha dia aur us sy farar ho gaye,FAKE
478,nasa curiosity ny mareekh (mars) par nazi helmet talash ,FAKE
479,joe biden khuli janubi sarhad america mai fentanyl sy hony wali amwat ka zimedar hai,FAKE
480,international space station par koi insan hi hain,FAKE
481,chick-fil-A ki diping chatniyon mai sy kuch mai ak juz sehat ky sangeen masail ka sabab bn skta hai,FAKE
482,pichly do salon mai jamhuriyat kamzor nhi balky mazbut hui hai amriyaten mazbut nhi balky kamzor huin,FAKE
483,mark zuckerberg ny pichly maniny ak platform launch tha jo har sarif ko ghar chory bagair bhi rozana $500 sy kamany ki ijazat deta hai,FAKE
484,joe biden ny corona virus pandamic ky doran school band kr diye,FAKE
485,ghair mamuli cancer fori marhaly mai phat rahy hain aur cancer ky in khuliyon mai spike protine hota hai,FAKE
486,game of thornes ky kirdaron wali tasver mai turkiye aur sham mai zalzaly ky mutasren ko dikhaya gya hai,FAKE
487,ghar k pichwary mai murgiyon ky jhund ny andy dena band kr diye hain aur feed zimedar hai,FAKE
488,ap janty hain keh fentanyl zehar ki waja sy virginia bhar mai kitny bachy mar rahy hain? Banduqon sy hathon marny sy kahin zyada,FAKE
489,pfizer abhi abhi vaccine ky liye janbhujh kar covid ko tabdel krny ka kam krty huwe pakra gay hai,FAKE
490,diamond aur silk pandit corona virus sy inteqal kr gaye,FAKE
491,ak chokidar ny ak ghair mamuli harkar mai chinese jasus ghubary ko mar giraya,FAKE
492,illinois ny wahan ak ibtedai school mai $5.1 billion wasul kiye jis ny masawat aur tanu ky liye istemal,FAKE
493,sadar joe biden ny kaha yeh khayal keh ham ukraine mai tank bhejny ja rahy hain jisy tesri jugn e azeem kaha jata hai,FAKE
494,hamal ky test mai poshida plan b ki goli shamil hai,FAKE
495,university of delaware mai mazeed classified dastavezat ki gai thin ak tractor trailor ki maliyat ky brabar,FAKE
496,american numaindy ilhan umer ko saat naye jaraim ky inkeshaf ky baad 40 saal qaid aur mulk badri ka samna,FAKE
497,tyre nichols ko marny waly afsran ny usy nishana bnaya kyunkeh wo un ki biwiyon mai sy ak ko mubayina tor par dating kr raha tha,FAKE
498,garz ki had ya hamary khasary mai sab sy bara tawun krny wala trump ky taxes mai kami hai,FAKE
499,doctors ka kehna hai keh microwave mai khana pakany ky doran jazb hony waly zehrely madon ki wjah sy bari ant ka cancer barh raha hai,FAKE
500,hukumat ny Connecticut k Hillendal Farms mai agg lagai taky wo hamen apny jali GMO gosht khany par majbur kr sken ya hamen tameel mai bhooka maren,FAKE
501,US Representative Alexandria Ocasio-Cortez ny tweet keh instagram ko khatam krny ki zarorat hai,FAKE
502,breaking gop ny umer ko congress sy nikalny ki qarardad manzur kr li yeh is ky liye khatam hogya hai,FAKE
503,georgia high school association ny corona virus vaccine ky tanazur mai achanak cardiac arrest sy agahi form jari krna shuru,FAKE
504,video mai ak shakhs ko sweden mai quran jalaty huwe dikhaya gya hai,FAKE
505,video mai american senitor ted cruz ky remarks par congress bharakti dikhai deti hai,FAKE
506,issi din voter ka inderaj intekhabi ohdedaron ko voter ki malumat ki darustgi aur darustgi ki tasdeeq krny ki ijazat nhi deti hai,FAKE
507,global warming ak faraib hai,FAKE
508,biden muskuraty huwe us ny qarz mai apny sy pehly ky kisi bhi sadar sy zyada izafi hai,FAKE
509,Glenn Youngkin jadeed dor mai pehly mojuda governer hain jin ki party ky pas qanoon sazi ki nashisten un ky muntakhib hony ky muqbly mai kam hain,FAKE
510,joe biden ny kaha ukraine ky logon sy mai un sab sy kehta hun ap shaid wo darust kr sken aur ao is qaib nhi hain,FAKE
511,is tasweer mai sabiq sadar donald trump ko guzishta hafty dikhaya gya hai,FAKE
512,ukraine mai america ny jo raqam kharch ki hai wo afghanistan mai apni jung ky liye america ky akhrajata sy do guna hai,FAKE
513,sadar joe biden ny ak exective order par dastakhat kiye jis mai americans ky liye health insurance muft bnana tha,FAKE
514,scientists ny khabardar hai keh andy hazron logon ko achanak khoon ky lothry banny ka bais bn rahy hain,FAKE
515,ost american ky pas 5 sy 15 pound tak pakhana un ki aant mai phans jata hai,FAKE
516,world health organization 1974 sy mustaqil banjhpan paida krny ky liye vaccine par kaam kr raha hai,FAKE
517,transportation security administeration ny sinfi ghair janibdaar screening technology par 200 million dollar kharch kiye,FAKE
518,video mai dikhaya gya hai keh hecklers president joe biden par behayai ka nara lga rahy hain,FAKE
519,Aretha Franklin ka 1968 ka gana ak qurdari aurat ko trans community ny jarehana  samjha,FAKE
520,video mai dikhaya gya hai keh numainda Alexandria Ocasio-Cortez roty huwe ted cruz uthty hain aur usy apny chehry par zaleel krty hain,FAKE
521,california mai november ky wast mudati intekhabat mai 10 million mile belt behisab hai,FAKE
522,jin logon ny corona virus ky khilaf vaccine nhi lgai wo behtreen nikly,FAKE
523,congo mai barki charge shuda pathar daryaft huwe,FAKE
524,andrew tate ko bazabta tor par 15 saal qaid ki saza sunai gai mujrim sabit,FAKE
525,murgiyan andy nhi dy rahi hain kyunkeh RNA ko commercial chicken feed mai shamil ja raha hai,FAKE
526,america mai polio ko vaccine ky zariye khatam nhi gya,FAKE
527,christine grady NIH ki sarbarah hain,FAKE
528,american chicken aur eggs ki kami ka taluq bill gates sy hai,FAKE
529,aye waziye kren drage shoes strap shoes hain,FAKE
530,achanak arrhythmic death syndrome aur falij ka mosam corona virus pandamic sy pehly mojud nhi tha,FAKE
531,CO2 warming ak dhokha hai NOAA isy sarkari bnata hai,FAKE
532,tareekhi taswer is baat ka sbut hain keh in mashhur shakhsiyat ko clon gya tha,FAKE
533,video sabit krti hai keh greta thunberg ak bohrani adakar hai,FAKE
534,mosmiyati tabdeeli ak qudrati tor par waqe hony wala rujhan hai jisy prehistoric eras mai track ja skta hai,FAKE
535,ak video mai nepal mai haliya tyary ky hadsy ka malbah dikhaya gya hai,FAKE
536,mRNA vaccine khuraq ki farahmi mai lgai ja rahi hain,FAKE
537,fedral aviation adminstration ny pilots ky kiye apny electrocardiogram parameters ko wasse kr dia hai kyun keh corona virus vaccines sy airline pilots ki kafi tadad mai dil ko shadeed nuksan pohancha hai,FAKE
538,taqreeban har mutaliya ny ab in naye boosters ky sath kaha hai ap ko bivalent booster sy mutasir hony ka zyada imqan hai,FAKE
539,harvard medical school ky tulba LGBTQIA + sheer khawar bachon ki dekh bhal krny ka tareeqa seekhty hain,FAKE
540,ak video mai palestine mai asman par ak haqeeqi farishta dikhaya gya hai,FAKE
541,ak video mai nepal mai 15 jaunary ko hawai jahaz ky mohliq hadsy ko dikhaya gya hai,FAKE
542,CNN ny itla di hai keh Damar Hamlin ky doctor ny tasdeeq ki hai keh un ky dil ka dora corona virus vaccine booster ki wja sy huwa tha,FAKE
543,"dastavez sy pta chalta hai keh hunter biden ny joe biden ko mahana 50,000 dollar kraya dia",FAKE
544,greta thunberg ny germany mai giraftri di,FAKE
545,joe biden bator naib sadar ky pas dastavezat ko ghair elaniya krny ka haq nhi tha,FAKE
546,zyada mane hamal ki dateyabi isqat e hamal ki talab ko barthati hai,FAKE
547,walmart imteyazi tasfiya ky hissy ky tor par kuch khawateen ko $500 grocery store credit dy raha hai,FAKE
548,world economic forum ny hifazti wajuhat ki bina par apni salana meeting ky liye switzerland ky shehar devis mai logon ko urany ky liye ghair vaccine shuda pilots ki khidmat hasil kin,FAKE
549,"americans ny jinhon ny wabai marz ky zariye kaam mulazmeen ko barqarar rakhny ky credit ky liye qualify kr ky $26,000 tak ada kiye ja rahy hain",FAKE
550,har ak Republican ny Ketanji Brown Jackson ki Scotts appointment ko block kr dia.,FAKE
551,video mai dikhaya gya hai keh elon musk is baat ky bary mai baat kr rahy hain keh wo jis har nakam rehnuma sy mila tha wo mushtariq tha,FAKE
552,white house ab tamam gae oven aur burners par pabandi lgany ki koshish kr raha hai,FAKE
553,corona virus ak latin word hai jiska mtlb heart attack virus hai,FAKE
554,idaho ky chogni qatal ky mulzim ko girftar krny ky liye istemal hona wala cell phone data sabit krta hai keh 2000 mules film ky cell data ky istemal par tanqeed bybunyad hai,FAKE
555,brazil mai intekhabaat boht wazy tor par dhandli zada election thy,FAKE
556,MMA fighter victoria lee ak corona virus vaccine ki wjah sy inteqal kr gain,FAKE
557,wo walidain ko school board ki meetings mai jaty hain aur nisab par sawal krty hain ak meeting mai shirkat k liye mehkma e insaf aur FBI ki traf sy jhanda lgaya ja raha hai,FAKE
558,corona virus vaccine nojawan aur sehatmand afrad ky liye khatry ky muqably mai sifar faida faraham krti hain,FAKE
559,tasver mai brazil ky capital par hamly ky waqt ak copy cat qanon shaman dikhaya gya hai,FAKE
560,"$5,000 ka mohariq qarz dastiyab hai",FAKE
561,tee higgins damar us waqt tak hospital sy bahir nhi ja raha jab tak keh usy malum ma ho keh hamlin thik hai,FAKE
562,pope benedict xvi aur vatican ny darkhwast ki keh sadar biden benedict ki akhri rasumat mai shirkar nah kren,FAKE
563,"jaunary 2021 sy ly kr ab tak 1,598 athletes ko heart attack huwa hai 69% mohlik",FAKE
564,damar hamlin ky khilari buffalo bills ka girna corona virus vaccine ki waja sy huwa,FAKE
565,joe biden ky naib sadar banny k baad apny walid k kehny par us ny apny chacha frank h biden ko second world war ky doran american army mai khidmat anjam deny ky liye purple heart dia,FAKE
566,"wo dobara sadar ky tor par afghanistan, iraq, aur un ilaqon ka dora kr chuky",FAKE
567,tesla ny ak cryptocurrency platform launch jis ka mqsad khandanon ko ameer banny mai madad krna hai,FAKE
568,ak video mai dikhaya gya hai keh numaindy matt gaetz robert muller ko jail jany ki dhamki dy rahy hain,FAKE
569,elon musk ny kaha mai paish goi krta hun keh mai kal puri meta company khareedun ga,FAKE
570,jin logon ny US postal service ki wardi churai hai wo postal workers ka roop dhar rahy hain aur banduq ki noq par logon ko lot rahy hain,FAKE
571,FDA bilakhir samny aya aur kaha keh pfizer ka corona virus shot blood cloating ka reason bnta hai,FAKE
572,ak video mai jim jorden ko ye kehty huwe dikahya gya hai keh 2020 ka election chori hogya,FAKE
573,ak video mai taarqeen e watan ko news cameras ky liye ansu bahaty huwe dikhaya gya hai,FAKE
574,elon musk ny kaha dunya ky kuch hisson mai sahafiyon ko galt logon ko abur krny par qatal kr dia jata hai,FAKE
575,russia ki army tabahi hogai,FAKE
576,cell phone ko popcorn ky dany ko pop krny ky liye instemal ja skta hai,FAKE
577,ak video mai nancy pelosi ko american institute of energy ky sabiq mulazim ky potrait ki naqab kushai krty huwe dikhaya gya hai,FAKE
578,lehsan ka ak achi trha sy tayar krdah salve lungs aur nizam e tanafus ki kisi bhi bimari ko thik kr skta hai,FAKE
579,insani smuggler gas pumps aur darwazy ky handels par zehrely tissues daal rahy hain phir mumkina mutasrin ky guzarny ka intezar kr rahy hain,FAKE
580,corona virus ki vaccine 80 canadian doctors ki mot sy munsalik thin,FAKE
581,is saal america mai flu ky records zyada cases hain aur pichly saal koi nhi thi,FAKE
582,stephen boss ki moat corona virus vaccine ki wja sy hui,FAKE
583,video mai dikhaya gya hai keh Senator John Kennedy Homeland Security k Secretary Alejandro Mayorkas sy keh rahy hain ap ka moakhza jaye ga,FAKE
584,kari lake ka case arizona ko benaqab krta hai keh dastakhat ki toseeq ka istemal nhi gya,FAKE
585,england ki oxfordshaire county council ny environmental lockdown residents ko un k apny paros tak mehdud rakhny ka trail pass hai,FAKE
586,pfizer ny tasdeeq ki hai keh stiff person syndrome corona virus vaccine ka ak manfi asar hai,FAKE
587,grant wahl ki moat corona virus vaccine ki wja sy hui,FAKE
588,fedral reserve ny nai currency ki dastyabi ko moatal kr dia hai,FAKE
589,"bari machinary ko ak hi textile car ki battery ky liye darkar maadniyat hasil krny ky liye 500,000 pound zameen ko muntaqil krny ki zarorat hai",FAKE
590,ukraine mai jung sab khatam ho chuki,FAKE
591,is video mai dikhaya gya hai keh chuck grassley joe biden ky istefy ka mutalba kr rahy hain,FAKE
592,char bary athelets mai haliya khoon ky jamny ya falij corona virus vaccine ka napasandida asar hain,FAKE
593,human meat project gosht ky istemal ky mutabadil ikhteyarat bnanye ky liye atiya kiye gaye jismon aur aaza ka istemal kr raha hai,FAKE
594,pfizer ky ceo albert borla ny istefa dety huwe kaha keh mRNA vaccine mahfuz nhi hain,FAKE
595,katty hobbs ka arizona ky intekhabi certification par signature krna illegal tha,FAKE
596,elon musk ny tweet democratic ny twitter ky ceo jack dorsy ko 2020 ky elections ky doran logon ky pages ko block aur delete krny ky liye lakhon dollars ada kiye thy,FAKE
597,jab corona virus jobs nafiz huwe kam az kam 1.1 million americans achnak mar agye,FAKE
598,georgia U.S. Senate runoff ki fox news coverage mai votes ki ginti mai utar charhao voters ki dhokadahi ka saboot hai,FAKE
599,video mai dikhaya gya hai keh ak bacha jill biden ko taqreer ky doran chup rehny ko keh raha hai,FAKE
600,video mai ex president donald trump ko yeh kehty huwe dikhaya gaya hai keh wo kaney west sy bas pareshan nhi ho skty,FAKE
601,georgia american senate ky runoff votes ki ginti mai utar charhao election dhandli ka sabut hai,FAKE
602,holiday heart syndrome coronavirus vaccine ki wja sy hony wali amwat ka ahata hai,FAKE
603,december ky runoff ky din georgia mai black panthers ky musalah group mubaiyan tor par voting ky makhsus 6 mqamat par gasht kr rahy thy,FAKE
604,marjorie taylor greene ny isaiyat par adolf hitler ka hawala dia,FAKE
605,canada bachon ko tibi imdad yafta moat talash krny ki ijazat dy raha hai,FAKE
606,ak tasveer mai ak cia agent ko adolf hitler ki naqali krty huwe dikhaya gya hai,FAKE
607,hitler ka kehna hai keh siyahfam log sachy ibrani hain,FAKE
608,qanon mojuda secretary of state katie hobbs ko intekhabat ki nigrani krny sy mana krta hai jab wo governor ky liye umeedwar thin,FAKE
609,sarhadi diwar aur maxico mai stay policy ny ghair qanoni immigration mai 90 fesad kami ki,FAKE
610,sirf 20% log jo siyasi panah ky liye darkhwast dety hain wo is k liye ehal hain,FAKE
611,unhon ny election ky din ap ki firearm khareedny ki salahiyat ko khatam kr dia,FAKE
612,"50,000 saal purany zombie virus ki rehai ky baad rasty mai ak nai waba ho skti hai",FAKE
613,arizona ky wast mudadti intekhabat ghair qanuni thy kyun keh voting machines ki tasdeeq ky liye istemal hony wali laboratory ko tasleem nhi gya tha,FAKE
614,mery khayal mai sadar trump char baar bahar aye aur nick fuentes ki mazamat ki,FAKE
615,mulk k gulukar jack flint ka inteqal corona virus vaccine ki wja sy huwa,FAKE
616,tajweez krta hai keh virologist ki moat ka taluq corona virus vaccine sy hai,FAKE
617,disney ny nai family christmas film mai hamen shaitan sy pyar hai ko agy barhaya,FAKE
618,elon musk ny kaha keh wo snapchat khareed rahy hain,FAKE
619,"maricopas county ny elan keh election ky din 540,000 sy zyada voters ny 223 vote markaz mai sy ak ka dora lekin hatmi sarkari nataij ka adadoshumar ny dawa keh sirf 248,070 logon ny vote dia",FAKE
620,saudi team ko pareshan jeet par $460k rolls royce mily,FAKE
621,mosmiyati tabdeeli shamsi sargarmi aur chand ki taraf sy hukam dia jata hai aur insaniyat k sath koi taluq nhi hai,FAKE
622,qatar ny germany national team ka tyara wasul krny sy inkar kr dia jis mai ham jins paraston ka logo tha jis ki wja sy wo tyara saltanat e oman ky hawai ady par wapis keny par majbur huwa,FAKE
623,khuni makeup lgany wali khatoon ki tasver ukraine mai jali jungju ki tasver dikhati hain,FAKE
624,biden intezamiya cuba ko mulk badar k rahi hai kyun keh cuba bary paimane par qadamat pasand hain,FAKE
625,tajveez krta hai keh corona virus vaccines ki wja sy FIFA ky 108 registered khilari/coach mar chuky hain,FAKE
626,college of physicians and surgeons of ontario ny tajveez keh ghair vaccination shuda log zehni tor par bimar hain aur unhen nafsiyati adviyat ki zarorat hai,FAKE
627,joe biden sy insani smuggling ki tehqiqat ki ja rahi hian aur wo qasoorwar hain,FAKE
628,mosmiyati sarbarahi ijlas mai john carry ny matwast tabqy ka safaya krna apko markazi banking cop27 digital currency system ky tehat lany k bary mai baat ki,FAKE
629,video mai arizona ky belt arizona mai tehweel ki zanjeer ko torty huwe dikhaya gya hai,FAKE
630,the view ki sunny hostin ny voter fraud ka iteraf,FAKE
631,bachon mai sans ky syncytial virus mai izafa corona virus vaccine sy munslik hai,FAKE
632,"santa clara county, california, ravine sy baramad mai hony waly belts is baat ka sabut hain keh baiyen dhoka kis trha jeetti hain",FAKE
633,world health organization ky director general ny tasdeeq ki keh kuch mumalik bachon ko marny ky liye booster istemal kr rahy hain,FAKE
634,video middle east and africa sy any waly tarkeen e watan ky zarye spain mai dakaiton mai haliya izafy ka sabut hai,FAKE
635,sadar joe biden ny kaha mai janta huwa keh ap sab janty hain keh ab o hawa ka koi masla nhi hai yeh sabit krty huwe keh log mosmiyati tabdeli ky bary mai kai dahaiyon sy jhut bol rahy hain,FAKE
636,republican voting ki umer 28 saal tak barhana chahty hain,FAKE
637,biden child porn shock ki surkhi thi australia mai safa e awal ki khabar,FAKE
638,keh voter fraud ka sabut ka keh 20 lakh voton ki ginti mai kuch riyaston ky din lgty hain jab keh florida ky nataij election ki raat dasteyab thy,FAKE
639,nevada mai ak live stream ka nakam hona blue riyaston ky intekhabaat chori krny ky tareeqon mai sy ak hai,FAKE
640,footage mai dikhaya gya hai keh Dallas Poll Books dhokadahi sy senkron voters ko haqeeqi waqt mai shamil kr rahi hain kyun keh poll band ho raha tha,FAKE
641,FTX ki CEO SEC ky chairman ki beti hai,FAKE
642,ukraine ki madad ky liye bhejy gaye american tax dollars ko crytocurrency firm FTX ny midterm mai democrats ki madad ky liye wapis launder tha,FAKE
643,iran ny 15000 muzahiren ko moat ki saza sunai,FAKE
644,vaccination muhim ky posters mai nazar any waly 4 sala bachy ki moat ka taluq vaccine sy hai,FAKE
645,ham ny 24 ghanty intezar aur Maricopa County mai 62 hazar vote hasil kiye,FAKE
646,maggie hassan ny 700 sy kam abadi waly shehar sy 1100 vote hasil kiye,FAKE
647,newyork ny intekhabi nataij ka naqsha fraud ka sabut hai,FAKE
648,baksar mai boht sy intekhabat 0% hadud ki reporting k sath bulaye ja rahy hain mujhe bary fraud ki ho aa rahi  hai,FAKE
649,"jab 36% vote thy, Pennsylvaniaky governary ky umeedwar Josh Shapiro ky pas 370,706 vote aur 56.6% vote thy jab keh Doug Mastriano ky pas 844,669 aur 41.6% thy",FAKE
650,tasweer mai arizona governory ky umeedwar aur secratory of state katie hobbs ko is kamry mai dikhaya gya hai jahan maricopa county mai ballot gin rahy thy,FAKE
651,arizona new jersy aur taxas mai voting mai kharabiyan is baat ka sabut hain keh intekhabat mai dhandli hui hai,FAKE
652,governor ky tor par apny intekhab mai ham ny asy shehar jeety jo kabhi kisi republican ny nhi jeety thy,FAKE
653,tasveer sy pta chalta hai keh Detroit mai Legal Deadline ky baad raat gaye karkun mushtabah belt sy bhari van ko muntaqil kr rahy hain,FAKE
654,ak belt par murda admi is baat ka sabut hai keh democratics ny intekhabat mai dhokha dia,FAKE
655,ak video mai dikhaya gya hai keh 2020 ky sadarti intekhabat ky doran ak whistle blower jali foji belt bna raha hai,FAKE
656,illinois mai zati tor par voting ky liye belt par koi sharpies nhi ki ijazat hai,FAKE
657,video mai dikhaya gya hai keh newyork ki ak naqas voting machine ny governor ki dor mai GPO vote ko batil kr dia,FAKE
658,yeh dhokadahi ki alamat hai keh america ki 244 counties mai wahan vote dalny ky qanoni tor par ehal afrad sy zyada registered voters hain,FAKE
659,maricopa county arizona mai electronic  voting machinon ny logon ko vote dalny ki ijazti nhi di,FAKE
660,John Fetterman intekhabaat ko dhokha deny aur chori krny ky haq ky liye muqadma kr rahy hain,FAKE
661,Detroit mai log sirf yeh btany ky liye vote dalny ky liye aa rahy hain mazrat ap pehly hi vote dy chuky hain,FAKE
662,tasweer sy pta chalta hai keh riyast ky new maxico ky secretary ny taqreeban 2 million ki abadi wali riyasat mai 17 million sy zyada registered voters ki ginti ki,FAKE
663,bachon ky liye corona virus vaccine nah sirf beasr ho rahi hai balky yeh khatarnak bhi sabit ho rahi hai,FAKE
664,"maricoya, arizona, polling sites par box number 3 mai rakhy gaye belt ky liye hifazat ka koi silsila nhi hai",FAKE
665,video sy pta chalta hai keh GOP voters ny aam intekhabaat mai rasai sy inkar kr dia,FAKE
666,Madam Tussauds Museum sy ap ki wax mujasma hata di gai lekin adolf hitler ki ak mujasma baqi reh gai,FAKE
667,intekhabat ky nataij mai takheer dhandli ka muh bolta sabut hai,FAKE
668,tajvez krta hai keh chunkeh zyada tar democrates jaldi vote dety hain phir yeh made up belt ya murda logon ki voting ki numaindgi krta hai,FAKE
669,wo dobara election mai dhandli krny ki koshish kr rahy hain soros ki funding wali voting machines par bharosa na kren,FAKE
670,joe biden aur new lift yahan tak keh nau umeron aur naujawanon baligon ki surgery ko farog dety hain chati aur jinsi aaza ko hataty hain,FAKE
671,gaye charaaty huwe is tasver mai koi green house gases ka ikhraj nhi hai,FAKE
672,united states of america thanks giving week k Monday tak disel fuel khatam hony wala hai,FAKE
673,kamala harrisny kaha aafaat ki indad pehly ghair safaidfam  shehriyon tak pohanchni chahiye,FAKE
674,"tasver mai stanford ky scientists ka 3d model dikhaya gya hai keh joseph, mariam k shohar, jesus christ ki maa, kesa dikh skta hai",FAKE
675,brazil ky sadarti intekhabaat chori hogaye,FAKE
676,sabiq sadar jimmy carter ny kaha keh ballot mai mail ko kabhi istemal na kren kyunkeh wo itni asani sy kharab ho skty hain,FAKE
677,FIB ny paul pelosi par hamly ki tehqiqat isliye sambhal lin kyunkeh san francisco ky hukam nancy pelosi ki baton par qaim nhi thy,FAKE
678,brazil ky sadar Jair Bolsonaro ak press conference kren gy takeh mutanazia intekhabat ky foji audit ka ilan kren mujrim judges ko arrest kr skty hain,FAKE
679,two third ehal voters vote nhi dety,FAKE
680,"tony evers 9,000 aur 10,000 ky darmiyan mazeed qaidiyon ko chorna chahty hain Wisconsin",FAKE
681,biden aur democrates ny sarhadi hifazat ko khatam kr dia hai,FAKE
682,writers ny itela di hai keh nancy pelosi ny bhang ky stock ky 10 million shares khareedy,FAKE
683,media ny 5 tiktok dance jo ap ukraine ko russia sy larny mai madad krny ky liye kr skty hain par report,FAKE
684,freedom of information act ki darkhwasten 6 january sy ak hafta pehly ray epps ky cell phone aur speaker pelosi ky daftar ky darmiyan darjan bhar phone calls dikhati hain,FAKE
685,"pennsylvania mai 240,000 ghair tasdeeq shuda ballots pehly hi bhejy ja chuky hain ye ak mukamal garbar hai democrates dobara game khel rahy hain",FAKE
686,australian hukaamgaye ko mRNA vaccine dy rahy hain,FAKE
687,JD vance ny paul pelosi par hamly ky bary mai kuch nhi kaha,FAKE
688,paul pelosi hamly sy 911 call ki leak audio tape manzar e aam par ai hai call sabit krti hai keh libral media ny jhut bola hai keh waqia huwa hai,FAKE
689,"katty hobbs ny kaha keh talib ilmon ko wafadari ky ehad, law, Mayflower compact aur azadi ky elan ko seekhny sy rokny ky liye jadojehad ki",FAKE
690,julie powell ka inteqal corona vaccine sy huwa,FAKE
691,paypal ny apni policy ko bahal kr dia hai keh agar wo galt malumat phelaty hain to sarifeen ko un ky accounts sy $2500 ka baraherast jurmana jaye ga,FAKE
692,palestine panah guzenon ky liye american funding agency hamas ki nhi,FAKE
693,agar tajveez 3 pass ho jati hai to yeh bachon ko walidain ki razamandi ky bagair tabdeli ki therapy sy guzarny ki ijazat dy gi,FAKE
694,mai police sarbrahan ki khidmaat hasil krny aur bartaraf krny mai mulavis nhi hun,FAKE
695,dastavez sy pta chalta hai keh rebekah jones ny florida ky whistle blower act ki khilaf warzi ka muzahira,FAKE
696,ak tasver mai david depape ko 6 january ko capital hamly ki filmbandi krty dikhaya gya hai,FAKE
697,california state ky Senator Scott Weiner sirf California ky bachon ko nasbandi nhi krna chahty balky har jagha bachon ki nasbandi chahty hain,FAKE
698,"hijab girl muskan ka nhi huwa inteqal, farzi post ho rahi viral",FAKE
699,pelosis apny ghar ki nigrani ki video ko tabdeel krny sy inqar kr rahy hain,FAKE
700,video mai dikhaya gya hai keh Marjorie Taylor Greeneny 5 janurary 2021 ko republican aur democratic party ky head quarter mai pipe bomb nasb kiye thy,FAKE
701,video dikhata hai foji robot tyar hain,FAKE
702,senate aur house mai tamam democrates ny sirf do mah qabal medicare mai sy 280 billion dollar ki katoti ky haq mai vote dia tha,FAKE
703,kim Reynolds nahi sochty keh naurses educated hain,FAKE
704,arizona ki Secretary of State Katie Hobbs ny republicans ko 6000 galt ballot bhejy,FAKE
705,mcdonalds aloo istemal krta hai jisy monitor mani intehai zehrely kery maar dawa sy spray jata hai,FAKE
706,facebook ny apna naam tabdel kyunkeh ye ak murda idara hai jis ky asasy zabt kiye gaye thy,FAKE
707,gas ki qeemat jab mane uhdah sambhala to $5 sy neechy hai,FAKE
708,"esa nhi hai keh election chori hony ka koi sabut nhi hai, lekin yeh keh kisi adalat mai sabut sunany ki himmat nhi thi unhon ny muqadamat ko mustrid kr dia sabuton ko nhi",FAKE
709,ex president donald trump ny 27 october ko ak bayan jari jis mai kaha gya tha keh unhen btaya gya hai keh un ka twitter account Monday ko backup aur chal jaye ga,FAKE
710,documentary film 2000 mules sabit krti hai democrates ny 2020 ky intekhabat mai dhokha dia,FAKE
711,ibtedai voting par connecticut belt pehl baaz belt sy tasdeeq shuda mohar ki zarorat ko hata dy gi,FAKE
712,DJ mighty mouse ki moat corona virus boster vaccine ki waja sy hui,FAKE
713,tasver mai ak shakhs ko dikahya gya hai jisny apni beti ky rape krny waly ko tashadud ka nishana bnaya ,FAKE
714,PCR test dimag mai luciferase dalny ky liye istemal hoty hain,FAKE
715,senate ka mujaviza bill FDA ko ghizai supplement ki manzuri aur jari butiyon par pabandi ka ikhteyar dy ga,FAKE
716,tasver mai dikhaya gya hai keh russian foji ukrainei larki ky sath apni insani trophy ka jashan mana rahy hain,FAKE
717,corona virus vaccine ki wja sy ak haliya show ky doran ketty perry ki ankh band ho gai,FAKE
718,ukraine ky pas ak atomic bomb hai jo mikolaev mai bnaya gya hai,FAKE
719,colorado mai har voter ko ballot illegaly bhejy jaty hain,FAKE
720,Bill & Melinda Gates Foundation ny jabirana society ki traf tabdeli ky hissy ky tor par digital ids ky liye $200 million ka wada,FAKE
721,ak video mai dikhaya gya hai keh nuremberg 2.0 mai insaniyat ky khilaf crimes ka trail january 2023 sy shuru ho raha hai,FAKE
722,cherry beasley 2020 mai hamari riyasat aur pury mulk mai fasadaat ki hosla afzai kr rahy thy,FAKE
723,tulba ky qarz ki mafi manzur hogai mai ne usy ak ya do voton sy pas kraya aur yeh asar main hai,FAKE
724,video mai uganda mai chaata bardaron ko girty huwe dikhaya gya hai,FAKE
725,wikileaks ny registan nevada mai filmaye gaye moon landing cut manazir ko jari,FAKE
726,"nancy pelosi kharidi amgen ky 10,000 hissas nplate ky manufacturer taabkari ki bemari ky ilaj ky liye istemal hony wali dawa",FAKE
727,jab electric cars hadsaat ka shikar hoti hain to wo phaat jati hain lithium batteries ki waja sy wo boht buri trha sy agg pakarti hain,FAKE
728,environmental change ky experts ky liye un ki ak bhi prediction kabhi puri nhi hui,FAKE
729,khnaaq ki vaccine ak zehar ka dart hai jis ky zimni asraat khnaaq ki alamaat sy bhi badtar hain,FAKE
730,body builder corona virus vaccine sy maar gya,FAKE
731,cnn ki ak surkhi mai uganda ky sadar ko yeh kehty huwe dikhaya gya hai keh wo ukraine ki himayat nhi krty kyun keh yeh nagawar hoga,FAKE
732,tajvez krta hai keh ak immigrant jis pear ak bachy k sath jinsi zyadati ka ilzam lgya gya hai wo biden intezamiya ky doran ghair qanuni tor par america mai dakhil huwa,FAKE
733,mulk mai ghair qanuni tor par tarkeen e watan ky sath sabiq fojiyon sy behtr salooq kia jata hai,FAKE
734,Volodymyr Zelensky ny apny naam aur swastika ky sath ak football jersey pakry huwe tasver khinchwai thi,FAKE
735,colloidal silver ky liye ap ko neela krna namumkin hai,FAKE
736,International Monetary Fund ky rukan mumalik ky lakhon logon ko corona virus camps mai rakhy jany ka khatra hai,FAKE
737,2017 ky los vegas mai bary pemany par shooting krny waly 2 shooter thy,FAKE
738,hattey ky singer mikaben ka inteqal corona virus vaccine ki wja sy huwa,FAKE
739,19 october ko donald trump ny tweet ap ka shukriya elon musk mai wapis agya hun,FAKE
740,video mai dikhaya gya hai keh california apny hi jungle mai agg lgata hai aur inhen climate change ky impacts k tor par dikhata hai,FAKE
741,ak antivaccine karkun ny us ky qatal sy ak din pehly us ky khilaf istemal hony waly darany dhamkany waly hathkandun ki dastaveez ki,FAKE
742,video mai dikhaya gya hai keh doctor anthoney fauci yeh tasleem krty huwe keh wo wabai amraaz ky doran ghair zarori tor par mask lgany par americans ko nakam bna,FAKE
743,california vote dalny ky liye ghair shehriyon ko registered kr raha hai aur is ny fedral election integrity program ky sath taawun krny sy inkar kr dia hai,FAKE
744,Fentanyl tajves krta hai Derek Chauvin ny nahi George Floyd ko mara,FAKE
745,kamala harris ny kaha hamen tasleem krna  hoga keh gas zyada hai jo kam ky baraks hai,FAKE
746,denmark mai 50 saal sy kam umer logon mai ab covid vaccine mamnu hai,FAKE
747,january 2021 ko chik schumer aur nancy pelosi ko chupty huwe video footage mai dikhaya gya hai keh us 6 capital hamla ak setup tha,FAKE
748,corona virus vaccines aur 50 saal sy kam umer ky baligon mai cancer mai izafy ky darmiyan ak itefaqi taluq hai,FAKE
749,"kid rock ny post Zelensky ny abhi apny walideain ko 8,000,000 dollar ka villa kharida hai jis mai namkeen pani ky talaab aur 3 brand new cars hain",FAKE
750,steel ky hukaam silsilawar qatal ky silsily ki tehqiqat kr rahy hain,FAKE
751,Mistros de Defensa de OTAN ka faisla prevenir ataque de Putin ny hamla awar ko russia ky liye,FAKE
752,electronic registeration information center ak esa nizam hai jisy george soros ny mali aaanat faraham ki hai,FAKE
753,agar kachy poultry ka mohr band bag puffy nazar ata hai to is ka matlab hai keh protien istemal krny ky liye mehfuz nhi hai,FAKE
754,video mai venezuela mai goliyan chalti dikhai dy rahi hain,FAKE
755,trump police k hathon apny bister sy utha,FAKE
756,pfizer exectutive ny etraf vaccine ka transmission rokny ky liye kabhi tajurba nhi gya,FAKE
757,kabal az waqt paida hony waly bachon ko hifazati tikon sy chot lgny ka khatra mukamal mudaat ky bachon ky mukably mai boht zyada hota hai,FAKE
758,ye clip darasal ak video game sy computer ky zariye tayar krda tasveron ko dikhata hai,FAKE
759,ye clip ukraine mai russian missiles ko nhi dikhata hai ye ak video game sy lia gya hai,FAKE
760,ye malala yousfzai ki pakistani cricket player faisal iqbal ky sath tasveer hai,FAKE
761,ye video 2017 ka mazahiya khaka hai jis mai ak actor ny oval office ky set par tor phor ki,FAKE
762,rajasthan mai nurses ny kam salary ky sabab dia tha resign jumatiyon ky naam sy viral kia ja post farz,FAKE
763,rajev gandhi ky hath mai digital camera nhi balky vhs camcard hai,FAKE
764,rafael mamla mai narindra modi par case darj hony ki khabar jhuti hai,FAKE
765,rahul gandhi sy milany ky liye mazduron ko laye jany ka dawa farzi mulaqat ky baad gariyon sy ghar pohanchaye gaye mazdur,FAKE
766,tayyip erdoğan ki nato ijlas mai sadar joe biden sy hui mulaqat ki tasver ko kia ja raha galt dawa ky sath viral,FAKE
767,world health organization ky naam sy viral ho raha job alert farzi hai,FAKE
768,imran khan aur kalbhushan yadev ki ye tasweer edited hai farzi dawa ho raha social media par viral,FAKE
769,glaciers ka mutaliya gumrahkun tareeqy sy samundar ki sateh mai izafy ky khatry ko kaam krny ky liye kia jata hai,FAKE
770,afghan sadar ky ak clip mai ak photographer ko shamil krny ky liye is video ko edit kia gya hai,FAKE
771,pakistan mai do shadiyon ky laazmi qanon ky bary mai tanziya dawa dobara samny aya hai,FAKE
772,hamas ky jangju ky bary mai malaysia ky purny akhbaar ky safah awal par gumrahkun posts share ki gain,FAKE
773,taiwan ky siyasatdan ny taiwan ko tabah krny ky mansuby ky bary mai american radio maizban ky tanziya tweet ko jhuta share kia,FAKE
774,ghair qanoni srilanka ki chandni ki tanziya tasaweer ko facebook par haqeeqi products ky tor par galt tareeqy sy paish kia gya,FAKE
775,george w bush ko phone ky galt siry par baat krty huwe tasveer khenchi gai,FAKE
776,corona virus vaccine ny jj watt ki atrial fibrillation,FAKE
777,2018 ky interview sy pta chalta hai keh bill gates ny clean energy par apni position badal li hai,FAKE
778,video mai rand paul ko nancy pelosi sy kehty huwe dikhaya gya hai keh wo ak ghadar hai,FAKE
779,1956 ki ak video ny corona virus ky bary mai khabardar tha,FAKE
780,samundri tufan ky aghaz ky doran florida ky school ab bhi khuly thy,FAKE
781,joe biden ny jill biden ky bary mai kaha wo 12 saal ki thi mai 30 saal ka tha,FAKE
782,kamala harris ny samundri tufan ian ky bary mai kaha keh agar ap ki jild ka rung mukhtalif hai to ap ko tezi sy rahat mily gi,FAKE
783,"ak Stockton, California council ky rukan ny kaha keh stockton mai ak serial killer hai",FAKE
784,ohio mai deyohekal insani Caucasian kankal mojud hain jo kisi bhi maruf tehzeeb sy pehly hain,FAKE
785,cdc ka kehna hai keh 60% americans mai parjevi hain,FAKE
786,sadar joe biden ny ak nabalig k sath namunassib taluqat ka iteraf,FAKE
787,russian army ny donetsk mai hathyar daal diye hain,FAKE
788,america mai ab ak hukumat hai jo sarhadi agents ko muhlik taqat ky istemal sy mana krti hai lekin 1RS agents ko qanon ki pasdari krny waly shehriyon par SWAT team ki hikmat e amli istemal krny ki tarbeyat dy rahi hai,FAKE
789,ron johnson ny qanoon nafiz krny waly idaaron ky liye funding ky khilaf vote dia hai aur hal hi mai naye afsaran ki bharti aur tarbeyat ky mansuby ki mukhalfat ki hai,FAKE
790,iran mai haliya muzahiron ky doran halak hony ky baad baap ny apni beti ki qabar par raqs,FAKE
791,north korea ny ukraine jung ky liye ak lakh sy zyada foji russia bhejy,FAKE
792,San Rafael Warnock ny biden ky sath medicare ky expences mai kami ky liye vote dia,FAKE
793,samundri tufan ka haqeeqi mani ya her-ricane us african aurat ki rooh hai jisy chori gya hai,FAKE
794,vladimir putin jung sy bhag rahy hain,FAKE
795,pelosi ka penal penal trump ko giraftar krny ky liye tayar hai,FAKE
796,footage NASA ny DART khalai jahaz sy apny ap ko ak asteroid sy takra jany sy pehly share tha haqeeqi nhi hai,FAKE
797,BLA ki baghawat ky darmiyan china ky sadar shi ghar mai nazarband,FAKE
798,video mai dikhaya gya hai keh 2022 ky qomi intekhabat ky baad italians ny european union ka jhanda utar kr us ki jgha italian parcham lga dia,FAKE
799,jesy hi samundri toofan ian qareeb aya sadar joe biden ny kaha samundri tufan ky mosam ki tayari ka ak aham hissa abhi vaccine lgana hai,FAKE
800,ak news anchor ny khabardar keh agar samundri tofan ian magrib ki traf 20 mile agy barhta hai ap aur ap ki janany waly sabhi mar jayen gy,FAKE
801,britain mai charles ny fori tori par william ko takht sonp dia,FAKE
802,joe biden ny elton john ko aids ka zimedar thehraya,FAKE
803,ratan tata ny nhi dia mukesh ambani ko ly kr yeh bayan farzi post hui viral,FAKE
804,rickshaw driver ki beti nhi hain ye khatoon inspector emotional story fake hai,FAKE
805,rohingya refugees ky naam sy viral kia ja raha dawa aur tasaver dono hi farzi hain,FAKE
806,russia ky nafsiyati clinic ki nhi balky ak show sy li gai yeh viral tasver,FAKE
807,ronaldo ny ki thi dubai aur wahan ky logon ki tareef islam sy jor kr farzi dawa viral,FAKE
808,rohingya refugees ki purani picture fake claim ky sath hui viral,FAKE
809,diamonds sy dhaky emirates ky airplane ki pictures pakistani artist ny digital tor par bnanai hain,FAKE
810,gaza mai naya saal ky din ki hartaal purani afp tasver ky sath gumrahkun hai,FAKE
811,zakhmi bachi ki yeh tasver haal mai kabul airport par huwe hamla ky baad ki nhi balky 2011 ki hai,FAKE
812,former prime minister manmohan singh ki fake picture galat claim ky sath ho rahi viral,FAKE
813,saal 2019 mai mamta banerjee sy milny gaye shahrukh khan ki tasver ko kia ja raha current elections results sy jor kr viral,FAKE
814,martha ky vineyard ny apny island sy har akhri illegal immegrant ko mulkbadar krny ky liye army ka istemal,FAKE
815,nostradamus ny queen elizabeth ii ky inteqal ki durust paishan goi ki thi,FAKE
816,nancy pelosi yerevan mai Tsitsernakaberd Armenian Genocide Memorial Complex mai taqreban hans parin,FAKE
817,tasweer mai queen elizabeth aur prince charles ethopia ky king hail selassie I ky samny jhukty huwe dikhaty hain,FAKE
818,supreme court ny abhi condom par pabandi lgany ka vote dia hai,FAKE
819,tamam banks ko jald hi tamam coins federal government ky hawaly krny hongy is sy pehly keh wo sirf electronic lain dyn ka istemal kren,FAKE
820,ak royal guard member corona virus vaccine ki waja sy gir gya,FAKE
821,tasweer mai queen elizabeth ii car oil check kr rahi hain,FAKE
822,trump ky wukla ny ak hi waqt mai is par chor dia,FAKE
823,ohio SNAP fawaid ky liye qualify krny ky liye ab 3 afrad ka khandan ak mah mai $3660 tak kama skta hai aur yeh $2700 huwa krta tha isliye yeh taqreeban $1000 mahana barh gya hai,FAKE
824,9/11 par cnn ki ak report sy sabit keh airplane pentagon sy kabhi nhi takraya,FAKE
825,FBI ny tasdeeq ki keh ashley biden ny kaha keh us ky walid ny us ky sath badtamizi ki,FAKE
826,"pop, xi aur putin sabhi world events ki planing ky liye milty hain",FAKE
827,"illinois ky naye qanon ky tehat yeh jaraim naqabil e giraftar hain: chori, daketi, atish zani, ighwah, DUI cimes, yahan tak keh DUI jis mai halakat zyada tar manshiyat ky crimes aur yahan tak keh dusry darjy ka qatal bhi shamil hai",FAKE
828,trump ky ilawa sab ko shahi janazy mai madu gya,FAKE
829,tasvir sy pta chalta hai keh queen elizabethii ek luciferin thin,FAKE
830,nancy pelosi congress sy mustafi hony wali hain kyun keh trump ny us ky khilaf moakhzy ka muqadma dair hai,FAKE
831,donald trump ny kaha keh mai ny kabhi kisi ko nhi btaya lekin us ny mujhe niji tor par night,FAKE
832,"grand rapids, michigan mai 2020 mai hony waly muzahiron ky baad Democratic U.S. House candidate Hillary Hillary Schulten ny tabahi ko mustrid aur fasadiyon ki tareef ki",FAKE
833,joe biden ny white house mai ak shetan parast muqarar,FAKE
834,joe biden ny pop francis ko america mai famous african american baseball player qarar dia,FAKE
835,9/11 ky bary mai kehta hai 2 tyary khali waqt mai teen amarton ko girany ka sabab nhi bn skty,FAKE
836,tasvir mai dikhaya gya hai keh queen elizabeth ii ny barak obama ki traf sy dia huwa brooch pehn kr donald trump sy mulaqat ki,FAKE
837,taswir mai dikhaya gya hai keh queen elizabeth ii ko african reporter ak darya ky paar ly jary hain,FAKE
838,bbc ky ak radio station ny queen elizabeth ii ky inteqal ky elan ky baad raqs e moseeqi dobarah shuru kr dia,FAKE
839,video mai queen elizabeth ii africans ko chickens ki trha khana khilaty huwe dikhaya gya hai,FAKE
840,fedral government ehal ghar malikan ko muft solar panel ki tanseeb aur $8500 ky maraati check faraham kr rahi hai,FAKE
841,astronaut Karen Nyberg ny green screen ky samny jo qias tor par space sy ak video tha ko filmaya,FAKE
842,sadar joe biden ka kehna hai keh haal hi mai kaha gya hai keh Wisconsin ky 48.8 fisad voters democracy ky liye khatrah hain,FAKE
843,video mai dikhaya gya hai keh hillary clinton ek shetani rasam mai khaalai firqy ky rehnuma ka libas pehny huwe haun,FAKE
844,russia ny ukraine par apny hamly mai kuch nhi khoya,FAKE
845,video sy pta chalta hai keh joe biden ki haliya taqreer ky doran marines mojud nhi thy,FAKE
846,russian army ukraine sy nikal rahi hai september 2022 mai,FAKE
847,yahan nevada mai DMV sab ko register krta hai vote dalny ky liye aur iska matlab illegal hai wo check nhi krty,FAKE
848,executive order 14067 fedral government ko apny paisy ko on aur off krny ki ijazat dy ga,FAKE
849,malka elizabeth ka inteqal corona virus vaccine ki wja sy huwa,FAKE
850,america aur elon musk ny ukraine ki madad ky liye naye hypersonic jet ka inkeshaf,FAKE
851,sehat ki qomi idary corona virus ky amzur shuda ilaj ki fehrist mai ivermectin shamil krty hain,FAKE
852,wallmart intezamiya $2 mai $500 grocery cards ky sath barhti hui qeematon mai madad kr rahi hai,FAKE
853,bank of america ny pehli bar ghar khareedny walon ky liye ak new mortgage home loan program ka elan lekin sirf siyahfam aur spainish hi eligible hongy,FAKE
854,Mandela Barnes ka kehna hai keh sehat ki dekh bhal ko lakhon logon sy dur krny ki himayat krta hai,FAKE
855,pani sy chalny wali car 22 gallon par LA sy NY tak safar kr skti hai,FAKE
856,public health order title 42 hai hamary mulk mai aany waly illegal immegrants ky zabardast selab ko rokny ky liye border gasht ka akhri tola hai,FAKE
857,dastavezaat sy sabit hota hai keh white house pury FBI ko trump ko nishana bnany ky pichy hai biden ny jhut bola ,FAKE
858,IRS police ky logon ky liye 87000 naye agents ki khudmat hasil kr raha hai jo apny tulba ky qarzy maaf kr deny ky baad zyada fedral tax ada kren gy,FAKE
859,fox news ny qanuni jhut bolny ka haq talash,FAKE
860,UK Pfizer-BioNTech ab hamla khawateen ky liye mRNA corona virus vaccine ki sifarish nhi kr raha hai,FAKE
861,fedral election commission ky paas ak ghair wazeh fileing sy pta chalta hai keh biden ny bazabta tor par ak aur mudat ky liye apni boli ka ilan hai,FAKE
862,starbucks ny abhi ilan hai keh wo cash less ka rahy hain,FAKE
863,tulba ky qarz sy nijat internal revenue service ky zarye qabil  e tax hai,FAKE
864,instagram ky price location feature ko mujrim mutasireen ko nishana bnany ky liye istemal kr skty hain,FAKE
865,foji ko ghurti young lady ki ye tasweer palestine ki nhi balky 2016 ki chilli country ki hai,FAKE
866,fifa worldcup 2022 ki iftetahi taqreeb ki viral video digitally bnai gai hai,FAKE
867,qabailiyon ki zameen par namaz ky liye qabzy wali khabar fake hai,FAKE
868,quran ki ayaten parhaty huwe nazar araha shakhs nhi hai footballer christiano ronaldo ham shakal ka video farzi dawa ky sath viral,FAKE
869,quran ki tilawat wala yeh video fifa worldcup ka nhi hai 2021 ka video gumrahkun hawaly sy viral,FAKE
870,kajol ky bageshwar dham jany ko ly kr viral ho raha dawa farzi hai,FAKE
871,kata sar ly kr thany pohancha nujawan chennai ky naam par viral ho raha karnatak ka video,FAKE
872,kachry ky truck ka yeh video karnatak ka nhi balky turkiye ka hai,FAKE
873,karachi ky nuclear power plant mai dhamaka ka dawa farzi grid station mai lgi agg ka video viral,FAKE
874,cricket stadium mai qabil etraz harkat krta shakhs pakistani nhi hindustani hai,FAKE
875,cricketer irfan pathan ka viral video shaheen bagh ka nhi balky kolkata road show ka hai,FAKE
876,karnatak ki purani tasver ko lockdown ki waja sy ki gai khudkushi bta kr kia ja raha viral,FAKE
877,kashmir ky zakhmi bachy ky naam sy viral hui tasver lebonon ki ashura ky roz ki hai,FAKE
878,lalu yadev ka purana photo fake claim ky sath viral ho raha hai,FAKE
879,lebonon ky yom e ashura ky matam ki tasveer kashmir ky naam sy hui viral,FAKE
880,madhya pradesh mai evm pakry jany ki khabar farzi sabit hui,FAKE
881,morocco ka 2015 ki video hijab mutanaziya ky baad huwa hindustan ka btaty huwe viral,FAKE
882,congress ny sirf apny zati maliyaat ky IRS auditing sy khud ko mustasna qarar deny ky liye vote dia,FAKE
883,video ka dawa hai keh google street view antarctica ko sabz podon aur eynton ki amarat ky sath dikhata hai,FAKE
884,muft health allowance baghair kisi qeemat ky dastiyab hai,FAKE
885,1957 sy pehly paida hony waly logon ko apny social security check mai $1728 ka izafa ja raha hai,FAKE
886,american climate states ka 96% kharab hai,FAKE
887,afrat e zar mai kami ky qanon ny 65 saal sy kam umar ky americans ky liye muft health insurance ko barha dia,FAKE
888,corona virus vaccine sehat ky masail ky liye zimedar hain jo haliya khabron mai numayan hain,FAKE
889,Tulsi Gabbard Venmos Nancy Pelosi $600.01 IRS ko pelosi ky maliyat ka audit krny pe majbur kar rahi hai,FAKE
890,video mai steve bannon ko roty huwe dikhaya gya hai trump jail jany wala hai,FAKE
891,tasvir ak IRS agent ki tarbeyati class dikhati hai,FAKE
892,amazon ak promotion chala raha hai aur sirf $1 mai betarteeb package dy raha hai,FAKE
893,video mai Mitch McConnell ko dikhaya gya hai keh nancy pelosi ko jail mai daal dia jana chahiye,FAKE
894,video mai ted cruze us waqt bharak uthy jab FBI ky director ny Mar-a-Lago chapy par biden ka difa krny ki koshish ki,FAKE
895,video mai dikhaya gya hai keh ex president barak obama awam ko gumhrah krny ka tareeqa bta rahy hain,FAKE
896,leak hony waly paighamat sabiq sadar barak obama aur judge Reinhart ky darmiyan sabiq trump ki Mar-a-Lago state par illegal chapy ki paishgoi ki gai thi,FAKE
897,Congressional Budget Office ka kehna hai keh new IRS agents sy hasil hony wali aamdani ka 90% $200000 sy kam kamany waly logon sy aye ga aur paida hony wali amdani $300 sy zyada billion hogi,FAKE
898,new york shehar ky nalky ky pani mai polio hai,FAKE
899,numaindaye adam kinznger ny 2020 ky sadarti intekhabat mai trump ki jeet ki iteraf,FAKE
900,Anne Heche ko illuminati ny isliye qatal kr dia tha kyun keh wo jeffrey Epstein ky bary mai ak film par kam kr rahi thin,FAKE
901,writers ny itela di hai keh white house ky mulazim Andrew Bates ny ek haliya tweet mai nazi alamat ka istemal,FAKE
902,"corona virus vaccine ki wja sy ak ashton kutchers basarat, samaat aur chalny ki salahiyat sy mehrum hogai",FAKE
903,south carolina mai wallmart mai store ki khali shelfs gosht ki kami ki waja sy thin,FAKE
904,atlanta ky pani mai unhun ny monkey pox daal dia,FAKE
905,donald trump junior ny tweet jabkeh mery walid apny taqreeban tamam hamiyon sy pyar krty hain barahekaram sadar trump ki himayat ky liye mar-a-lago na layen hamary pas boht sy aham logo clip ky zarye aty hain aur isy saaf rakhny ki zarorat hai,FAKE
906,video mai dikhaya gya hai keh Ron DeSantis Sean Hannity ky sath behas kr rahy hain,FAKE
907,bill gates aur AOC cow car sy zyada alodgi kharij krti hai,FAKE
908,Brian Kemp khawateen ko isqaat e hamal ki tehqiqat aur saza dena chahta hai,FAKE
909,Boston Children's Hospital ab nujawan larkiyon ky liye jinsi tasdeeq krny waly hysterectomies paish kr raha hai,FAKE
910,humkumat IRS ko musalah kr rahi hai kyun keh joe biden tax barha raha hai aur americans ko ghair musalah kr raha hai,FAKE
911,ak tasver Ghislaine Maxwell aur bruce Reinhart ko dikhati hai,FAKE
912,pennsylvania ny 1823148 mail in ballot bhejy unhen 2589242 wapis mily,FAKE
913,california mai electric cars payedar nhi hain kyunkeh un ki sirf 10% batteries recycle hain riyast unhen recycle nhi kr skti,FAKE
914,Argent Chain Los Angeles and Baja California ky hamly ki tasdeeq krta hai prepararon 1000 tabahkun,FAKE
915,ex president donald trump ny 6 january 2021 ko capital ky irdgird fojen talab kin taky yeh yaqeeni bnaya ja sky keh har koi mehfuz hai lekin democrates ny issy mustrid kr dia,FAKE
916,video mai dikhaya gay hai keh clark county poll worker ghair qanuni tor par logon sy apny ballot ko drop box ky bahir ak bag mai rakhny ky liye keh kr kaam kr raha hai,FAKE
917,tasver mai electric cars dikhai deti hain jo france mai sarkari mulazmeen ky liye khareedi gai thin aur phir tarq kr di gain kyun keh batteries ko change krna boht expensive tha,FAKE
918,ted cruz ny hunter ky laptop sy hasil kardah nai datavez ko leak jis mai nancy pelosi ko shamil gya hai,FAKE
919,fori tor par china tyar hai united nation ky atomic weapons ky liye tayar hai new york Ann Alert Rosa,FAKE
920,tasweer 5 august 2022 ko Wisconsin mai trump ki rally mai bary paimany par hajum ko dikhati hai,FAKE
921,roe bamuqabla weed ko ulatna supreme court ki traf sy illegal iqdam tha,FAKE
922,azeem jheelon mai bull shark ki dastavez mojud hain,FAKE
923,senate democrates ka mafahmati bill medicare sy 300 billion dollar chen ly ga,FAKE
924,biden ghair qanuni shanakhti card dena chahta hai taky wo american advantage jama krna shuru kr sken,FAKE
925,tajvez krta hai hai keh jar ki nehren breast cancer sy linked hain,FAKE
926,$846.3 million mega millions jackpost jeetny par IRS ko mubarkbad,FAKE
927,CDC ny monkey pox ko herpes ki hawa sy paida hony wali shaqal ky tor par darjahbandi hai jo falij ka bais bn skta hai,FAKE
928,earpod basically ap ky brain ko microwave kr rahy hain,FAKE
929,kisi b trha sy shaqal ya shaqal mane hamal tak mehdud ya mehdud hony ka khatrah nhi hai,FAKE
930,nancy pelosi aur democrates hr 1808 ky sath raton raaton raat 150 million americans ko mujrimon mai tableel krna chahty hain,FAKE
931,artificial cyanide par based b12 ap ky bachon ky vitamins mai zehrila juz hai,FAKE
932,carbovegetables homeopathy medicine medical oxygen ka alternative nhi hoskti viral post gumrahkun hai,FAKE
933,pradhan mantri jin aushadi kendras par remdesivir injection dastiyab nhi hai viral post gumrahkun hai,FAKE
934,2016 ki in pictures mai mexico mai ak ustad ko apny ak talib ilm ky bachy ko uthaty huwe dikhaya gya hai,FAKE
935,fori gumrahkun post ka dawa krny waly chehry ky mask akely covid 19 ki bahali ko rokny mai madad kr skty hain,FAKE
936,meerut ky ilaqon ko naye covid tanao ky phelny ki janch ky liye seal kia gya viral video lakhnow ky tor par guzar gya,FAKE
937,post ka dawa krna keh yeh vaccine new born babies ko aluminium ki ghair mehfuz miqdaar injection deti hai gumrahkun hai,FAKE
938,bharat mai pakistani high commision ka school kam sharah e dakhla ky bais band huwa,FAKE
939,who ny remarks ki wazahat is ky baad keh is ny kaha keh ghair alamti logon sy corona virus ki munteqali boht nayab hai viral video purani aur gumrahkun hai,FAKE
940,who ky zariye mask ky istemal par purana screenshot haliya viral post gumrahkun hai,FAKE
941,video mai btaye gaye iqdamaat corona virus ka ilaj nhi hain balky quwat e mudafiyat barhany ky liye totky hain,FAKE
942,corona virus sy mutaliq viral graphics mai galt malumaat unicef ki traf sy jari nhi ki gai hain viral post gumrahkun hai,FAKE
943,gumrahkun post tajvez krti hai keh kala lehsan cancer ka ilaj krta hai mahireen e sehat ka kehna hai keh scientific proof naa kafi hain,FAKE
944,ucc ky bary mai gumrahkun dawy ky sath bjp viral ki himayat ky liye phone number shuru kia gya,FAKE
945,vitamin b17 ki kami ka dawa krny wali video cancer ka sabab banti hai grapes khany sy cancer thik ho jaye ga gumrahkun hai,FAKE
946,suraj ki roshni sy uv rays ka dawa krny wali post gumrahkun hai,FAKE
947,purani nissabi kitab mai covid 19 ky ilaj ka zikar nhi hai gumrahkun post viral ho rahi hai,FAKE
948,corona virus par ye viral paigham galt tor par unicef sy mansub hai,FAKE
949,kutty ki vaccine ka covid 19 sy koi taluq nhi gumrahkun post viral ho rahi hai,FAKE
950,fori 5 second ka asool khany ki hifzan e sehat ka ak afsana hai mahireen dobara samny any waly dawy ko mustarid krty hain,FAKE
951,viral post ak purani tasvir dikhati hai jis ka covid19 sy koi taluq nhi hai,FAKE
952,tonic water aur zinc covid 19 ko khatam krny ka dawa krny walu post gumrahkun hai,FAKE
953,hongkong mai phalon aur sabziyon ky zariye covid 19 muntaqil hony ka dawa krny wali post gumrahkun hai,FAKE
954,maweshiyon ki vaccine ka taluq covid 19 sy nhi gumrahkun post viral ho rahi hai,FAKE
955,clorox ko coronavirus ky bary mai pehly sy malum hony ka dawa krny wali post aur corona virus naya virus nhi hai gumrahkun hai,FAKE
956,mahwari ky doraan thanda pani khera pena cancer banjhpan ka sabab nhi bny ga gumrahkun post viral,FAKE
957,fori tasver par farzi post zehn ki kaifiyat ka taiyun krti hain,FAKE
958,kya wax lgy apple ka istemal ap ki jaan ly skta hai gumrahkun video viral ho rahy hai,FAKE
959,irani qatil ki phansi ki purani tasaver hakumat mukhalif muzahiron sy jhuti tor par munsalik hain,FAKE
960,post ye dawa krti hain keh makhi ky zehr ky ilaj sy infection thik hota hai gumrahkun hai,FAKE
961,haal hi mai polio sy bachao ky qatry pilaye gaye bachon ka dawa krny wali post sy virus phelta hai jis ki wja sy hfmd jali hai,FAKE
962,ye homeopathy medicine 48 hours mai dengue ka ilaj kr skti hai ak gumrahkun dawa,FAKE
963,nhi orange juice ky sath mila kr tartar ki cream apko tambaku noshi chorny mai madad nhi kry gi,FAKE
964,is karhi ky istemal sy diabetes thik hony ka dawa krny wali post gumrahkun hai,FAKE
965,falij ky shikar shakhs ki ungliyon par suiyan chubhna ya kaan kheenchna us ki jaan bacha skta hai ak gumrahkun post hai,FAKE
966,imran khan hamla case ki tehqiqat krnywali jit ky imran sy mutaliq gumrahkun dawy,FAKE
967,khawateen ki cricketer rashi kanojiaky tor par viral hony wali larki ki betarteeb tasver,FAKE
968,karnatak ky cm siddaramaiah ny footballers ki toheen nhi ki bjp hakumat ka purana video jhuty dawy ky sath viral,FAKE
969,haqaiq ki janch partaal rameez raja ki pakistani team ko dantny wali ye video purani hai aur uska taluq t20 worldcup mai zimbabwe aur pakistan ky match sy nhi hai,FAKE
970,cancer sy jaan ki bazi haarny waly cricketer david miller ky madaah ki tasver jali dawy ky sath viral,FAKE
971,agnipath scheme ky khilaf ehtejaj ka purana video gumrahkun dawy ky sath viral ho raha hai,FAKE
972,haiderabad train hadsy ka purana video odisha train hadsy ky naam sy viral ho raha hai,FAKE
973,yakam july sy railway ky 10 qawaid mai tabdeli ka dawa krny wala viral paigham gumrahkun hai,FAKE
974,zehni tor par bimar larki ny bhagwan raam ky posters par andy phenky viral dawa gumrahkun hai,FAKE
975,social media par shokat khanum hospital ky posters hatany ka dawa jhuta hai,FAKE
976,hindustan mai bni aur farokht ki jany wali tamam cadbury products vegeterian hain gumrahkun dawa viral ,FAKE
977,delhi gurdwary ka muft dialysis center kal nhi khul raha hai ye pehly sy kaam kr raha hai,FAKE
978,nepal ny tamam private hindustani news channels par pabndi lgany ka dawa krny wali viral post gumrahkun hai,FAKE
979,musafir ky sath tte ki badtameezi ka viral video delhi patna train ka hai tamilnado ka nhi,FAKE
980,tamilnado mai immigrants aur muqami logon ky darmiyan tasadum par viral post gumrahkun video gujarat mai gang war ki hai,FAKE
981,ias ka imtehan pas krny waly jory ki khabar 6 saal purani hai gumrahkun dawy ky sath share ki gai hai,FAKE
982,amul butter ky chaapy ky manzar mumbai ky hain delhi ky nhi purani khabren gumrahkun post ky liye istemal ki jati hain,FAKE
983,51 saal sy zyada umer ky baligh afrad grocery aur akhrajat ky liye izafi akhrajat mai dollars wasul kr skty hain,FAKE
984,american numainda Mayra Flores Congress ki Mexico mai paida hony wali pehli rukan hain,FAKE
985,"ameer tareen americans ki traf sy ada jany wala average fedral income tax 8% hai agar ap ak police ehalkar, ustad, firefighter, union worker hain, to ap shaid is sy do sy teen guna zyada adaigi kren gy",FAKE
986,ADHD mojud nhi hai,FAKE
987,aala darjy ky ukrainei hukam ny switzerland mai Luxury real estate ki khareed o farokht ki,FAKE
988,Ron DeSantis ny abhi tak 6 january ki bagawaat ki mazamat nhi ki hai,FAKE
989,fluoride concrete ky zariye sorakh khaa jaye ga is liye yeh ap ky danton ky liye mehfuz nhi thy,FAKE
990,"Sri Lanka ky president, Estonia ky prime minister aur ukraine ky sifarat karon ko giraftar kr liye gya",FAKE
991,colloidal silver by zarar hai jab tak keh ap ko is sy allergy nah ho,FAKE
992,highland park illinois mai shooter ny illegal gun khareedi,FAKE
993,Shinzo Abe ko is liye qatal gya kyun keh us ny vaccine ka hukam nhi dia 1.6 million khuraken wapis bhejen aur shehriyon ko ivermectin di,FAKE
994,immune system mojud nhi hai,FAKE
995,belarus ny poland ky khilaf jung ka ilan kr dia,FAKE
996,ak tasveer mai do afrad ko bhagty huwe dikhaya gya hai jo beghar hony ka drama krty hain aur phir ap par hamla kr ky lut lety hain,FAKE
997,dunya ki sab sy bari strawberry ki tasver nhi hai ye ai technique sy bnai gai hai,FAKE
998,dehshatgardi ki training ky dawa ky sath viral ho raha galt video taleem hasil krny madrisa ja rahy thy bachy,FAKE
999,delhi bjp ky naam sy viral ho raha tweet farzi hai,FAKE
1000,delhi police ky jawan par pistol tanany wala mulzim shahrukh hai anuraag nhi,FAKE
1001,delhi police mai mutasir tamam mazahib ky logon ko mily ga moawza sirf muslamanon ko milny wali baat farzi hai,FAKE
1002,delhi ky babarpur mai officers ki milli bhagat sy evm ki chori ka dawa galt,FAKE
1003,delhi ky bazar ka nhi pakistan ky faisalabad ka hai yeh viral video,FAKE
1004,tasver ky sath share kia gya dawa keh jerusalem mai putin pub ka naam badal kr zelensky rakh dia gya,FAKE
1005,dhanbad kky naked drama ka video jhuty firqawarana dawa ky sath viral,FAKE
1006,do bachon ki maa nhi hai tasver mai nazar arahi rohengia ki bachi abadi control par netasih ka farzi bayan viral,FAKE
1007,do saal purany rajasthan launching ky video ko gujrat ka bta kr kia ja raha hai viral,FAKE
1008,deyodhar ky naam par viral hui indore ki muslim khawateen ki 4 saal purani tasver,FAKE
1009,who ky director ko giraftar nhi kia gya tanziya viral huwa,FAKE
1010,digitally tayar kia gya video ukraine bombing ky naam par ho raha viral,FAKE
1011,drum mai sharaab bharny waly video ka kissan andolan sy nhi hai koi taluq video ludhiyana ka hai,FAKE
1012,donald trump ki beti nhi gai thi oic ky hospital mai farzi hai dawa,FAKE
1013,dcp amit sharma sy munsalik mot ki khabar jhuti hai,FAKE
1014,"ak tasvir mai 21 june 2014 ko pilot ki traf sy san antonio, Texas mai united states ky Lackland Air Force Base ky qareeb parwaz krny waly f16 foji tyary ky cockpit sy li gai ufo ki tasveer dikhai gai hai",FAKE
1015,jk rolling ny tweet agar ap american birds apni tangen band rakh skty hain to shaid ap ko pehly isqat e hamal ki zarorat nah pary,FAKE
1016,yeh 911 call hai jo san antonio mai paye janye waly truck mai phansy tarqeen e watan ny ki thi,FAKE
1017,trump ajj qoam sy khitab kr rahy hain,FAKE
1018,kisi ny bhi chapy huwe Carry permit ky sath kabhi bhi bary paimany par firing nhi ki,FAKE
1019,tasver mai glastonbury mai ak kurydan ka moqam dikhaya gya hai jab climate worker greta thunberg ny wahan baat ki,FAKE
1020,iceland ny tamam mazahib ko zehni aarzy qarar dy dia,FAKE
1021,hamary pas abhi ak parol board hai jis ny hochul ky tehat pichly do salon mai 20 police qatilon ko reha hai,FAKE
1022,international oil ky muqably mai american oil zyada cheap hai,FAKE
1023,egypt sy ki ja rahi hai eid ul azha ki tasver kashmir ki btaty huwe viral,FAKE
1024,Wisconsin mai joe biden ka 21000 sy kam votes ka marjan 2020 mai kisi bhi riyasat mai sab sy sakht tha,FAKE
1025,canada mai gas $9.00 per gallon hai,FAKE
1026,ak tasver 6 january 2021 ko gas ki prices dikha rahi hai,FAKE
1027,tasvir ka ak majmua zahir krta hai keh joe biden ny hamary mulk k sath hai,FAKE
1028,prince harry aur meghan ny bilakhir divorce papers sign kr diye,FAKE
1029,Kansas mai haal hi mai marny waly hazaron maveshi garmi sy nhi mary gaye,FAKE
1030,gun ki kharidari ky liye intezar ki mudat mai farq nahi par skta kyun keh agar kisi ny faisla hai keh wo apni jan leny wala hai to wo apni jab ly ga,FAKE
1031,sadar biden ka asar un ki party mai green new deal ky bunyad paraston ki taraf dekha ja raha hai jis ki wja sy texas mai chaat ky zariye bijli ki lagat ati hai,FAKE
1032,tasveer kim jong un ky wazan mai kami ko zahir hai,FAKE
1033,along with 8 republican american house of reps ny 194-226 ko vote dia taky ap ki gun ko firearms manufacturer ky licenses ky bghair juda krny aur dobara assemble krny ko jurm qarar dia jaye,FAKE
1034,picture mai american numaindy lauren boebert ko do kam lebas mardon ky sath dikhaya gya hai,FAKE
1035,"ak big boy restaurant ky nishan ny kaha keh donald trump darust thy jab unhon ny paishgoi  ki thi keh agar biden muntakhib huwe to ap ko $5,$6, aur $7 ki gas nazar aye gi",FAKE
1036,khurak ko tabah krny waly waqiyat ki 95 items ki list yeh zahir krti hai keh agar ap ko lgta hai keh wo khurak ki kami ka mansuba nhi bna rahy hain to ap ko dhokha dia gya hai,FAKE
1037,pentagon akhirkar saaf agya aur etraf krta hai keh unkraine mai 46 american foji mali aaanat sy chalny waly biolabs hain,FAKE
1038,justine bieber ka ramsay hunt syndrome and hailey bieber ky khoon ka jamna corona virus vaccine ki waja sy huwa tha,FAKE
1039,president joe biden ny tasdiq har ak ko is hafty apny 1k dollar ky gas ky check mosul hongy,FAKE
1040,jab joe biden ny is intezamiya mai qadam rakha 20 million log berozgari insurance advantages par thy,FAKE
1041,photo mai booking mugshot mai paul pelosi ko chot lgi hui dikhai deti hai,FAKE
1042,ak nhi 6 january ko crowd mai sy ak bhi shakhs firearm uthae huwa nhi paya gya,FAKE
1043,facebook par khawateen ki tadad dunya mai zinda sy zyada hai,FAKE
1044,donald trump 6 january 2021 sy pehly capital ki hifazat ky liye national guard ky 20000 fojiyon ko ikhtiyar dia tha lekin nancy pelosi aur check schumer ny usy mustarid kr dia tha,FAKE
1045,bennie thomson ny 90 ki dahai mai fa'al tor par hangamun ki qayadat ki,FAKE
1046,mulk ky pury raqby ka ak chothai hissa jo keh bhang ki paidawar ky tehat hai yahan north carolina mai hai,FAKE
1047,sarkari fakhar ky jhandy ko ukraine ky rangon mai shamil krny kiye tabdel kr dia gya tha,FAKE
1048,floride toothpaste ky liye haal hi mai ak awami sehat ka intebah jary gya tha,FAKE
1049,mulk ki sarhad par wazeer e difa rajnath singh ki nimbu mirchi lgaty huwe photo edited hai,FAKE
1050,malaiysa mai ghar lotny ka intezar kr rahy bangladeshiyon ki tasver ko hindustan ka bta kr kia ja raha hai viral,FAKE
1051,mumbai ky naam par viral ho raha thany mai 6 saal qabal munhadim hui imarat ka video,FAKE
1052,mandsaur mai bachon ny nhi lgaye pakistan zindabad ky nary viral post farzi,FAKE
1053,muhajir mazduron ki badsaluki ka video galt dawa ky sath kia ja raha viral,FAKE
1054,molana saad ky khilaf muqadma wapis liye jany ki baat jhuti fir ky baad sy farar hai molana,FAKE
1055,medical ky tulba ghar aa kar nhi lga rahy aids ky injection police ki ittela ky naam par social media par viral hui farzi post,FAKE
1056,bbc ny boris jhonson ki queen ki Platinum Jubilee Thanks giving Service mai pohanchny ki footage mai tarmeem ki,FAKE
1057,zimbabwe mai logon ny zindagi ki zyada qeemat ki wja sy apni ungliyon ko hazaron dollar mai bechna shuru kr dia hai,FAKE
1058,NCGOP Sen. [Rick] Scott ki Rescue america ki inteha pasandana policy ki himayat mai samny ai,FAKE
1059,600000 sy zyada winconsin deer ky licenses ki farokht sy pta chalta hai keh winconsin ky shikari dunya ki akhwin bari foj hain,FAKE
1060,biden ny americans ko zameen par gas ki sab sy sasti qeemat di,FAKE
1061,video mai dikhaya gya hai keh ukrainian army russian helicopter ko maar giraty hain,FAKE
1062,us depertment of justice ny constructively andaza lgaya hai keh guns har sal 1.5 million bar jan bachany ky kiye istemal hoti hain,FAKE
1063,illinois high school 2022-2023 educational year mai race par based catergorization ka system implement kry ga,FAKE
1064,hamari supreme court ny kabhi law right nhi cheena,FAKE
1065,murda log hamesha democrate ko vote dety hain,FAKE
1066,world economic forum ki apni police force hai,FAKE
1067,aaron salter jr ko ak bary paimany par shooter ny maar dala kyun keh wo pani sy chalny wali car ka engine bnany par kam kr raha tha,FAKE
1068,costco gas pump ki screen ny kaha ham par ilzam nah lgayen joe biden ko mord e ilzam thehrayen,FAKE
1069,wo shakhs jis ny texas uvalde school shooter ko mara wo on duty police officer bhi nhi tha,FAKE
1070,do mukhtalif mardon ky sath tv interviews jin mai sy har ak ki shanakht uvalde ky shikar ky walid ky tor par hui hai dikhaty hain keh rob elementary school mai bary paimany par shooting ki gai thi,FAKE
1071,bill gayes ny chichak ki qisam ky phelny ka mansuba bnaya,FAKE
1072,yeh bary paimany par firing ky waqiyat is qadar hoty hain keh ted cruz ko waqai mai ak template mil gya keh wo tweet krny ky liye tyar hain jab bhi ye waqy hoty hain,FAKE
1073,in mai sy ak bhi bary paimnay par firing nhi hui hai jo gun show ya internet par khareedi gai ho,FAKE
1074,mask ky zyada istemal aur corona virus sy hony wali amwat ky darmiyan ak musbat taluq hai,FAKE
1075,video dikhata hai russian dessert bases aur basic skeleton ko bayraktar tb2 deone ny nishanah bnaya ,FAKE
1076,unhon ny flu ko corona virus ky tor par manzur aur wo monkey pox aur shingles ky sath bhi esa hi krny ja rahy hain,FAKE
1077,ham mazi ky tajurbat sy janty hain keh bachon ko mehfuz rakhny ka sab sy moasar zariyah campus mai musalah qanun nafiz hai,FAKE
1078,ABC News ny Uvalde، Texas school shooter ki tasvir ko mazeed connection zahir krny ky liye tabdeel kr dia,FAKE
1079,ICE Uvalde، Texas mai hai lehaza undocumented parents ko arrest exile par ghor krna hoga is sy pehly keh wo yeh check kren aya un k bachy zindah hain,FAKE
1080,is picture mai uvalde texas mai school ki firing ky mutasireen ko dikhaya gya hai,FAKE
1081,tajvez krta hai keh january ka traffic hadsa jis mai laboratory bandar shamil thy insanon mai monkey pox phelany ka zimedar tha,FAKE
1082,texas mai farokht hony wali banduqon mai sy 50% khamiyon ki wja sy pasemanzar ki janch sy nhi guzarti hain,FAKE
1083,unhon ny mark zuckerberg ko cia agent k tor par benaqab ,FAKE
1084,skirt mai ak admi ki tasver mai uvalde texas school shooter ko dikhaya gya hai,FAKE
1085,uvalde texas school shooter ek homosexual left-wing illegal alien tha jis ka naam Salvatore Ramos tha,FAKE
1086,american reporter jack posobiec ko world economic forum mai giraftar gya,FAKE
1087,uvalde texas bary paimany par shooter ek illegal alien tha,FAKE
1088,swedish health ministry monkeypox ky phelny ki wja sy pabandiyan mutarif krwany par ghor kr rahy hain,FAKE
1089,current monkeypox phelny ki mansubah bandi government aur industry ky rehnumaun ny ki thi,FAKE
1090,na hi rahul rajeev ny kalma prha aur na hi ye tasweer indra gandhi ky janazy ki hai,FAKE
1091,monkeypox biological war hai hamari governments ki traf sy hamary khilaf,FAKE
1092,world health assembly ko itefaq sy geneva airport ko dhamaky sy ura deny ky baad mansukh kr dia gya tha,FAKE
1093,stacy Abrams ny mlb ky boycott ki himayat ki,FAKE
1094,nasa ky zariye hasil ki gai mars rover ki photo mai ak darwaza dikhaya gya hai jo mawraye zameen ki zindigi ki tajwiz krta hai,FAKE
1095,video mai dikhaya gya hai keh ak russian pilot jet plans sy farar ho raha hai aur ak russian plan missile ki zad mai araha hai,FAKE
1096,georgia ky governer brian camp ny har registered voter ko 7.5 million ballot bhejny ki ijazat di,FAKE
1097,hindustan ky muqabla pakistan bangladesh aur srilanka ki gdp growth rate ko ly kr viral graphics farzi,FAKE
1098,monkeypox ky ghawaun ki tasaveer sabit krti hain keh mojudah virus ak phelna ak dhokha hai,FAKE
1099,merrick garland ny waliden par police ko us waqt cher dia jab wo school ky boards mai sirf apny bachon ki hifazat ky liye sunany ki koshish kr rahy thy,FAKE
1100,supreme court ky justice clarence thomas aur un ki wife ginnie ny 5135 dollar ki sharaab ki bottle par lutf andoz hony ki apni ak tasweer post ki hai kyun keh american ladies un sy abortion ky haquq chenanny par mayus hain,FAKE
1101,ye fani tufaan ki nhi balky purani tasaweer hain,FAKE
1102,video mai dikhaya gya hai keh russian tank ka calm attacker helicopter sy completely destroy ho gya hai,FAKE
1103,government tonny evers ka kehna hai keh police ki tehreek ko defend krny ka ak bara hami hai,FAKE
1104,fox news ka kehna hai keh aur Candice Owens ny tweet keh nai studies sy pta chalta hai keh 68% wo log jinhon ny covid ky ilaj ya rok tham ky liye ivermectin ka istemal wo taweel mudati anton aur peshaab ki bezabtagi ka shikar hain,FAKE
1105,ye viral tasvir baba ram dev ki 2011 ki bhook hartal ki hai germany ki nhi,FAKE
1106,ye video haiderabad ky caa ehtejaj ka hai assam nrc sy nhi hai taluq,FAKE
1107,ye video taliban ky chief secretary ka nhi balky pakistani scholar ka hai,FAKE
1108,upsc imtehan mai islamic studies hony ka dawa farzi nikla,FAKE
1109,georgia mai agriculture ab bhi economics ka number 1 shoba hai,FAKE
1110,biden intezamiya esi tarameem la rahi hai jo tajvez kry gi keh zameen ki tamam qomeyn qomi sehat ki dekhbhal ky faislon par apni khudmukhtari WHO ko sonp dyn,FAKE
1111,fojiyon ny russian tank ko NLAW ky sath ghaat lga kr tabah kr dia,FAKE
1112,rajasthan ky shivlang ki tasvir makkah madina ki bta kr ki ja rahi hai viral,FAKE
1113,goat milk bachy ky formula sy ak acha alternative hai,FAKE
1114,Lancaster County mai mail ballot ka msla voter fraud ki alamt hai,FAKE
1115,elon musk aur nasa mai data leak hony wali tasver kaha jata hai keh yeh elon musk ky space x satellite mai sy ak hai,FAKE
1116,cbs news ny itela di hai keh buffalo ki firing mai do mushtabah afrad ko giraftar gya hai aur ak aur shikar ki shanakht hogai hai,FAKE
1117,ak haliya tasvir mai dikhaya gya hai keh russian orthodox church shaitan nami rocket ko barkat dy raha hai,FAKE
1118,logon ki aksariyat jinhen hamen jari kr rahy hain wo samaat ky liye zahir nahi ho rahy hain,FAKE
1119,agar ap enfamil aur similac customer service numbers par call kren gy to ap ki riyast ap ko bachon ka muft formula bhejy gi,FAKE
1120,ukraine ko baby formula donation ny current american qillat ko dur krny mai madad ki,FAKE
1121,kafanon mai lashon ki footage mai 2013 mai egypt muzahireen ko dikhaya gya hai na keh gaza mai palestianins ki fake death,FAKE
1122,clip mai pakistan mai mehngai ky khilaf ehtejaj nhi dikhaya gya ye toheen e risalat ky demo ky bary mai 2020 ki posts sy lia gya hai,FAKE
1123,clip mai dikhaya gya hai keh turk foji 2018 mai shaam jaty hain 2021 mai jerusalem mai nhi,FAKE
1124,pakistan ky sabiq wazeer shiekh rasheed ahmad ki hospital mai chupy huwe jhuti post mai purani tasver share ki gai,FAKE
1125,pakistan ky siyasatdanon ki jhuta dawa hai keh wazeer ny mulk bhar mai bijli ki katoti ky liye apni hi hukumat par tanqeed ki,FAKE
1126,pakistan ky province ny private colleges mai co gender classes par pabandi nhi lgai,FAKE
1127,pakistan ky wazeer e azam ky bazar ky dory ki video mai wo chor hai ky nary lgaye gaye hain,FAKE
1128,pakistan ki shooting video ko gadhy par mohlik afghan hamla ky tor par jhuta share kia gya,FAKE
1129,pakistan ki vaccine mohim mai bachon ky mary jany ki jhuti khabron mai purani video istemal ki gai hai,FAKE
1130,pakistan mai khawateen ky aalmi din ky march ky baad doctrate shudah tasveer gardish kr rahi hai,FAKE
1131,quake imran khan ky sath khana khaty huwe pm modi ki edited tasveer hui ak baar phir sy viral,FAKE
1132,quake namaz ada krty huwe logon ki yeh tasvir babri masjid ki nhi balky dehli ky kotla masjid ki hai,FAKE
1133,quake viral tasveer mai nazar arahi khatoon infosys institute ki chairman siddha murthy hain parle g girl nhi,FAKE
1134,canada ky wazeer e azam ny nigerians ky liye khasusi e-visa deny ky executive order par sign nhi kiye hain,FAKE
1135,garaj chamak ki purani video ko russia ki ukrainian city par hamly ki footage ky tor par galt tor par share kia gya,FAKE
1136,pakistani sifaratkar ky jali account ny imran khan ki bartarfi ky bary mai man gharat tweet share ki hai,FAKE
1137,pakistani politician ki is tasveer mai whiskey ki bottle shamil krny ky liye doctorate ki gai hai,FAKE
1138,pakistani politicians ka jhuta dawa hai keh wazeer e kharja ny ameer ko ameer tar bnany ki waqalat ki,FAKE
1139,pakistani wazeer e azam ki purani video jhuti posts mai share ki gai jis mai dawa ki gaya keh unhon ny istefa dia aur naya intekhabaat ka mutalba kia,FAKE
1140,germany mai dominion voting ky server strong nhi kiye gaye,FAKE
1141,fake announcement ka kehna hai keh american super market chain ben and jerry ki products ko chor rahi hai,FAKE
1142,fake poster share kia gya jis mai dawa kia gya keh unkraine mai larny ky liye america mai homeless people ko bharti kia gya,FAKE
1143,jaly huwe trucks ki clip 2022 mai filmai gai thi imran khan ki giraftari ky baad nhi,FAKE
1144,south africa ky newspaper ny clear kia keh us ny tanziya mazmun mai british lady ki covid 19 vaccine leny wali tasver ka istemal kia hai,FAKE
1145,south africa mai purani video ko turkiye-shaam ky zalzaly sunami ky tor par jhuta share kia gya,FAKE
1146,south africa mai covid 19 ko bacteria aur 5g mobile technology sy jorny wala dhokha,FAKE
1147,south korea ky president ki april 2023 mai american congress mai taqreer ky tor par galt tor par share kia gya matan,FAKE
1148,jhuta dawa krny ky liye purani  video dobara chalai gai ex pakistani president reporter ky qatilon mai namzad,FAKE
1149,jhuta dawa gardish krta hai keh video mai moat ky 12 saal baad sadaam hussain ki laash dikhai gai hai,FAKE
1150,jhuta dawa krny ky liye purani video dobara manzar e aam par agai jis mai sabiq pakistani wazeer e azam ky hamiyon ky ehtejaj ko dikhaya gya hai,FAKE
1151,jhuty hawalon ka dawa hai keh boris johnson and mike pompeo nigeria ky alehdigi pasandon ki himayat ka izhar  krty hain,FAKE
1152,chuha ko hindustan ky zyre intezam kashmir ki university mai filmaya gya pakistan mai hukam ki meeting nhi,FAKE
1153,china mai phelny wala corona virus american government ky kisi idary ny nhi bnaya tha,FAKE
1154,chinese rehnumaon ki mulaqat ki purani tasvir jo jhuta tor par russia ki baghawat sy munsalik hai,FAKE
1155,chinese plateau ki video turkiye aur shaam ky zalzaly sy jhuty tor par munsalik hai,FAKE
1156,chinese social media posts ny jhuta dawa kia joe biden unkraine mai class a ky sangeen ilzamaat mai matlub ky tor par darj,FAKE
1157,haqaiq ki janch partal is viral paigham ki zad mai nah ayen jis mai dawa kia gya hai keh school tulba ko muft laptop aur tablet taqseem kr rahy hain,FAKE
1158,haqaiq ki janch partal hindustani parcham ki behurmati krny wali pakistan ki purani video jhuty dawe ky sath viral ho rahi hai,FAKE
1159,FASTag Scam viral video haqiqi waqiya nhi hai,FAKE
1160,CNN ka tarmeem shuda screenshot jhuty dawy ky sath viral ho gya,FAKE
1161,2009 ki video mai covid 19 vaccine aur banjhpan ky bary mai sazishi theory dobara viral hui hai galt malumaat hain,FAKE
1162,itlay mai corona virus ky bary mai is viral message mai kiye gaye daawe galt hain,FAKE
1163,spain sy chennai super kings aur dhuni ky madahon ki tasweer share ki gai viral dawa jhuta,FAKE
1164,ebola virus sy aludah cold drinks par viral post fake hai,FAKE
1165,bard AI tool download link ki paishkash krny sy malware ka khatra lahaq hai,FAKE
1166,backing soda cancer ka ilaj krny wala viral paigham jali hai,FAKE
1167,pepsi mai HIV ka mutasira khoon par fake post viral ho rahi hai,FAKE
1168,fake tata salt manufacturing ka video galt dawa ky sath viral ho raha hai,FAKE
1169,china ky bary mai viral CNN ki tweet mangharat hai,FAKE
1170,qatar mai patanjali masnuaat par pabandi ka dawa krny wali post gumrahkun hai,FAKE
1171,karachi ki khatun seema haider ny kabhi pak foj mai khidmaat injam nhi din viral dawa galt hai,FAKE
1172,cooper hospital mumbai ki video jali dawaon ky sath viral,FAKE
1173,KBC whatsapp par online lottery nhi chala raha qareen sy mohtat rehny ko kaha jata hai,FAKE
1174,KCR ki yashoda hospital mai ilaj krwany ki purani khabar taza tareen viral,FAKE
1175,mouth wash corona ka ilaj nhi kry ga mahireen ka mashwara hai keh zubani khaa mai mojud viral ko sirf kuch waqt ky liye beasar kr skty hain,FAKE
1176,nariyal ky tail ka dawa krny wali post jali hai,FAKE
1177,"nhi covid 19 ka matlab yeh nhi hai keh artificial intelligence ky sath vaccination ka identity certificate, viral post fake hai",FAKE
1178,nahi japan ny microwave oven ko thikany lgany ka faisla nhi kia hai,FAKE
1179,nahi WHO ny yeh nhi kaha keh corona virus taqat kho raha hai viral psot world health organization sy galt tor par mansub,FAKE
1180,nahi machis ka powder bichu ky katny ky zehar ka ilaj nhi kr skta,FAKE
1181,nepal sy 2012 ki tasver haliya ky tor par share ki gai hai iss taver ka hinduatan mai covid lockdown sy koi taluq nhi hai,FAKE
1182,viral post jis mai kaha gya hai keh yateem bacha police officer bn gya jali hai,FAKE
1183,viral link pe click na kren jo bot brand ky naam ka galt istemal krta ho yeh ak dhokha hai,FAKE
1184,haqeeqat ki janch karen tilagong ky shiwalinga ko srilanka ky tor par share kia ja raha hai,FAKE
1185,khan ky bator wazeer e azam bar taraf hony k baad pakistan ky hawai ady ki international hasiyat ko mansukh nahi kia gya,FAKE
1186,khudkush hamly ky mutasireen ki purani tasver 2022 ky kabul bomb blast ky bach jany waly kt tor par jhuti tor par share ki gai,FAKE
1187,khoon mai latpat car ki tasweer kenya mai pakistani sahafi ky qatal sy munsalik hai,FAKE
1188,daryaon ki yeh tasweer jo kabhi nhi milti georgia mai li gai thi DR congo mai nhi,FAKE
1189,doctor ki photo mubaiyan tor par americam fojiyon ko pakistan ky homeless pahangah mai khana khaty huwe online ko gumrah krti hai,FAKE
1190,doctor ki tasweer mai asal mai moscow mai muzahireen ko dikhaya gya hai jo kremlin ky naqad ki rehai ka mualbah kr rahy hain,FAKE
1191,WHO ab bhi covid 19 ki muntaqli ko rokny ky liye khud ko alg thalg rakhny aur social distance ki sifarish krta hai,FAKE
1192,roty huwe pakistani wazeer ki purani video chor ka nara lgany k liye,FAKE
1193,zimbabwe ky sarfeen american mazafati ilaqon mai rattlesnakes ky bary mai fake warnings phelaty hain,FAKE
1194,zimbabwe ky sarfeen ny american citizen ko nishanah banany waly mujrimon ky jhuty dawon sy khoof o hiras phelaya police ki warning ko janam dia,FAKE
1195,zimbabwe ki dhokha dahi ki posts sarfeen ko mali imdad ky program ky bary mai jhuty dawon ky sath raghib krti hain,FAKE
1196,zer e hirasat american police chief ki purani tasver jasusi ky ilzam mai biden ky executive assistant ki giraftari ky bary mai jhuti social media posts mai gardish kr rahi hai,FAKE
1197,ex pakistani prime minister ki party ny AI sy tayar krdah tasveer share ki hai jis mai dikhaya gya hai keh aurat police ka muqabla krti hai,FAKE
1198,sazishi theories ka dawa hai keh afghanistan sy rawana hony wala american jet jali tha,FAKE
1199,social media par made in nigeria helicopter belgium mai tyar kardah hawai jahaz dikha rahy hain,FAKE
1200,social media posts mai jhuta dawa kia gya hai keh nigerian shakhs ny mulk badri sy bachny ky liye apni moat ko chalang lga di,FAKE
1201,social media posts ny sadar biden ko trump ka man gharat khat share kia,FAKE
1202,social media posts ny yeh dawa krny ky liye tehqeeq ki galt tashreeh ki hai keh andy ki zardi insanon mai covid ko rokny mai madad deti hai,FAKE
1203,sweden denmark ky quran ko jalany sy purani tasaver jhuti tor par munslik hain,FAKE
1204,cnn ka jali mazmun moty covid 19 mareez ko bghair injection lgaye jany ka ilzam online gumrah krta hai,FAKE
1205,cnn ky jali muzmun mai kaha gya hai keh american fojiyon ny haiti ka rukh kia,FAKE
1206,senegal ki football parade ki video ko america mai imran khan ki rally ky tor par jhuta share kia gya,FAKE
1207,shaam ki purani video helicopter hadsy sy jhuti tor par munsalik hai jis mai hindustani foji sarbarah mara gya tha,FAKE
1208,shipping containers mai deyohekal chatan ki tasver ivory coast mai nhi balky malawi mai li gai thi,FAKE
1209,sadi purani taswer mai bhutan mai tibetan nuns ko dikhaya gya hai japan mai african aabadkaron ko nhi,FAKE
1210,tibi mahireen ny is dawe ko galt qarar dia hai keh covid 19 swabs bheys mai vaccine hain,FAKE
1211,taveel arsy sy band newyork herolds ny pakistan ki adliya ky bary mai tanqeedi cartoon shaya nhi kia,FAKE
1212,imart girny ki video turkiye ki nhi saudia arab ki hai,FAKE
1213,imran khan ky hamiyon ny pakistan rally ki giraftriyon ky bary mai posts mai purnai tasweer share ki,FAKE
1214,imran khan ky sath viladmir putin ki taswer shamil ky liye american traffic ki tasvir mai tarmeem ki gai,FAKE
1215,imran khan ki giraftari ky baad pakistan ky hangamy sy purani hamly ki taswer ko galt tor par jora gya,FAKE
1216,imran khan ki hospital mai chehal qadmi ki video qatil hamly sy pehly ki hai,FAKE
1217,imran khan ki yeh tasvir pakistan ky wazeer e azam muntakhib hony sy pehly li gai thi,FAKE
1218,ghar mai deyohekal kankal ki tasweer taiwan ky mujasma saz ki takhleq kardah art work hai,FAKE
1219,galt subtitles wali video mai putin pakistan ky wazeer e azam imran khan ki tareef krty huwe bhi dikhya gya,FAKE
1220,galt tareeqy sy paish ki gai password ki tasvir ny obama ki birther sazishi theory ko zinda kr dia,FAKE
1221,pfizer ki dastavezat covid 19 vaccine ky khatrat ko zahir nhi krti hain,FAKE
1222,football lionel messi sy mansub man gharat iqtesab 2018 sy online gardish kr raha hai,FAKE
1223,french football team PSG ny record farokht ky dawe ki tardeed krty huwe kaha hai keh 24 hours mai 800000 shirts unreal,FAKE
1224,palestinian refugees ky liye american funding agency hamas ki nhi,FAKE
1225,film ki footage jhuty dawe ky sath share ki gai hai jis mai dikhaya gya hai keh ukrainian army chechnya mai citizens ko murder krta hai,FAKE
1226,florida ki amarat girny ki purani video ko turkiye mai zalzaly sy galt tor par jora gya hai,FAKE
1227,funland ky wazeer e azam ka nigeria ki alehdigi pasand rehnuma ko online share kia gya khat man gharat hai,FAKE
1228,footage mai 2011 ka japan sunami dikhaya gya hia turkiye ka zalzala nhi,FAKE
1229,footage mai 2020 ka beirut dhamakah dikhaya gya hai turkiye mai zalzala nhi,FAKE
1230,footage mai dikhaya gya hai keh american security gaurds riyast ky governor sy nhi balky neveda ky politicians sy tasadam kr rahy hain,FAKE
1231,fori jali post jis mai dawa kia gya hai keh facebook app ki posts ko covid 19 pandamic ky darmiyan apny khilaf muqadmy mai istemal kr raha hai,FAKE
1232,fori jhuta paigham unicef sy mansub kia gya jis mai dawa kia gya keh 26-27 degree centigrade corona virus ko dobara maar deta hai,FAKE
1233,fori WHO ka dawa krny wali jali post ny covid 19 ki bahali ko rokny ly kiye gobhi ky istemal ky khilaf intebah kia,FAKE
1234,fori jali post claiming mask ko microwave mai saaf kia ja skta hai,FAKE
1235,facebook posts mai jhuta dawa kia gya hai keh canada ethopia ky shehriyon ko muft visa jari kr raha hai,FAKE
1236,facebook ki posts american girja gharon par tax lgany ky asrat ko barha charha kr paish krti hain,FAKE
1237,germany mai waqy field station ki purani tasveer ko masjid bta kr kia gya viral,FAKE
1238,fact check kisanon ky sath police ki bad saluki ki yeh tasver ak comedy video ka manzar hai,FAKE
1239,amethi mai nhi hui rahul gandhi ki pitai farzi hai viral tasvir,FAKE
1240,kashmir mai pakistani to reh skta hai magar bharti nhi congress ny nahi dia esa koi bayan,FAKE
1241,Allah ky bandy film ka nhi hai hazur ﷺ sy koi taluq viral post ka dawa farzi hai,FAKE
1242,AI technique sy bnai gai tasvir ko kia ja raha switzerland ki library ka btaty huwe farzi dawa ky sath viral,FAKE
1243,10 second tak sans rokna nhi hai corona virus ka self test viral post farzi hai,FAKE
1244,2005 mai photography ka maqsad sy khinchi gai tasvir ko bangladesh mai aye selab sy jor kr kia ja raha viral,FAKE
1245,2008 ky majiz show ky video ko ab fiqawaranah dawa ky sath kia ja raha hai viral,FAKE
1246,2011 mai sikh naujawan ky sath hui badsaluki ka video caa ky muzahireen ky naam par ab viral,FAKE
1247,2011 mai hui thi akhilesh yadav ki giraftari us waqt ka video ak martaba phir viral,FAKE
1248,2013 ki tasvir ko dehli ki kisan tracktor rally sy jor kar kia ja raha farzi dawa,FAKE
1249,2015 ky muzahiry ki tasver ko edit kr ky kia ja raha russia mai nupur sharma ky khilaf huwe ehtejaj ka btaty huwe viral,FAKE
1250,2017 mai udypur mai nikali gai thi rally video ab dehli intekhabaat ky naam par viral,FAKE
1251,2017 mai truck driver ko peetny ka haryana ka video ab ho raha hai viral,FAKE
1252,2018 ki kushambi ki tasveer kisanon sy jor kar ho rahi farzi dawa ky sath viral,FAKE
1253,operation theater mai zikar e ilahi krny wala ye shakhs imran khan nhi hai video purana hai,FAKE
1254,Aditya Thackeray Ajmer Sharif Dargah october mai nhi june mai gaye thy,FAKE
1255,shehriyat tarmeemi bill par rahul gandhi ky naam sy viral huwa farzi tweet,FAKE
1256,shaheed ka beta nhi balky pakistani singer ka bacha viral video ka dawa farzi hai,FAKE
1257,sarfeen ky jazbaat ka faida uthany ky maqsad sy edit kia gya cancer mutasira ka placard,FAKE
1258,IFS Sneha Dubey ny nhi kia reporters ko ly kar yeh tweet viral post fake hai,FAKE
1259,uttarakhand ky naam par viral ho rahi morocco ki tasver,FAKE
1260,ethopia ky video ko kia ja raha hindustani foj ky farzi dawa k sath viral,FAKE
1261,italy ky republic day ki video ko france ky zariye hindustan ko rafale ship sonpy jany ki taqreeb bta kr kia ja raha viral,FAKE
1262,Ajmer Sharif Dargah mai nazar aa rahi roshni koi mojza nhi balky digitally tayar kia gya video hai,FAKE
1263,ajmer ki bakra mandi mai corona virus ki post jhuti esa koi mamlah nhi aya hai ab tak samny,FAKE
1264,Actress Mallika Sherawat ny kitab nhi likhi viral dawa jhuta hai,FAKE
1265,Uddhav Thackeray Sonia Gandhi ky agy nhi balky Bal Thackeray ki tasvir ky agy jhuky thy,FAKE
1266,Arvind Kejriwal ny nhi kia Shiv Sena ko ly kr esa koi tweet facebook par farzi tweet viral,FAKE
1267,is israeli foji ny nhi kia islam qabool farzi dawa ho raha social media par viral,FAKE
1268,is tasver ma joe biden ky sath flyod ki beti nhi hai viral daya farzi hai,FAKE
1269,company ny kaha keh is viral video mai mojud mard volvo ky malik nhi hain,FAKE
1270,kashmir mai zulm ky naam par shaheed police ehalkar ky janazy ka ak saal purana video ho raha viral,FAKE
1271,is shakhs ky seeny mai nhi lga hai artificial dil farzi hai post ka dawa,FAKE
1272,is lion ny church ky leader par hamlah nhi kia ye film ka ak scene hai,FAKE
1273,is video mai muslim ghulba par baat kr raha shakhs himaliya company ka malik nhi hai,FAKE
1274,hospitals ky andar bandron ka yeh video south africa ka hai hindustan ka nhi,FAKE
1275,israel ky naam sy viral train ka yeh video asal mai editing tool ki madad sy tayar kia gya hai,FAKE
1276,islam ko ly kr unesco ny nhi jari kia koi certificate farzi documentary ho raha viral,FAKE
1277,asal tasvir Narendra Modi ki hai Rahul Gandhi ki nhi viral tasvir farzi hai,FAKE
1278,afghan shehri ki purani tasvir ko taleban jungju ki haliya taswer bta kr kia ja raha hai viral,FAKE
1279,united nations ny pakistan ko POK sy bahir jany ka nhi dia koi notice,FAKE
1280,akhilesh yadav ky sath tayara mai yogi nhi unky ham shakal khana kha rahy thy,FAKE
1281,aljazair ky purany waqiyat ko bharat ky naam par ishteyal angez firqa warana angle ky sath kia ja raha share mulzim aur mutasra dono hi musalman thy,FAKE
1282,gwanda mai nujawan ko zinda jalany ka mamla firqawarana nhi sarak par hui larai ka nateeja,FAKE
1283,gaming video ko kia ja raha afghanistan par american bombing bta kr viral,FAKE
1284,amit shah ny karobari tabqa ko nhi btaya munafa khor viral ho rahi clip farzi,FAKE
1285,amjad ali aur tameem shiekh naam ky logon ki kerala mai hathni ki death ka mamla mai nhi hui giraftari viral post farzi hai,FAKE
1286,amritsar mai tractor ki zaad mai ai khawateen mamly ka bjp sy nhi hai koi taluq viral post farzi hai,FAKE
1287,indonesia ky purany video ko assam ka bta kr kia ja raha viral,FAKE
1288,india gate par freedom fighter k nhi worldwar 1 mai larny waly ky naam darj hain,FAKE
1289,indian oil ky naam par viral ho raha hai fake warning,FAKE
1290,obama 2017 mai khareed chuky hain 8.1 million dollar ka makan post farzi hai,FAKE
1291,owaisi ny nhi likha united nations ko khat viral ho raha farzi dawa,FAKE
1292,ak47 ak56 guns ki purani tasver madrisa chapa mari ky naam sy ho rahi viral,FAKE
1293,editing tool ki madad sy bni shahrukh khan ki tasvir kashmiri ham shakal ky naam sy farzi hawaly ky sath viral,FAKE
1294,irani suby kurdistan ky gaon mai huwe musical festival ky video koo kiya ja raha hindustan ky haliya mutnaziya sy jor kar viral,FAKE
1295,AIIMS ki dr. ooma kumar ny immunity ko ly kr nahi dia hai interview viral post fake hai,FAKE
1296,AIIMS ki dr. ooma kumar ny corona virus par yeh interview nhi dia viral post farzi hai,FAKE
1297,rbi ki traf sy banks mai lyen dyen ka waqt barhany ka dawa gumrahkun hai,FAKE
1298,arctic okiyanus mai dikhy chand ka btaty huwe viral kia ja raha video digitally edited hai,FAKE
1299,icecream sale krny waly ki patayi mai koi firqa warana angle nhi farzi hai dawa ,FAKE
1300,IPS rupa ky naam sy viral ho rahi hai farzi post,FAKE
1301,ivory coast ky footballer didier drogba ny apna mazhab tabdeel nhi kia islam qabool kiye jany ki khabar farzi hai,FAKE
1302,baba ram dev ki 2011 ki bhook hartal ki tasver galt dawa ky sath viral,FAKE
1303,nana patikar ky naam sy bany farzi account sy kia gya viral tweet,FAKE
1304,nigeria ky fojiyon ki laash ki purani tasver ko ladakh mai shaheed huwe hindustani fojiyon ki bta kr kia ja raha hai viral,FAKE
1305,gutter mai giri khawateen ka yeh video dehli nhi pakistan ka hai,FAKE
1306,gujarat mai nhi kr rahy musalman dar sy hijrat muzahiry ky video ky sath kia ja raha farzi dawa,FAKE
1307,bacha chori ky ilzam mai 9 mah qabal hui thi 2 khawateen ki pitai video ab firqa warana dawa ky sath viral,FAKE
1308,bachy ky hath mai nazar araha ye playcard edited hai,FAKE
1309,broiler chicken mai corona virus paye jany ka daawa farzi hai,FAKE
1310,haqaiq ki janch partal nahi viral video mai endless love gany wala couple ukraine ky president volodymyr zelensky aur unki wife nhi hain,FAKE
1311,burka pehny huwe shakhs ka jamiya sy nhi hai koi lena dena tasveer egypt ki hai,FAKE
1312,biryani farokht krny ky zariye hinduon ky khany mai namard bnany ki goli milany wala dawa bebunyad hai,FAKE
1313,bazurg maa ko ghar mai band kr shaheen bagh jany ka dawa farzi nikla,FAKE
1314,bus ki tasver mai ambedkar ki photo ko chipka kr galt dawa ky sath kia ja raha hai viral,FAKE
1315,bakar eid sy qabal phir sy viral hui denak jagran ky ek mohalla ek holika campaign ki edited tasveer,FAKE
1316,bakar eid sy pehly bill gates ny nhi dia yeh bayan phir sy viral ki jarahi farzi post,FAKE
1317,ukraine ki jungi posts par foji parade mai russian tan ky girny ki purani video,FAKE
1318,bandooq nigal jany wala yeh sanp asal nhi balky russian artist ki takhliq hai,FAKE
1319,bengal tashadud ky naam par viral ho rahi hain jamsheedpur aur lakhnao ki purani taasaver,FAKE
1320,bangladesh ka video ab maghrabi bengal ky naam par farzi dawa ky sath viral,FAKE
1321,bangladesh ky mujrim ki tasver viral ho rahi hai congress leader ky naam par,FAKE
1322,banglore mai mulzim ky qatal ka video tripura ky naam par galt aur firqawarana dawa ky sath ho raha viral,FAKE
1323,bihar mai nhi jalaya gya bjp ka jhanda 2018 ki rajasthan ki tasver ab ho rahi viral,FAKE
1324,bhagwa dress pehny shakhs ky amit shah ki ralley mai patharbazi krny ka dawa galt viral video jamsheedpur ka,FAKE
1325,bhopal police ny nhi jari ki rohingya mohajireen ky khilaf koi advisory farzi message ho raha viral,FAKE
1326,2015 mai turkiye ky zariye jari krda pm modi ka postage stamp misleading claim ky sath viral ho raha hai,FAKE
1327,viral video jis mai dawa kia gya hai keh jaypur mai hanuman chalisa parhi gai bari bheer jali hai footage pakistan ki hai,FAKE
1328,beijing ki purani masjid ki tasveer xinjiang ky naam par ho rahi viral,FAKE
1329,parliament mai nhi so rahy thy amit shah 6 maah purani hai tasveer,FAKE
1330,pak maqbuza kashmir ki 2 saal purani zalzala ki tasveer kashmir waadi ki halia photo bta kr viral,FAKE
1331,pakistan ka viral video ab up ky naam par viral,FAKE
1332,pakistan ky purany video ko hindustan mai isolation ward mai tableghi jummaati ka bta kr kia gya viral,FAKE
1333,pakistan ky khyberpakhtunkhawah mai bhari miqdar mai baramad huwe asleha ka video hindustan mai huwa kashmir ky naam sy viral,FAKE
1334,pakistan ky sabiq sadar asif zardari ny nhi kia imran khan ki himayat ka ilan purana video farzi dawa ky sath viral,FAKE
1335,pakistan ky video ko bharat ky haiderabad ky hospital ka bta kr kia ja raha viral,FAKE
1336,pakistan ky video ko up police ki barbariyat bta kr kia ja raha viral,FAKE
1337,pakistan ki gumshuda bachi ka purana video nagarpur ky naam par viral,FAKE
1338,pakistan mai bany kartarpur sahib gurdwary ky naam sy viral ho rahi tasver farzi,FAKE
1339,pakistan mai pheli bollywood actor tigher sheroff ky mot ki farzi khabar,FAKE
1340,pakistan mai 2 maah qabal hui thi loat viral video ka mumbai sy koi taluq nhi,FAKE
1341,pakistan mai na mobile phone par pabndi lgi hai aur na hi istemal krny par saza e mot viral post fake hai,FAKE
1342,pakistan ny nhi jeeta international polo championship 2022 dawa farzi hai,FAKE
1343,pakistani actoress saeeda imtiaz ka nhi huwa inteqal instagram hack ky baad hui farzi khabar share,FAKE
1344,pakistani cricketer babar azam ki un hi ki behn sy shadi ki galt khabar ho rahi social media par viral,FAKE
1345,pakistani leader ki is tasveer ko edit kr ky chipkai gai hai sharaab ki bottel,FAKE
1346,patna mai 4 saal pehly huwe lathi charge ka video kashmir ky naam par viral,FAKE
1347,patna mai nhi mila shehnshah ashok ka mujasma viral tasveer pakistan ki hai,FAKE
1348,purany amritsar ky muzahiry ki video ko guzishta roz ka bta kr farzi malumaat ky sath kia ja raha viral,FAKE
1349,purani tasaver ko uttrakhand ky junglaat mai pheli agg ka bta kr kia ja raha hai viral,FAKE
1350,parcham ko jalany ki yeh tasveer pakistan ky multan ki hai shaheen bagh ki nhi,FAKE
1351,pardhan mantri jin kaliyan o bhaag inn logo ko 5000 ruppee nhi dy rhy jinho ny covid wax lia hai viral dawa jhuta hai,FAKE
1352,protocol sy ty hoti hai rukan mumalik ky khary hony ki jaga wazir e azam modi ki tasweer galat dave ky sath viral ho rhi hai,FAKE
1353,prianka gandhi ky galy mai jenev nhi rudrakash ka dhaga tha,FAKE
1354,prianka gandhi ki 12 saal purani tasweer ko u p intakhabat sy jor kr kiya ja rha share,FAKE
1355,pulwama hamla pr abhinandan ny nhi dia koi bayan farzi hai viral tasweer,FAKE
1356,pulwama waqiye ky master mind ki giraftari ky dawa wala video hamly sy 2 saal pehly ka hai,FAKE
1357,paharon mai khali nhi huwe petrol pump aur atm traffic jaam ki purani tasveer ho rahi viral,FAKE
1358,police ehalkar ki pittai ka photo galat firqawarana dawa ky sath viral,FAKE
1359,pm modi ny nhi kia corona virus sy mutasir ak crore mareezon ky muft ilaj ka dawa,FAKE
1360,piyaz khany sy thik nhi hora corona virus viral kia ja raha dawa farzi hai,FAKE
1361,tableeghi jumaat ky molana tariq jameel ka nhi huwa inteqal afwa ho rahi viral,FAKE
1362,turkiye ky 2011 ky zalzala ky video ko kia ja raha haal ka btaty huwe share,FAKE
1363,tarangy ko ly kr bjp rehnuma shahnawaz hussain ka farzi bayan social media par ho raha viral,FAKE
1364,trump ky 3 saal purany video sy ki gai cher chaar nhi lga tha koi mazhabi nara,FAKE
1365,trump ky any ky sabab thely nhi tory gaye bhuneshwar ka video ahmadabad ky naam par viral,FAKE
1366,trump ny modi ko vote deny ki appeal nhi ki photo shopped hai viral photo,FAKE
1367,trump ny elon musk ky account ko nhi kia moatal galt dawa viral,FAKE
1368,bachi ko zameen par pathakhny ky is mamly mai nhi hai koi firqawarana angle mutasira aur mulzim dono musalman hain,FAKE
1369,2 taiyaron ky takrany ka america ka ye video istanbul ka btaty huwe kia ja raha share,FAKE
1370,japan mai hawai baitulkhalaa ky nam sy viral ki ja rahi tasver asal nhi balky ai technique sy ki gai hai tayar,FAKE
1371,jamiya ehtejaj mai zakhmi huwe talib ilm shakir ki nhi hui mot aiims mai hai dakhil,FAKE
1372,jawaid jaferi ka farzi tweet viral actor ny nhi kia esa koi tweet,FAKE
1373,jaddah mai 3d art projection work ky video ko nizamuddin mai farishty nazar any ky galt dawa ky sath kia ja raha viral,FAKE
1374,germany mai 3 ankhon ky sath paida huwe bachy ky naam sy viral kia ja raha video digitally edited hai,FAKE
1375,malaysia sy shivlinga ki viral video tamilnado ki trha viral hoti hai,FAKE
1376,bihar mai selab ka 5 saal purana video assam ki trha viral ho raha hai,FAKE
1377,jammu kashmir high court ki imarat par pehly sy mojud nhi tranga farzi tasver ho rahi viral,FAKE
1378,jharkhand ky tabraiz ansari ky janazy ky naam par viral ho raha hai 10 maah purana video,FAKE
1379,jaipur ki tasver ghaziabad ky naam par ho rahi viral,FAKE
1380,chicken khany sy banjhpan aur mardana bimariyon ka who ky hawaly sy kia ja raha viral dawa puri trah farzi hai,FAKE
1381,china ky yellow river ka video puny ky naam sy viral,FAKE
1382,hadsa ka shikaar nhi huwa rafael jet hindustani air force ky naam sy viral tweet fake,FAKE
1383,hijjab ko ky kr nhi hui khatoon ki pitai purana video galt dawa ky sath viral,FAKE
1384,hazrat ayesha ki nhi hai yeh silai machine farzi post barson sy hai viral,FAKE
1385,chinese government ny corona virus mutasir 20000 mareezon ko khatam krny ky liye adalat sy nhi mangi manzuri,FAKE
1386,government ny nhi roka hai adhaar card ka amal farzi post viral,FAKE
1387,haiderabad mai huwe saream chaqubazi ky waiqye ko up ky bara banki ka bta kr kia ja raha viral,FAKE
1388,khatoon sy rishwat lety jawan ka viral video purana hai us ka lockdown sy nhi hai koi taluq,FAKE
1389,khatoon sy badtameezi ka video india ka nhi morocco ka purana video hai,FAKE
1390,kpk mai ihl e tashi ky khilaf tashadud ky ilan ky dawa ky sath viral kia ja raha video multan mai bheer ky zariye ki gai pitai ka hai,FAKE
1391,khartom ki burj al fateh par hamla ki edited tasver ho rahi asal btaty huwe viral,FAKE
1392,khataween ky sath berehmi sy paish arahy police ehalkar ka video kashmir ka nhi balky nepal ky beerganj ka hai,FAKE
1393,khawateen ky caa nrc ehtejaj ky purany video ko kia ja raha farzi dawa ky stah viral,FAKE
1394,khawateen ki security ky liye viral ho raha help line number fake hai,FAKE
1395,khudkushi krny ki koshish kr rahy shakhs ky vide ko kabba mai dudh charhany ky farzi dawa ky sath kia gya viral,FAKE
1396,khyberpakhtunkawa mamla ky baad mandir bnao campaign ky naam sy viral ki ja rahi tasver purani hai,FAKE
1397,darjeeling mai 2017 mai bjp leaders par huwe hamla ka video ab patna ky naam par viral,FAKE
1398,dargah mai manoj tevari ka derh saal purana video farzi dawa ky sath viral,FAKE
1399,dillit ko zinda jalany ky naam par viral huwa rajasthan ka video,FAKE
1400,dillit leader chandrasekhar ravan ko musalman btany wali post farzi hai,FAKE
1401,Karina Kapoor ky perody account ki post gumrah kun dawe ky sath share ki gyi,FAKE
1402,Bary pemany pr land sliding ki puarni video jhuty dawon ky sath viral ho rhi hai,FAKE
1403,Bangladesh sy purani video viral ho rhi hai jis mai nuh tashadud sy mutaliq jhuty dawe kiye ja rhy hain,FAKE
1404,Sitara ky nishan waly bank note jali hony ka dawa krny wali viral post jhuti hai,FAKE
1405,"2020 Cowad summit ka tarmeem shuda video clip jo b m modi ky amrici riyasti dory sy munsalik hai, gumrah kun dawe ky sath share kiya gya ",FAKE
1406,"2000 rupee ky note badalny ky liye kisi shanakhti saboot ki zarorat nhi, viral dawa gumrah kun hai",FAKE
1407,"Hakumat ka 2000 rupee ky karansi noto ko marhala waar khatam krny , yakam January sy 1000 rupee ky note dobara mutarif krwany ka koi mansooba nhi hai , viral dawa jhuta hai",FAKE
1408,Digital wallet fraud pr RBI governor ka  video edit or jali hai,FAKE
1409,"Ye 500 rupee ka naya note nhi hai , viral dawa jali hai",FAKE
1410,"Haqeeqat ki janch karen : RBI ny tamam banko mai lain dain ky okat mai tossee krdi , ye aik gumrah kun dawa hai",FAKE
1411,Viral dawa ky PM modi ny misar mai islami skill cap pehni thi galat hai,FAKE
1412,Jhuty dawon ky sath PM modi ka edit shuda video viral ho rha hai,FAKE
1413,Duck Archad ki viral tasveer AI sy tayar ki gai hai,FAKE
1414,"Haqaiq ki janch ky rujhanaat: May main Karnatak ky intehabat, Pakistan,AI aur RBI sar e fehrist galt malumat ky rujhanat mai shamil hain",FAKE
1415,"Pehalwan Vaneesh aur Sangeeta Phogat ki viral tasveer mai AI ka istemal krty huwe hera pheri ki gai, gumrah kun dawy ky sath share kia gya",FAKE
1416,elon musk ka account 44 billion dollar ky moahidy sy pichy hatny ky baad tweeter par muatal hai,FAKE
1417,Civil Protections Democracy Act Biden Administration ko 6 billion dollar ky sath riyasaton ko khareedny ki ijazat dy ga agar wo nasal nhi tanqeedi nazariya ko apnaty hain,FAKE
1418,ak bary dhamaky ky baad moscow agg ki lapait mai agya,FAKE
1419,ak tasver sy pta chalta hai keh apny istefy ky baad boris johnson samundar mai farar ho gaye hain,FAKE
1420,president donald trump presidential limousine mai thy jab wo 6 january 2021 ko white house alps mai apni rally sy nikal rahy thy,FAKE
1421,florida ky government Ron DeSantis ny bill par dastakhat kiye jis mai florida ky tulba professors ko riyasat ky sath siyasi khayalat ka indraj krny ki zarorat hai,FAKE
1422,fox Chris Wallace ki Sunday ki jgha Candice Owens ko paish krta hai,FAKE
1423,tasweer sy pta chalta hai keh highland park shooter ka antifa connection tha,FAKE
1424,ukrainian attack ny moscow mai sky high building ko tabah kr dia,FAKE
1425,Peter Major ny Adam Schiff ki sarbarahi mai 6 january ko commission bnany ky haq mao vote dia,FAKE
1426,dawa krta hai keh american army Polymer drone flies istemal kr rahi hai jo ak bari makhi ki trha nazar ati aur kaam krti hai,FAKE
1427,"video mai Harrisburg, Pennsylvania mai bary paimany par firing ky natejy mai dikhaya gya hai",FAKE
1428,video mai dikhaya gya hai keh 2 july ko russian top khany ky Tank Bayrektor TB2 Drone ky zariye mukamal tor par tabah ho gaye,FAKE
1429,ak tasver mai shooting sy pehly highland park shooting ky mushtabah shakhs ko jail ya bahali ya nafsiyati markaz mai dikhaya gya hai,FAKE
1430,2022 mai chothy july ky kick out ki lagat mai afrat e zar ki wja sy 67.2 fisad izafa huwa,FAKE
1431,plan b isqat e hamal ka sabab bn skta hai yeh wahin box par hai,FAKE
1432,united states ky bani baap ka irada tha keh church ko hukumat ki hidayat krna hai,FAKE
1433,international olympic committee ky adad o shumar ky mutabiq 1966 sy 2004 tak har saal austan 35 saal sy ham umer ky 29 athletes achanak moat ka shikar huwe march 2021 sy march 2022 tak 769 atheletes inteqal kr gaye ya fil ka dora par gaye,FAKE
1434,1800 ki dahai mai muqami american abadiyon ko nuqsan pohanchany waly buffalos ky qatal par american government ki beamly sy zahir hota hai keh ab ye khurak ki qilat paida kr rahi hai takeh american zyada government par munhasir hon,FAKE
1435,breaking judiciary democrats ny hamary intekhabat mai ghair shehriyon ki voting ki himayat krny ky liye vote dia,FAKE
1436,soursop cancer ka ilaj krta hai,FAKE
1437,jeffery episton ka wakil ak vifaqi judge bn gya aur mar-a-lago search warrant par dastakhat krny wala shakhs tha,FAKE
1438,belt katai ny yuma county arizona mai city council ky intekhabat ky nataij ko tabdil kr dia,FAKE
1439,barron trump ko fees ky liye school sy nikal dia gya hai,FAKE
1440,chinese army qafla russia sy ukraine mai dakhil huwa,FAKE
1441,tasver ukraine mai larai ko zahir krti hai,FAKE
1442,video mai crocodiles ky hamly ko dikhaya gya hai jis ny brazil ky sahilon par selab agya hai aur residents ko khof mai mubtala kr dia hai,FAKE
1443,martha ky vineyard ny sirf 24 hours ky baad 50 illegal afrad ko mulk badar kr dia,FAKE
1444,nhi yeh cars garam mosam ki waja sy nhi pighlen,FAKE
1445,nhi yeh videos egypt aur united arab emirates mai pehly lgny wali agg ky bary mai reports mai online gardish kr chuky hain,FAKE
1446,ye video 2021 sy afghanistan iran border par agg lgny ki itelaat ky baad gardish kr rahi hai,FAKE
1447,ye video 2021 sy american afghan inkhela ky baad taliban ky bary mai reports mai gardish kr rahi hai,FAKE
1448,kuwait mai filipino ky qatal mai mubayina tor par irani muzahireen ki tasaver share ki gain,FAKE
1449,kuwait mai halak hony waly filipino worker ky bary mai jhuti posts purany khabron ka glt istemal kr rahi hain,FAKE
1450,nigeria ky siyasatdan ki britain mai giraftari ky baad azu e tanasil ki kheyp ko china sy rokny ky bary mai purana dhokha,FAKE
1451,south africa ky transport minister ka dawa hai keh garhy tanziya mazmun ki bunyad par achy driver paida krty hain,FAKE
1452,800 sy zyada bachon ko janam deny waly doodh waly ki kahani tanziya site sy shuru hoti hai,FAKE
1453,Pfizer-BioNTech ky muqadamat sy pta chalta hai keh waba shuru hony sy pehly corona virus ky khilaf moderna ki vaccine kaam mai thin,FAKE
1454,pfizer trial mai taqreeban nisf hamla khawateen ka isqat e hamal huwa,FAKE
1455,screenshots sy pta chalta hai keh qadamat pasand siyasi mubasir ben shapiro ny pay check protection program ky qarz ki mafi mai $20000 sy zyada wasul kiye,FAKE
1456,agar ap ky jisam ka pH alkaline hai to ap ko cancer nhi ho skta aur agar ap ko cancer hai to yeh dur ho jata hai,FAKE
1457,video mai tucker carlson ko ak mehman ky sath interview mai speechless dikhaya gya hai,FAKE
1458,corona virus pandamic ki plaing ki gai aur event 201 nami 2019 ki naqal is ky liye ak mashq thi,FAKE
1459,charlie christ ny police ko defend krny ky liye biden ky agendy ki himayat ki,FAKE
1460,american b-1b lancer sy naye intehai muhlik atomic bomb ka tajurba kr raha hai,FAKE
1461,"american numaindy jackie walorski, R-Ind., aur actor Anne Heche ki moat mashkuk aur juri hui hai kyun keh unhon ny pedophilia ky khilaf larny mai shirkat ki",FAKE
1462,taswir sy pta chalta hai keh trump apny florida ky ghar ki FBI ki talashi sy mutaliq united states ki government ky khilaf ak muqadmy mai apni numaindgi kr rahy hain,FAKE
1463,pakistan ke wasaail se malamal suba balochistan mai alehdgi pasand baghiyon ka kehna hai keh unhon ne foji helicopter ko maar giraya jo peer ko selab se mutaliq imdadi karwai ke doran gir gya tha jis mai ak aala foji commander samet sawar tamam 6 afraad halaak ho gaye thy,FAKE
1464,Marjorie Taylor Greene par kal raat joe biden ky DOJ ny chapa mara tha,FAKE
1465,england mai corona virus ky injections lgwany waly bachon ky kisi bhi wja sy marny ka imkan 4423% zyada hota hai aur 13633% ghair vaccine shuda bachon ky muqabaly mai corona virus sy marny ka imkan zyada hota hai,FAKE
1466,tasvir dikhati hai florida ki antiweak mamnuqa kitabon ki fehrist,FAKE
1467,new england journal of medicine ky mutaliye sy pta chalta hai keh vaccine lgwany waly afraad SARS-CoV-2 infection ky 10 din baad ghair vaccine ky muqably mai 5 guna zyada mutadi hoty hain,FAKE
1468,biden ap ky taxes ki chaan been ky liye mazeed IRS agents ko shamil kr raha hai jitna keh hamary pas mulk mai har jurm ki taftesh krny waly jasus hain,FAKE
1469,pur tashadud jurm har waqt ki buland tareen satah par hai,FAKE
1470,japan sy nhi khareedy jaty hain evm farzi dawa ho raha hai viral,FAKE
1471,RBI ny nhi jari kia 1000 rupees ka note viral tasawir farzi hain,FAKE
1472,art of living ki mangolia taqreeb ko japan ka bta kr kia ja raha hai viral,FAKE
1473,meghan markle ko queen elizabeth ii ki akhri rasumat mai shirkat ki ijazat nhi di gai,FAKE
1474,greta thunburg ny chinese logon par zor nhi dia keh wo darakhton ko bachany ky liye chinese kanta istemal krna band kren,FAKE
1475,amnbala mai manchaly shakhs ki pittai ka video jhuty firqawarana dawy ky sath viral,FAKE
1476,ye video ak 3d designer ky zariye takhliq karda tufaan ki digital animation hai,FAKE
1477,baboons ky group ko congress nhi kehty viral dawa farzi hai,FAKE
1478,balakot ki 2005 ky zalzala ki tasveren ho rahi hain viral,FAKE
1479,bollywood sy jury logon ka 2018 ka collage edit kr ky kia ja raha viral,FAKE
1480,bachpan ka pyar gany waly sehdev ko nhi mili 23 lakh ki car farzi khabar ho rahi viral,FAKE
1481,rajasthan ky gangapur mai musalmanon ko nhi marny aai bher galt dawa ky sath video ho raha viral,FAKE
1482,shaam ky 2012 ki video ko ab hindustani airforce ka bta kr kia ja raha hai viral,FAKE
1483,is tasvir mai subramanian swamy apni beti ky sath nhi balky kuch stars ky sath hai,FAKE
1484,is chinese hacker ky sabab nhi huwa tha facebook wahtsapp aur instagram band viral post farzi hai,FAKE
1485,rai bareli ka ak saal purana video gumrahkun dawa ky sath viral,FAKE
1486,saloon purani yeh tasveer south hindustan ki hai dehli riots sy iska koi lena dena nhi,FAKE
1487,agra ky college mai web series ki shooting ky liye lgya gya tha pakistan ka jhanda video farzi dawa ky sath huwa viral,FAKE
1488,tipu sultan naam ki kisi film mai kaam nhi kr rahy shahrukh khan khayali aur farzi poster ho raha viral,FAKE
1489,rajasthan mai ak saal pehly huwe larki ky qatal ko farzi firqawarana dawa ky sath kia ja raha hai viral,FAKE
1490,yeh tasvir 2014 ki numaish mai maya sy mutasir batman ka mujasma dikhati hai na keh qadeem nawadraat,FAKE
1491,posts pfizer ko gumrahkun covid vaccine trail ky dawa ky sath nishana bnati hain,FAKE
1492,srilanka ki singer ky hindustan visit ki nhi balky 2019 ki tokyo airpost ki hai viral tasveer,FAKE
1493,republic tv ky parody account sy kia gya galt tweet farzi dawa ky sath ho raha viral,FAKE
1494,"world economic forum mai, moderna ky ceo stephane bancel ny teraf keh un ki company ny wabai marz shuru hony sy pehly 2019 mai corona virus vaccine ki 100,000 dozes tayar kin",FAKE
1495,south ky superstar prabhas nhi huwe hain bsp party mai shamil viral kia ja raha dawa farzi,FAKE
1496,shaheen bagh ky muzahiry mai yogi adityanath ky bhai nhi un ky ham shakal pohancy thy,FAKE
1497,egypt ki janib sy hindustan ko bheji gai tibbi imdad ko kiya ja raha turkey ki bta kr viral,FAKE
1498,world health organization ny bakery products ko khany sy nhi kia mana farzi post hui viral,FAKE
1499,farzi dawa ky sath viral ho rahi nirbhaya gang rape ky mujrim ki tasveer zamanat par bahar nhi jail mai band hain qasoorwar,FAKE
1500,saudiarab ky vision 2030 ky educational curriculum mai mahabharata aur ramayana ky shamil hony ka dawa farzi hai,FAKE
1501,sunni waqf board ny nhi kia babri hospital bnany aur doctor kafeel khan ko us ky sarbarah rakhny ka faisla viral dawa mangharat hai,FAKE
1502,ismatdari par bjp mp karan khare ky naam sy viral ho raha bayan farzi,FAKE
1503,sarson ky oil sy corona virus ki waba ka ilaj nhi ho skta hai dusry faidy zaror hain,FAKE
1504,pfizer kehta hai keh dudh na pilayen har jgha bachy formula ki kami gates bilkul nai artificial breast ku doodh ki technology ko farogh dety hain sab kuch 2 hafty sy bhi kam mudadt mai yahan dekhny ky liye kuch nhi hai,FAKE
1505,pakistan university ny tulba ko anti valentine day letter bhejny ki tardeed ki hai,FAKE
1506,georgia ky secratory foreign brad raffensperger ny 2020 mai scale ko tip krny ky liye zuckerberg ki raqam ka 50 million dollar istemal,FAKE
1507,amanat ullah khan ny shariya nhi zariya kaha tha video farzi dawa k sath viral,FAKE
1508,pakistani sarkari mulazmeen ky ehtejaj ky bary mai posts mai 2021 sy footage gardish kr rahi hai,FAKE
1509,barf mai dhaky ghar ki austria ki tasver kashmor ky naam par ho rahi viral,FAKE
1510,is formula ki kami ap ko khofzada nah hony dyn apny bachy ko samundari algae ki sath bhang ka dudh bnayen yeh asan hai mai wada krta hun,FAKE
1511,pakistan mai talib ilm ky bank note ky design mai ghalti sy new currency lg gai ,FAKE
1512,bjp ky mp manoj tewari ky liye nhi malaysia ky wazeer e azam ky liye roka gya tha traffic,FAKE
1513,srilanka mai masjid tor kar musalmano ky hindu mazhab apnanay ka dawa galt,FAKE
1514,saudi hakumat ny nhi dia ronaldo ko gold bike video ky sath kia ja raha dawa farzi hai,FAKE
1515,saudiarab ky naam par viral ho rahi srilanka ki tasaweer,FAKE
1516,pakistani opposition politicians ki giraftari par tanaziya khana jungi ky jhuty dawon ko janam deta hai,FAKE
1517,saudiarab mai yeh crowd corona virus ky chalty lockdown ky baad kharidari nhi kr rahi purana video galt hawaly sy viral,FAKE
1518,mujrim 37 admiyon ky jory katny k baad pakra gya,FAKE
1519,atlanta ka shehar lafz women par pabandi lga raha hai,FAKE
1520,lakhnow ky viral video mai firqawarana angle nhi mutasreen aur mulzimaan sabhi ak communittee ky ,FAKE
1521,australia mai tamam joggers ko helmet pehanana chahiye,FAKE
1522,mother teresa ny bachy bechy,FAKE
1523,yeh sadar biden hain jo medicare advantage ko kam krny ki tajwez dy rahy hain,FAKE
1524,sweden ky laxley ki taver ko kashmir ka bta kr kia ja raha farzi dawa ky sath viral,FAKE
1525,surat mai muzahira ky naam par viral ho rahi hain purani tasaver,FAKE
1526,musalmanon ko voting  sy nhi roka gya viral video ka dawa farzi sabit huwa,FAKE
1527,caa ky khilaf bayan deti yeh khaton atiya alvi hain atal bihari wajpai ki bhateji nhi,FAKE
1528,shaam aur afghanistan ky purani tasveer huwi kashmir ky naam par viral,FAKE
1529,tayyip erdoğan ko nhi kia gya giraftar video palestine ka hai,FAKE
1530,pakistani akhbar ki sheh surkhiyon mai quran e pak na parhny ki waja sy any waly selab ka mashwarah dia gya,FAKE
1531,shabana azmi ny nhi kahi mulk chorny ki baat viral message galt hai,FAKE
1532,shadeed bhook lgny par apni biwi ka ghost khaa skty hain sohar saudi mufti ny nhi jari kia esa fatwa,FAKE
1533,shashi tharoor ki 15 maah purani tasver galt hawaly ky saath hui viral,FAKE
1534,shahrukh khan ky naam par viral huwa yeh bayan farzi hai,FAKE
1535,lata mangeshkar ky akhri didar ki is tasver mai shahrukh khan ky sath nazar arahi khaton in ki manager pooja hain,FAKE
1536,libya ky samundar mai huwe behri jahaz hadsa ka nhi hai viral kia ja raha video,FAKE
1537,"morocco ki masjid al hassan sani mai 8 lakh logon ky namaz ada krny ka dawa gumrahkun hai, namaz taraweeh ki yeh tasver bhi purani hai",FAKE
1538,corona virus par yeh viral message unicef ny nhi kia hai jari,FAKE
1539,quick 4 din tak gharara krny aur chai peny sy corona virus thik hony ka dawa farzi hau,FAKE
1540,alia bhat ki beti ky naam sy viral tasver edited hai galt dawa huwa viral,FAKE
1541,tufaan ky purany video ko kia ja raha haal ka btaty huwe share,FAKE
1542,sadar e mumliqat ny seema haider ki darkhwast par koi jawab nhi dia viral video award taqreeb ky khitab ka hai,FAKE
1543,tariq fateh ko canada sy nhi nikala hai police ehalkaron sy mazaq ki yeh tasver purani hai,FAKE
1544,building mai lgi agg ka yeh video abudhabi ka hai turkiye ka nhi,FAKE
1545,fake hai navjot singh sindhu ki pakistan ky jhandy wali picture,FAKE
1546,imran khan ky sath khana khany wali rahul gandhi ki tasver farzi hai,FAKE
1547,iran mai agar ak 12 sala bachi ki ismatdari ki jati hai aur usky walid ko hamla kr dia jata hai to usy bachy ko saza k liye ly jana chahiye ya umer bhar ky liye jail mai daal dia jana chahiye intezar kren maaf kijiye ka nhi yeh alabama hai,FAKE
1548,pakistan ky human rights ky wazeer sirf crop picture mai mask pehny huwe shakhs nhi thy,FAKE
1549,pakistan ky aanjahani hukmaran yahya khan ky qareebi sathi ky bary mai jhuti posts mai bharti singer ki video share ki gai,FAKE
1550,usmania hospital ky murdakhana ka yeh video taqreeban 6 saal purana hai covid 19 sy nhi hai koi taluq,FAKE
1551,arab league ka abhi bhi hissa hai qatar aur palestine viral post ka dawa farzi hai,FAKE
1552,pakistan ky sabiq wazeer e azam khan ky muawin ny giraftari ki koshish ky bary mai tweet mai galt tasver share ki,FAKE
1553,jammu kashmir ky doda mai giraftar fidaain ky naam par pakistan mai pakry gaye manshiyat smuggler ki purany tasver viral,FAKE
1554,fix nhi ftx ka ad lga tha hindustan banam afghanistan maych mai viral tasveer edited hai,FAKE
1555,bubonic plague ky mareez ki tasveer ko norway mai quran nazar e atish krny ki koshish krny waly shakhs sy jor kr kia ja raha viral,FAKE
1556,imran khan ky sath narindra modi nhi sabiqa biwi hain farzi hai viral tasver,FAKE
1557,ghulaf e kabba par nhi charhaya tha shakhs ny dudh balky ki thi khud sozi ki koshish,FAKE
1558,farooq abdullah ky bharat mata ki jaye ky nary wala video amit shah ky wazeer e dakhla banany ky baad ka nhi,FAKE
1559,ye video ethopiya mai graduation ki taqreeb ky bary mai posts mai 2020 sy gardish kr rahi hai,FAKE
1560,ukraine ny russian language par pabandi ky qawaneen ko apnaya,FAKE
1561,armour manufacturing country ki wahid industry hain jinhen qanuni charah joi sy istesna hasil hai,FAKE
1562,monkeypox ak lab mai bnaya gya tha aur injection ky zariye dia gya tha,FAKE
1563,foj ny nhi kia kashmiri khatoon ky sath tashadud pashto singer aur actoresss neelam gull ki pictures hi rahi hain viral,FAKE
1564,monkeypox ky bary mai 2021 ka ak mazmun jis mai shingles rash ki ak tasver istemal ki gai hai is sy sabit hota hai keh monkeypox virus ak dhokha hai,FAKE
1565,video mai dikhaya gya hai keh ukraine mai helicopters ko ghaat lga kr utara ja raha hai short range hawa sy hawa mai maar krny wala missile,FAKE
1566,jeshuda bin ki 4 saal purani mumbai ki tasver shaheen bagh ky naam par hui viral,FAKE
1567,fake purani photo ki aar mai army ko badnaam kia ja raha hai,FAKE
1568,fareedabad ky atali ky naam par viral ho raha purana video 4 saal pehly huwa tha hangama,FAKE
1569,kashmir ky naam par viral ho raha hai morocco ka 6 saal purana video,FAKE
1570,US DA prediction kr raha hai keh 2022 ky mosam e khizan tak egg prices 12 dollar par dozan hongi,FAKE
1571,corona virus ko ly kr dehli police ny nhi jari ki yeh guideline viral post farzi hai,FAKE
1572,corona vaccine mai chup hony ka dawa kr rahy mazhabi rehnuma pakistani hain hindustani nhi,FAKE
1573,kashmir ki purani tasweer ko social media par phir sy kia ja raha viral,FAKE
1574,safaidfaam bala-dasti california ky san bernardino mai tamam wallmarts ko goli maar kr siyahfamon aur maskinon ko mar dalen gy,FAKE
1575,6 january 2021 ko US capital par hamlah ek dhul jhonka tha,FAKE
1576,kabba shareef ka darwaza khulny ky manzar ky video ko kia ja raha farishton ki azan aur namaz ky dwa ky sath viral,FAKE
1577,kabba shreef mai video sy log farishton aur jinnat ki namaz ko record nhi kr rahy thy viral dawa farzi hai,FAKE
1578,joe biden ny ak new card manzur jo 25 saal ya is sy zaya umer ky americans ko muft health insurance deta hai,FAKE
1579,corona virus chaar roz tak galy mai rehta hai is ka koi sabut nhi hai,FAKE
1580,gavin newsom ny mubayina tor par nancy pelosi ki darkhwast par mudakhlt ki aur california highway petrol ko barahyrast hukam dia keh wo paul pelosi ky khilaf DUI ki giraftari ky liye tamam ilzemat ko khatam kry ,FAKE
1581,muhammad bin salman ky naam sy muft hajj form ky dawa ky sath farzi link viral,FAKE
1582,kolhapur mai mazhabi mamla mai na dhamki di na qatal huwa post mehaz ak afwa,FAKE
1583,covid 19 ky ilaj ka dawa krny wali patanjali ki dawa par lgi pabandi moasar hai hakumat sy manzuri milny ky dawa ky sath viral post farzi,FAKE
1584,gutter mai giry larky ko bachany ka yeh video pakistan ka hai mumbai ka nhi,FAKE
1585,masjid mai machine gun milny wali baat jhuti hai 2019 ky mamla ko ab kia ja raha hai viral,FAKE
1586,muslim nhi hai nehru khandan farzi shajranasb ky zariye ki ja rahi galt tashheer,FAKE
1587,guzishta roz munhadim huwa pull 50 saal purana hai wazeer e azam modi ny nhi kia tha is ka iftetah,FAKE
1588,gorakhpur madisa mai black board par likhi sanskrit ko edit kr ky firqawarana farzi dawa ky dawa ky sath kia gya viral,FAKE
1589,lalu ky baiton ka ak saal purana dance video gumrahkun dawa ky sath ho raha viral,FAKE
1590,viral post mai dikh rahy shakhs lok sabha sadar nhi hain,FAKE
1591,yeh khatoon parda krny ky liye nhi isi ky liye kaam krny par giraftar hui thi,FAKE
1592,luke montaigner ny nhi kaha keh covid vaccine lgwany walon ki hi jaye gi 2 saal ky andar moat viral ho rahi yeh post farzi hai,FAKE
1593,mob launching ka viral video india ka nhi balky bangladesh ka hai,FAKE
1594,lebonon ki nhi hai ye viral tasweer 2012 ki shaam ki photo farzi dawa ky sath viral,FAKE
1595,larki ky walid ny nhi balky oman ky shiekh ny ki nabaligh sy shadi viral post ka dawa galt hai,FAKE
1596,varanasi mai inspector ki pitai krny waly bjp karkunaan nhi thy,FAKE
1597,honduras ki fish rain ki reports china mai truck hadsy ki purani tasveer dikhati hain,FAKE
1598,mars par hazrat muhammad ﷺ ka naam hony ka dawa ky sath jis tasver ko viral kia ja raha hai digitally tayar ki gai photo hai,FAKE
1599,mask checking ky naam par up police ka farzi message viral,FAKE
1600,fact check pakistani singer meesha shafi ko nhi hui 3 saal ki saza viral dawa farzi hai,FAKE
1601,fact check garam bhaap aur chai sy corona virus ky ilaj ka dawa krny wali post farzi hai,FAKE
1602,imran khan ky sath khaton ki tasver scheme launch ky doraan ki hai bhartiya khatoon ki edited photo btaty huwe kia ja raha viral,FAKE
1603,bazurg shakhs ki tasver 1999 mai ak aur zalzaly ki hai turkiye ky haliya zalzala sy nhi koi hai taluq,FAKE
1604,morocco ki charwaha bachi ki tasweer ko kia ja raha france ki sabiq wazeer e azam bata kr share,FAKE
1605,mareez ki pitai krty huwe doctor ka viral video kanpur ky sarkari hospital ka nhi,FAKE
1606,egypt ky shakhs ny apni mubayina mehbuba ky liye nhi bnaya danton ka haar viral kahani farzi hai,FAKE
1607,egypt ky sharqiya mai ghair qanoni ghar ko tory jany ki tasweer farzi kahani ky sath viral,FAKE
1608,masla e kashmir ky sabab colonel vijay acharya ny nhi dia istefa retired officer ky proxy handle sy propoganda tweet huwa viral,FAKE
1609,namaz ada krty logon ki yeh tasweer 2018 ki hai lockdown sy nhi hai koi taluq,FAKE
1610,hindustan mai madaris par pabandi lagany ko ly kr nhi dia tha apj abdulkalam ny koi bayan,FAKE
1611,nhi huwa pakistan ky sabiq wazeer e azam imran khan ka inteqal dawa farzi hai,FAKE
1612,multavi hony ky baad dobara psl ky 11 march sy shuru hony ka dawa farzi hai,FAKE
1613,mulk ki tamam larkiyon ky liye muft scooty ki koi scheme nhi farzi video ho raha viral,FAKE
1614,mac in india ky tehet 2 crore nujawan ko muft laptop deny wali khabar farzi hai,FAKE
1615,minar e pakistan ki purani tasveer ko pdm ky jalsy sy jor kr kia ja raha viral,FAKE
1616,nigeria mai muzhira kr rahy logon ky play card par edit kr ky chipkai gai hai sushant singh rajpoot ki tasweer,FAKE
1617,nabi kareem ﷺ ny 1400 saal pehly nhi bandha is pathar ko post ka dawa farzi,FAKE
1618,nhi russia ny india ko nataij sy khabardar nhi kia viral cnn ka screenshot edit kr dia gya,FAKE
1619,nhi yeh tasveer gujarat ki bullet train ki nhi hai,FAKE
1620,nobel inam yafta luc montagnier ny covid 19 vaccine ky bary mai yeh nhi kaha viral post fake hai,FAKE
1621,nepal ki purani tasveer hindustan ky naam par viral is photo ka lockdown sy nhi hai koi taluq,FAKE
1622,hariyana ny sarsa zila mai bacha chor groh ky sargarm hony wali khabar farzi,FAKE
1623,haryana mai huwe asatza ky muzahiry ko kashmir ka bta kr kia ja raha viral,FAKE
1624,hillary clinton ky sath usama bin ladin ki tasveer  edited hai hindustani singer ki 2004 ki photo mai ki gai hai tarmeem,FAKE
1625,himaliya company ky ceo ki tasweer galt naam aur dawa ky sath ho rahi hai viral,FAKE
1626,hindu muslim ki farzi dawa ky sath ho rahi hai viral madhiya pardesh ka purana video,FAKE
1627,hindustan ki shikast ky baad jashan ky doran bangladeshi shakhs ko nhi lgi agg farzi hai viral post,FAKE
1628,yemen ki purani tasveer ky sath afghan airport mai kamzor security ky baary mai tanziya posts gumrah krti hain,FAKE
1629,hindustani jawan ki nhi kurd khatoon fighter ki hai ye tasvir,FAKE
1630,hawa mai mojud chattan ki tasver photoshopped hai asal mai viral pathar teen choty patharon par thika hai,FAKE
1631,hawa mai nazar araha ye khajur ka darakht crane ky zariye bandha huwa tha video ky sath kia ja raha dawa farzi hai,FAKE
1632,haiti sadar ky qatal ky baad nhi hui khatoon e awal ki moat viral post afwa hai,FAKE
1633,yeh corona virus ki vaccine nhi covid 19 test kit hai,FAKE
1634,yeh gariyan mosam ki garmi sy nhi agg ki garmi sy pighli thin,FAKE
1635,up police ny nhi badmaashon ny ki thi khatoon ki pitai viral video 2016 ka hai,FAKE
1636,up ky muradabad mai ghar par taranga lgaye jany sy rokny ky dawa ky sath viral ho raha video farzi,FAKE
1637,unesco nhi krta qomi taranon ko recon,FAKE
1638,is video mai united arab emirates mai indonesia ky sadar joko widodo ky nam sy mansub ak gali ko dikhaya gya hai,FAKE
1639,kabul ky uper sy helicopter ki parwaz ki video mai afghan qomi fakhar ka gana shamil krny ky liye tarmem ki gai,FAKE
1640,clip mai dikhaya gya hai keh hindustani karkun bila moavza ujrat par solar panel tabah kr raha hai lanat nhi,FAKE
1641,computer sy tayar karda tasver mai elon musk ko robot biwi ky sath nhi dikhaya gya,FAKE
1642,kuwait mai filipino worker ky qatal sy munsalik american adalat ki purani hearing ka clip,FAKE
1643,quick bihar ki jail mai guzishta saal hui mock drill ky video ko kia ja raha phir sy viral,FAKE
1644,godaam mai agg lgny ki purani video abudhabi mai 2022 ky hosi hamly ki footage ky tor par jhoti tor par share ki gai,FAKE
1645,gas cylinders ki mayad khatam hony ki dates nhi chapi hui hain,FAKE
1646,lebia mai behri jahaz ky tabah hony ki purani tasaver ko egypt ky tarkeen e watan ki kashti ki tabahi ky tor par galt tor par share kia gya,FAKE
1647,leonal messi ko sign krny ky baad bsg ny ak din mai 23 million nhi balky 3 million instagram followers hasil kiye,FAKE
1648,mahireen ka kehna hai keh covid 19 test kits mai positive aur negative control swab sirf quality control ky liye istemal hoty hain,FAKE
1649,mahireen ka kehna hai keh jab suraj sab sy zyada dur hota hai to us ka darja harart ya insani sehat par koi asar nhi parta,FAKE
1650,marhalawar wabai marz ky hissy ky tor par corona virus ki mukhtalif halaten jari nhi ki gain,FAKE
1651,mashoor pakistani tiktok user haiderabadi mot ky jhansy mai nishana bna,FAKE
1652,makkah ki azeemushan masjid mai zeer e hirasat shakhs ki video ky sath jhuta dawa gardish kr raha hai,FAKE
1653,malavi ny qomi parcham mai south korea ka nishan shamil nhi kia,FAKE
1654,man gharat news alert ka jhuta dawa hai keh russian president ny south africa ki anc ko apny mamlaat sy dur rahny ko kaha,FAKE
1655,mohlik sarak hadsy ki video kenya ky capital nairobi mai nhi balky chicago mai bnai gai,FAKE
1656,moarikheen ka kehna hai keh vaccine ka certificate online share kia gya hai jo 1906 ka hai,FAKE
1657,maradona ko alvidai boli dety huwe pele ki doctor shuda tasver online gardish kr rahi hai,FAKE
1658,mexican cartel ny ukraine ky liye american weapon hasil krny ka koi sabut nhi dia,FAKE
1659,may 2022 mai hindustan ky zyr e intezaam kashmir mai ehtejaj ky tor par 2018 ki american ralley ki tasweer ko galt tareeqy sy paish kia gya,FAKE
1660,nigeria aur kenya mai purany cockroach ky x-ray hoax ka naya version gardish kr raha hai,FAKE
1661,nigeria alehdgi pasand group sy trump ky jhuty rawabit par biden ki mohim ko 600 million dollar ka atiya nhi dy raha hai,FAKE
1662,nhi ap ko marny ky liye ap ki gari par fentanyl sy lgi neeli tape nhi lgai ja rahi hai,FAKE
1663,nhi yeh tasveer ak jahaz dikhati hai jo 1968 mai chilli mai gira tha,FAKE
1664,naye pakistan ky note mai emandarana zindagi guzarny ky hawaly sy quotation barqarar hai,FAKE
1665,naye pakistan ky wazeer e azam singer ky bary mai jhuty dawy ki zad mai agaye unhen daftar mai serenating,FAKE
1666,highway dhamaky ki video ko ev ky tasadum ky tor par galt tareeqy sy paish kia gya,FAKE
1667,hajum ki footage mai kenya mai university ka ehtejaj dikhaya gya hai france mai covid 10 ka muzahira nhi,FAKE
1668,hermann goering sy galt mansub khof par iktebas,FAKE
1669,hindustan ky zeer e intezam kashmir ki video mai kisi shakhs ko pakistan khudkush hamly ky baad ghamzada nhi dikhaya gya hai,FAKE
1670,hindustani wazeer e azam ki tasver jis ka saya janwar sy milta julta hai digitally change kr dia gya hai,FAKE
1671,world economic forum ny july 2021 mai omicron ky mukhtalif qism ki report nhi ki asal mazmun ko update kia gya tha,FAKE
1672,video 2018 mai america par tufaan dikhati hai 2022 mai pakistan mai nhi,FAKE
1673,video december 2021 sy indonesia ky social media trend ky bary mai posts mai online gardish kr rahi hai,FAKE
1674,video game ko ukraine ky tanaziye ki live footage ky tor par galt tor par share kia gya,FAKE
1675,ye tufani video 2020 mai australia mai li gai thi 2022 mai pakistan mai nhi,FAKE
1676,ye galt sub title wali video hai jis mai putin ko 2016 ki foji prade ky doran taqrer krty huwe dikhaya gya hai,FAKE
1677,ye footage 2016 mai malaysia mai hony waly hamly ky bary mai media reports mai gardish kr rahi hai,FAKE
1678,yeh footage july 2020 sy egypt mai oil ki pipeline mai dhamaky sy mutaliq reports mai gardish kr rahi hai,FAKE
1679,ye footage french soilders ko dikhati hai ye kam az kam 2019 sy online gardish kr rahi hai,FAKE
1680,ye clip 2017 sy mexico ky ak airport par flood sy mutaliq reports mai gardish kr raha hai,FAKE
1681,ye clip 2020 ky american elections sy mutaliq nhi hai is mai dikhaya gya hai keh kharab chicken ko saudiarab mai phenka ja raha hai,FAKE
1682,donald trump ki rally kisi ky nah any ky baad band kr di gai,FAKE
1683,"germany mai lakhon solar penal baraf mai dhaky huwe hain aur 30,000 wind turbines bekar baithy hain kyun keh wahan hawa nhi hai",FAKE
1684,adam laxalts ka kehna hai keh ye achi khabar hai keh wabai amraz ky baad un mai sy boht sy spanish small scale business kabhi dobara nhi khuly,FAKE
1685,Merrick Garland ny trump ko farar hony ki mansuba bandi krty huwe pakar lia,FAKE
1686,Department of Homeland Security aur Department of State ny joe biden ky mukhalifen ko sensor krny k liye election integrity partnership nami group ky sath mil kr kaam,FAKE
1687,2022 ky intekhabat mai mukamal curated belts ki bary paymany par munteqali ky sabut mojud hain,FAKE
1688,the great reset sarmayakari ko ak asy moashi nizam sy badalny ki wakalat krta hai jo ak qisam ka socialism communism ki trha lekin zyada tar sirf fascism hai,FAKE
1689,55000 saal pehly dunya ajj ky muqably mai 2 degree celsius zyada garam thi,FAKE
1690,wiley nickels paidaish ky moqam tak yahan tak keh baad az paidaish tak abortion ki himayat krta hai,FAKE
1691,california ky senate bill 107 ka mtlb hai agar ap sinfi tafveez ki surgery ki tasdeeq nahi krty hain to ap ky bachy ko ab ap ki tehweel sy lia ja skta hai,FAKE
1692,donald trump twitter par wapis agaye hain elon musk ka shukriya,FAKE
1693,norway biden ka muqabla krny ky liye apni foj ko tyar krta hai,FAKE
1694,6 january ki samaat achanak tor par masukh kr di gai thi jab yeh inkeshaf huwa tha keh news network isy nhi dikha rahy hon gy,FAKE
1695,buzz aldrin ny eteraf keh chand par utarna nhi huwa,FAKE
1696,judge Elaine Cannon ny apna license kho dia,FAKE
1697,Antony Blinken ny etaraf kia keh Biden Nord Stream pipeline leak ky liye zimedar hai,FAKE
1698,ak bachy ki moat ky baad pury uk mai defibrillators nasb kiye ja rahy hain jis ki wja yeh ho skti hai keh britain ny achanak 11 saal sy kam umer bachon ky liye corona virus vaccination kyun rok di,FAKE
1699,tanziya video gumrahkun tor par chinese officer ky haqeeqi covid 19 mashwary ky tor par share ki gai,FAKE
1700,opposition leader ky khilaf south korea ki police ky ehtejaj ki tasveri tasver online ko gumrah krti hai,FAKE
1701,man gharat khabren wazeer ky andy ki kami ky remarks par malaysia ko gumrah krti hain,FAKE
1702,world cup harny ky baad japan team dressing room ky bary mai tanziya posts online gumrah krti hain,FAKE
1703,victoria pool sy qabal liberal party par tanqeed krny wali tanziya tasaver social media sarfeen ko gumrah krti hain,FAKE
1704,state elections ky votes ki ginti kry ga ky dawy ky baad australia mai tanziya wef posts gumrah krti hain,FAKE
1705,south korean first lady at flood cleanup ki tanziya tasver facebook user ko gumrah krti hai,FAKE
1706,sara duterte ky philippines ki sadarat sambhalny ky liye bary paimany par call ky bary mai tanziya posts sy philippinos ko gumrah kia gya,FAKE
1707,tanziya posts world economic forum ki taraf sy jali antibug tasub tweet share krti hain,FAKE
1708,social media sarfeen china ky sakht covid lockdown ka mazaq urany wali tanziya video par gir pary,FAKE
1709,ye bjp ky tarjuman ky cooking gas ky tabsaron ky bary mai koi haqeeqi khabar nhi hai,FAKE
1710,bharati siyasatdan uddhav thackeray ny apna istefa tv par dekha gumrahkun posts,FAKE
1711,tanziya video is dawy ky sath share ki gai hai keh is mai ufc player chinese khawaten par hamly ki mazammat krty huwe dikha gya hai,FAKE
1712,myanmar mai bijli band hony ky bary mai mazhiya posts social media users ko gumrah krti hain,FAKE
1713,galt tarjuma shuda clip mai dikhaya gya hai keh maradona ny 2018 mai mexican football team sy sawal kia,FAKE
1714,is video mai dikha gya hai keh israeli foji palestinian areas mai ak tyre ko rokny ki koshish kr rahy hain,FAKE
1715,machli ki theme wali usb sticks ky japanese takhliqkar ka kehna hai keh us ny ihen mazaq ky tor par tayar kia tha,FAKE
1716,south korea ky sadaarti umeedwar ky sir bulany ki aadat ky bary mai tanziya tasver online ko gumrah krti hai,FAKE
1717,purany tv screenshot ko 2022 mai china ky hainan province mai foji tasadum dikhany ky liye tayar kia gya,FAKE
1718,video mai logon ko new south wales ky wazeer e azam ky istefa ky baad khushi ka izhaar krty huwe nhi dikhaya gya hai,FAKE
1719,philippini actress ki national media ky sath moahidy par sign krny ky mazaaq ki khabren social media sarifeen ko gumrah krti hain,FAKE
1720,social media posts mai gumrahkun dawy ka ishteraak kia gya hai keh barcode ky sabqy ye zahir kr skty hain keh aya koi product israel mai bnaya gya hai,FAKE
1721,ak news reporter ki nadi mai girny ka ye clip ak mazhiya group ny bnaya tha,FAKE
1722,ye tanziya vido 2020 mai purani black and white movie clips ka istemal krty huwe bnai gai thi,FAKE
1723,ye flying penguins animation darasal bbc ki traf sy 2008 mai april fool day ky liye tayar krda ak dhoka hai,FAKE
1724,is tasver ko former thai king rama ix ky kutty ki tasver shamil krny ky liye tayar kia gya hai,FAKE
1725,is taswir ko sabiq thai army chief ki wardi par mazeed tamghy shamil krny ky liye tayar kia gya hai,FAKE
1726,singapur ky qabaristan mai nishan ki is tasvir ko bhoot warning shamil krny ky liye tayar kia gya hai,FAKE
1727,mafrur south korean businessman ki giraftari ky bary mai tanziya tweets sy purani xray pictures utha li gain,FAKE
1728,amitabh bachchan ky naam par viral hui gumrahkun khabar clickbait headline ky zariye phelaya gai post,FAKE
1729,school mai prayer ky waqt azan ka ye video jharkhand ka nhi assam ka hai,FAKE
1730,aazamghar ky fatima girls inter college ki tasveer kerala ki bta kr viral,FAKE
1731,assam mai sabhi madaris ko band kiye jany ka gumrahkun dawa ho raha social media par viral,FAKE
1732,turkmenistan mai ab muft nhi hai pani gas aur bijli viral dawa gumrahkun hai,FAKE
1733,tuti sarak ki ye tasveer varanasi ki nhi gujarat ky ahmadabad ki hai,FAKE
1734,jammu o kashmir ki 17 saal purani tasvir ko guzishta roz ki bata kr kia ja raha share,FAKE
1735,lakhnow mai caa mukhalif muzahira mai giraftar rickshaw driver ky naam par dehli ky rickshaw waly ki tasweer viral,FAKE
1736,pnb ki ghaziabad branch ky mulazmeen ky coronavirus sy mutasir hony ky bary mai viral ki ja rahi post gumrahkun ,FAKE
1737,2018 mai sirinagar mai hui patharbazi ki tasvir ko riaz naikoo ki mot sy jor kr kia ja raha hai viral,FAKE
1738,patna mai masjid sy chinese musalmanon ky pakry jany ka dawa glt gumrahkun dawa ky sath viral ho raha video,FAKE
1739,is african khatoon ny nhi dia 11 bachon ko janam viral tasveer gujarat ky hospital ki hai,FAKE
1740,diwaron par qunda qurani aayat ka video egypt ky islamic cultural center ka hai uzbekistan ky mutaliq dawa gumrahkun hai,FAKE
1741,philippine ky post office mai lgi agg ky video ko sweden sadaarti mehal ky dawa ky sath kia ja raha viral,FAKE
1742,france ky naheel marzouk ky janaza ka nhi hai ye video dawa gumrahkun hai,FAKE
1743,singer irfan miki ky hajj par gaye naghmy ko micheal jackson ky gany ky hawaly sy kia ja raha viral,FAKE
1744,islamabad mai imran khan ky hamiyon ky muzahiry ky naam par viral kia ja raha video american country ka hai,FAKE
1745,turkiye elections ky abhi nhi aye results tayyip erdoğan ky fatah ka dawa gumrahkun hai,FAKE
1746,scandal mamla mai imran khan ki haliya giraftari sy juri hui nhi hai ye tasveer viral photo 2013 ki hai,FAKE
1747,masjid e aqsa par haal hi mai hui israeli karwai ki nhi hai ye tasveer purani photo gumrahkun hawaly sy viral,FAKE
1748,aggzni ky is video ka nhi hai israel ya lebonon sy koi taluq bangladesh ki kapron ki market mai lgi agg ka video gumrahkun hawaly sy viral,FAKE
1749,france mai pension ko ly kr ho rahy muzahiry ki nhi hai ye tasveer football madahon ki tasver ki photo,FAKE
1750,saudiarab mai inhedaam ki gai building keh video turkiye aur shama mai aye zalzala ka btaty hue kia ja raha viral,FAKE
1751,turkiye hotel ky zalzala ka ye video purana haai,FAKE
1752,janwar ki ye tasver ka taluq turkiye mai aye haliya zalzaly sy nhi hai,FAKE
1753,shehbaz shareef ki giraftari ka 2020 ka video haliya btaty hue viral,FAKE
1754,bhens ko goli marny ka pakistan ka purana video hindustan ky dawa ky sath viral,FAKE
1755,afghanistan mai roty huwe nazar arahy logon ky is video ka nhi hai haliya zalzaly sy koi taluq,FAKE
1756,agg mai jalty hiran ki purani tasver ko kia ja raha pakistan ky koh sulaiman ky paharon mai lgi agg ka btaty huwe viral,FAKE
1757,2018 ki tasweer ko kia jaraha haal mai damishq ky airport mai lgi agg btaty huwe viral,FAKE
1758,chinese city ky design ki photo ko kia jaraha damishq ka future ki picture btaty huwe viral,FAKE
1759,russia mai islam ko nhi dia gya hai official religion ka darja viral post gumrahkun hai,FAKE
1760,film ky set ky hissy ky tor par imarat par banners lgaye gaye thy,FAKE
1761,viral video mai wazeer e azam modi nhi kr rahy pakistan ky no-muntakhib wazeer e azam shehbaz shareef sy baat dawa gumrahkun hai,FAKE
1762,china mai huwe tyara hadsa ka nhi balky moscow ka ye viral video,FAKE
1763,peshawar dhamaka ky naam par viral hui tasver purani hai,FAKE
1764,jacob blake ki police ki firing ky baad kenosha mai government tony evers aur 2020 ky tashadud ky bary mai akhir mai madad anyy sy pehly hi janon ka ziya huwa,FAKE
1765,2019 mai pakistan pohanchi srilanka cricket team ki security ki tasver ko newzealand team sy jor kr kia ja raha hai viral,FAKE
1766,afghanistan safeer ki gaib hui beti ki nhi hai yeh viral tasweer,FAKE
1767,quran ky pages ki 2013 ki ye tasver haliya peshawar hamla ki btaty huwe viral,FAKE
1768,viral video kabul airport dhamaka ka nhi balky kazakhstan ka hai,FAKE
1769,kabul qabza ky baad taliban ny nhi di hindustan ko dhamki viral video purani hai,FAKE
1770,denmark mai muslim abadi sy vote deny ka haq chenany ka dawa krny wali post hai gumrahkun,FAKE
1771,pm modi ny pakistan ko ly ye bayan apny american dory mai nhi dia 2019 ka video gumrahkun hawaly sy viral,FAKE
1772,sarak par bike ky phisalny ka video mumbai ka nhi karachi ka hai,FAKE
1773,nupur sharma ko dhamki deny waly molana ko up nhi rajasthan police ny kia hai giraftar,FAKE
1774,pm modi aur abudhabi ky wali ehad ka 2019 ka video gumrahkun dawa ky sath huwa viral,FAKE
1775,yaseen malik ki biwi ky teen saal purany video ko ab kia gya viral,FAKE
1776,nainital mai musalmanon ki barhti hui abadi ky dawa ky sath tasver bangladesh ki hai,FAKE
1777,shan e muhammad mai nikali gai ralley ka yeh video saudiarab ka nhi balky 2019 ka yemen ka hai,FAKE
1778,karina ny film laal singh chaddha par nhi balky nepotism par dia tha ye bayan,FAKE
1779,odisha ky chandeshwar mandir aur ajmer dargah ki tasver gyanvapi masjid ky naam par viral,FAKE
1780,pm modi ki imran khan sy mulaqat ka 2015 ka video huwa khufia mulaqat ky farzi dawa ky sath viral,FAKE
1781,yogi adityanath ny nhi ki pathan film ky boycott ki appeal kai saal purana bayan galt dawa ky sath viral,FAKE
1782,karnatak highcourt ky baad mumbai high court ny nhi sunaya hijab mamla par koi faisla viral post gumrahkun hai,FAKE
1783,china ky godaam mai 2015 mai huwe dhamaka ki video ko kia ja raha ukraine ka btaty huwe share,FAKE
1784,ukraine ki purani tasver ko kia ja raha haliya tanaziya sy jorty huwe viral,FAKE
1785,viral video ka hijab muzahiry sy nhi hai koi taluq purana video gumrahkun dawa ky sath viral,FAKE
1786,bsp sarbarah mayawati ky barson purana video ab up elections mai viral,FAKE
1787,west bengal ky purany video ko uttarpardesh intekhabaat sy jorty huwe kia ja raha viral,FAKE
1788,july 2021 mai muzaffarnagar mai roki gai thi bjp ki intekhabi mohim ki gari video gumrahkun dawa ky sath viral,FAKE
1789,yemen ky sanaa mai haal mai huwe hamla ki nhi hai yeh tasver gaza ki purani photo viral,FAKE
1790,greta thunberg ko hazaf shuda tweet ky bary mai gumrahkun surkhiyon ky sath nishana bnaya gya,FAKE
1791,cm yogi aditya nath ki hand pump sy pani pety huwe tasver ky sath ki gai cher chaar viral post gumrahkun hai,FAKE
1792,farooq abdullah ka ye bhajan gany ka video dafa 370 ky mansukh hony sy pehly ka hai,FAKE
1793,is nujawan ki tasver nhi hai writers ki wahid photo of the year 2021 viral dawa gumrahkun hai,FAKE
1794,2013 ki ralley mai zakhmi huwe imran khan ka video huwa gumrahkun dawa ky sath viral,FAKE
1795,shaam mai 2014 mai zakhmi huwe bachy ki tasver ko palestine ki bta kr kia ja raha viral,FAKE
1796,bangladesh mai tashadud ki bta kr ki ja rahi hai west bengal ky skan mandir ki purani tasvir viral,FAKE
1797,chhattisgarh ky mazhabi jalus mai paish aye mamla ka nhi hai koi firqawarana angle gumrahkun post hui viral,FAKE
1798,dehli university mai huwe tulba tanzeemon ky darmiyan tasadum ki tasver kia ja raha gumrahkun dawa ky sath viral,FAKE
1799,helicopter crash ki ye tasver kashmir ky adhampur ki nhi balky 2017 ki hai,FAKE
1800,bihar ky muharram jalus ky video ko kia ja raha hai galt dawa ky sath viral,FAKE
1801,muzaffarnagar mahapanchayat ki nhi hai ye viral taswer purani photo galt dawa ky sath viral,FAKE
1802,greece ki photo ko algeria ki btaty huwe kia ja raha share,FAKE
1803,sardar vallabh bhai patel ki janib sy di gai dawat ki tasver nehru iftaar party ky naam sy viral,FAKE
1804,ranko singh ko ipl mai pehla moqa kings eleven punjab ny dia tha gumrahkun dawa viral,FAKE
1805,khawateen par tashadud ky purany video ko kia ja raha pakistan ky atty ky bohraan sy jorty huwe viral,FAKE
1806,aansu gas shell ki purani tasver ko kia ja raha zaman park sy jorty huwe viral,FAKE
1807,pakistan mai viral kia ja raha pm modi ka 2016 ka video pakistani hukmaranon par ki thi baat,FAKE
1808,asmaan mai nazar arahy hazron parindon ka ye video ukraine ky kaif ka nhi balky america ka hai,FAKE
1809,2017 mai siyahfam khaton par custody mai huwe hamla ky video ko kia ja raha gumrahkun dawa ky sath viral,FAKE
1810,thai small flight mai hindustaniyon ky darmiyan hui larai ky video ko pakistan ky leader ki pitai ka btaty huwe kia ja raha viral,FAKE
1811,islam qabool krty huwe nazar araha ye shakhs argentina ka goal keeper nhi hai,FAKE
1812,saudiarab ny nhi lgai masjid ky loud speakers par pabndi viral dawa gumrahkun hai,FAKE
1813,drone par nazar arahy is shakhs ka ye video fifa worldcup 2022 ka nhi hai,FAKE
1814,kalma parhny waly in logon ka video fifa worldcup 2022 ka nhi hai,FAKE
1815,purana video ho raha dehli mai aye zalzaly ky khatky ka btaty huwe viral,FAKE
1816,pakistani sahafi hamid mir ka ye video imran khan par huwe hamly sy pehly ka hai viral dawa gumrahkun hai,FAKE
1817,hospital mai chalty huwe nazar arahy imran khan ka ye video august 2021 ka hai,FAKE
1818,imran khan par huwe hamly ky baad ka nhi hai un ka ye video dawa gumrahkun hai,FAKE
1819,video mai iraq mai performance art dikhaya gya hai jis mai dikhaya gya hai keh kis trha yazeedi khawateen ko islamic state group ny farokht kia tha,FAKE
1820,apny aqeeda ki waja sy nhi balky ehtejaj ky doraan logon ny tory thy solar penal video gumrahkun dawa ky sath huwa mashriq e wusta sy viral,FAKE
1821,kashmir ky kupwara mai dukanon mai lgi agg ka nhi hai bhartiya foj sy koi taluq farzi post ho rahi viral,FAKE
1822,virat kohli ko award dy rahy shakhs rishi sonak nhi former cricketer ashish nehra hain,FAKE
1823,giraftari ki purani video gumrahkun tor par pakistani rehnuma ky dora saudiarab sy munsalik hai,FAKE
1824,amir khan ki ex wife kiran rao ki teen saal purani tasver current bta kr ki ja rahi share,FAKE
1825,gujarat ky businessman mahesh sewani har saal krty hain yateem larkiyon ki shadi viral post ka dawa gumrahkun hai,FAKE
1826,paltu kutty par huwe cheety ky hamla ka purana video huwa balakot ka btaty huwe gumrahkun dawa krty sath viral,FAKE
1827,irani muzahiren ny kia tha murtaza muthari ky mujasmy ko nazar e atish ayat ullah khaminai ka btaty huwe viral kia ja raha dawa gumrahkun hai,FAKE
1828,video game ka ak hissa huwa russian army par ukraine ka hamla btaty huwe viral,FAKE
1829,baramula mai huwe haliya encounter ki nhi hain ye tasavir gumrahkun hai dawa,FAKE
1830,tv drama ky ak hisy ko kia ja raha iran ka asal waqiya btaty huwe viral,FAKE
1831,guzishta roz sham ky samundar mai immigrants ki ship dubny ki nhi hai ye tasver 2016 ki photo gumrahkun hawaly sy viral,FAKE
1832,insanon ky chehry par rehny wali demodex nami makhluq ki nhi hai ye taswer dawa gumrahkun hai,FAKE
1833,2015 ki turkiye ki tasver ko kia ja raha halia shaami hadsa sy jor kr viral,FAKE
1834,china ki building mai lgi agg sy nhi hui 600 logon ki mot american sazish aur dunya ki chothi sab sy unchi building hony ka dawa bhi farzi hain,FAKE
1835,hakumat ny gas ki qeematon mai 75 fisad izafa nhi kia,FAKE
1836,viral video mai nazar arahy bazurg ka 109 saal ki umer mai ho chuka hzi inteqal,FAKE
1837,afganistan mai huwe haliya hamla ki nhi hai yeh taswir purani photo gumrahkun dawa ky sath ki ja rahi share,FAKE
1838,kashmir mai atishbazi ky purany video ko asia cup mai hindustan ki haar sy jor kr gumrahkun dawa ky sath kia ja raha share,FAKE
1839,2018 ky spain selab ky video ko kia ja raha karachi ka btaty huwe viral,FAKE
1840,streat light mai parhai krty bachy ki bajnor ki ye tasver egypt ky hawaly sy viral,FAKE
1841,garhy sy khaton ko nikalny ka video up ka nhi dehli ka hai,FAKE
1842,shikar krty huwe leopard ka uttrakhand ka ye video islamabad ky hawaly sy viral,FAKE
1843,afganistan selab mai huwe helicopter rescue ka video balochistan ky gumrahkun dawa ky sath viral,FAKE
1844,ghaziabad ky school ky video ko dehli sy jor kr galt dawa ky sath kia ja raha share,FAKE
1845,haal mai kabul masjid hamla ki nhi hai ye tasver 2019 ki photo gumrahkun haliya btaty huwe viral,FAKE
1846,amir khan ki press meet ki photo laal singh chadha film ki screening ki bta kr ho rahi viral,FAKE
1847,musanif salman rushdi abhi hain zeer e ilaj mot sy juri khabren farzi hain,FAKE
1848,2018 mai shaya huwe article ka screenshot imran khan ki haliya jeet ky baad huwa gumrahkun dawa ky sath viral,FAKE
1849,bangladesh mai dukanon mai lgi agg ki tasaver farzi firqawarana dawa ky sath ho rahi viral,FAKE
1850,stats department ny mardam shumari ky liye abhi koi online portal shuru nhi kia,FAKE
1851,afganistan mai huwe helicopter hadsa ky purany video ko pakistan ka bta kr kia ja raha viral,FAKE
1852,shadi ki taqreeb mai firing ky video ko madrisa ky naam par kia gya viral,FAKE
1853,sadar jamhuriya draupadi murmu ki nhi hai ye tasvir dawa gumrahkun hai,FAKE
1854,andhra pradesh ky purany video ko kia ja raha telangana ka halia rescue video btaty huwe viral,FAKE
1855,agahi ky maqasid sy bnaya gya scripted video firqawarana dawa ky sath kia ja raha share,FAKE
1856,billi ky sath bachi ki ye taswer haal mai bangladesh mai aye selab ki nhi balky barson purani hai,FAKE
1857,congress ki udypur chantan chivyer ki tasver ko gumrahkun dawa ky sath kia gya viral,FAKE
1858,viral tasweer mai nazar arahy shakhs nhi hain muskan khan ky walid gumrahkun post hui viral,FAKE
1859,saiyarah zehl saturn ki ye tasveer asal nhi balky digitally tayar ki gai hai,FAKE
1860,jammu o kashmir ky video ko pakistan ka bta kr kia ja raha hai viral,FAKE
1861,suit case mai bachi ky ighwa ka ye video asal nhi balky scripted hai,FAKE
1862,baraf mai lady bison ki america ki taswer pakistan ky gumrahkun dawa ky sath viral,FAKE
1863,kolkata police ky naam sy viral is urdu sign board ky sath kia ja raha dawa gumrahkun hai,FAKE
1864,imarat e sharia ky sadar mufti sohail ahmed qasmi ko maarny ki dhamki ka dawa gumrahkun hai,FAKE
1865,babri masjid ki tameer ko ly kr akhilesh yadav ny nhi kia koi tweet viral tweet farzi hai,FAKE
1866,zakir naik ko hindustan lany ka dawa farzi nikla,FAKE
1867,2020 ki makkah ki tasvir ko haal mai hony waly hajj ki tasweer samjhty huwe kia ja raha viral,FAKE
1868,manali ki purani tasver ko siyahon ki halia bheer ky naam par kia ja raha viral,FAKE
1869,himachal pradesh ky 2018 landsliding ky video ko kia ja raha haal hi ka bta kr viral,FAKE
1870,isro ky director ky ohdy par faiz nhi hui hain scientist khusho mirza viral post gumrahkun hai,FAKE
1871,takte toofan ky mumbai ky video ko kia ja raha gujarat ka bta kr share,FAKE
1872,yeh viral video lakhnow ka nhi hai,FAKE
1873,saudiarab sy aye oxygen tanker ka nhi hai ye video gumrahkun post social media par viral,FAKE
1874,hazur ﷺ ky rozah mubarik ky naam sy viral ki jari tasver madina ky aajaib ghar mai mojud model ki hai,FAKE
1875,bagair mask pehny huwe logon ko police van mai dalny ka ye video madhiya pradesh ka hai,FAKE
1876,rajasthan ky wazeer e aala ashok gehlot ky purany video ko haal ka bta kr kia ja raha hai viral,FAKE
1877,bihar mai huwe bus hadsa mai bsf jawanon ki nhi hui mot gumrahkun dawa ho raha viral,FAKE
1878,tezpur litchon ko gi tag 2015 mai mila haal hi mai nhi gumrah kun post ho rahi viral,FAKE
1879,chandrasekhar rawan aur vinay dube ky mazhab ko ly kr phelaye ja rahy viral post ka dawa farzi hai,FAKE
1880,"jab tarqeen e watan martha ky vineyard par pohanchy, unhon ny national guard ko bulaya aur 24 hours ky andar unhen mulk badar kr dia",FAKE
1881,ak tasweer mai jeffrey epstein ko char larkon ky sath sahil samundar par dikhaya gya hai,FAKE
1882,video mai muzahireen ky zarye HAARP tabah hota dikhata hai,FAKE
1883,bud light ky transgender social media par asar andaz krny waly delin malwani ky sath shirakat ky baad Anheuser Busch ky CEO ny istefa dy dia,FAKE
1884,american public school azadi ka ilan nhi parhaty,FAKE
1885,dr anthony fauci ky retire hony k baad sy ab tak koi nai corona virus mukhtalif halteen nhi hain,FAKE
1886,"report sabit krti hai keh 2022 mai corona virus ki vaccine 300,000 izafi amwat ka sabab bni",FAKE
1887,sadar trump sarkari tor par siyasi qedi hain,FAKE
1888,ak video mai dikhaya gya hai keh sadar joe biden larki jesa libas pehny choty larky ky sath hawai jahaz sy utar rahy hain,FAKE
1889,video clip sy pta chalta hai keh tennesse mai muzahireen ny riasat captal floor par apna rasta bnaya,FAKE
1890,FedNow program ki kagzi currency ko tabdeel krny ja raha hai,FAKE
1891,trump ky waqeel ki traf sy apny moaqal ki begunahi sabit krny k baad pelosi ak bachy ki trha roti hai,FAKE
1892,brittney griner ki herankun nazarbandi ki tasweer online leak hogain,FAKE
1893,solar companies ko bagair kisi khalis lagat ky solar panel dyna hongy,FAKE
1894,DO black credit card logon ki zindagiyon ko control krny ki hukumati sazish ka hissa hai,FAKE
1895,video mai dikhaya gya hai keh sadar joe biden hawai adon ky bary mai mustehkam jesus ny kaha,FAKE
1896,"nishan pakry huwe shakhs ki tasveer mai shooter ko dikahya hai jisny nish will,tennesse ky ak school mai chey afrad ko halak kr dia hai",FAKE
1897,tasaweer north carolina ky sahil e samundar par ak azeem safaid shark ko dikhati hain,FAKE
1898,video china mai zombie virus phelny ko zahir krti hai,FAKE
1899,mosmiyati tabdeli corporations ki waja sy life mai tabdeeli ky patent ka istemal  krti hai,FAKE
1900,taasweer dikhati hain keh putin ko giraftar kr lia gya hai,FAKE
1901,"ham jins paraston ki dating app grinder ka kehna hai keh agar florida ham jins paraston aur transphobic qawanen ko manzur krna band nhi krta hai, to wo har us republican qanun saz aur party ohdedar ko zahir kren gy jo khufiya tor par app istemal krty hain",FAKE
1902,congress ny bazabta tor par tiktok par pabandi lga di hai,FAKE
1903,trump ny abhi stormy daniels ka ak bombshell khaat share hai jis mai DA brage ky case ko debunk gya hai,FAKE
1904,"is hafty japan mai ak aala robotics company mai, foji applications ky liye tayar kiye jany waly char robot ny lab mai 29 insanon ko halak kr dia",FAKE
1905,new delhi vishwas news reserve bank of india ky rbi ky 2000 rupee ky notes ko gardish sy wapis leny ky faisly ky baad social media users ye dawa kr rahy hain keh logon ko ab ak note bharna pary ga,FAKE
1906,delhi ky wazeer e taleem atishi ka mcd school ka moaina krty huwe video ko gumrahkun dawa ky sath share kia ja raha hai,FAKE
1907,bihar ky wuzra ka taleem sy mutaliq viral paigham gumrahkun,FAKE
1908,new delhi vishwas news bhojpuri actress akanksha dubey ki mot ky baad sy jo varanasi ky ak hotel mai murda pai gai thin un ky kai videos social media par viral ho rahy hain,FAKE
1909,sehat ki dekh bhal ki khidmaat par panch fisad service tax ky bary mai viral khaat 2011 ka hai,FAKE
1910,khatut gumrahkun tor par saudiarab ki aalmi rehnumaon ky istaqbal ki taqreebat ka moazna krti hain,FAKE
1911,kaan ky dard aur sar dard ko kaam krny ky liye lehsan ka istemal na kren viral post gumrahkun hai,FAKE
1912,covid xbb variant par viral post gumrahkun hai,FAKE
1913,hath ki warzish ka muzahira krny wala shakhs batra hospital sy dr bajaj nhi hai viral video misleading hai,FAKE
1914,sans leny ka ye test lungs health ya oxygen level ki paimaish nhi krta viral video gumrah kun hai,FAKE
1915,viral post mai galt istemal ki gai tasver yeh sabit nhi krti hai keh monkey pox ak dhokha hai viral post gumrahkun hai,FAKE
1916,sar dard ky liye almond spray sy behtr kaam krny ka dawa krna misleading hai,FAKE
1917,lehsan kaan ky infection ka ilaj hai sar dard gumrahkun hai mahireen ny viral hony waly dawy ko mustarid kr dia,FAKE
1918,covid 19 ky ilaj ky liye doctors ki traf sy counter ky bagair khud medicines recommend nhi ki jati hain viral post misleading hai,FAKE
1919,siddharth shukla ky akhri lamhaat ky tor par share ki gai seerhiyon sy girny waly aadmi ki purani aur ghair mutaliqa video,FAKE
1920,makhan ky istemal sy ankhon ki bimariyan thik hony ka dawa krny wali post gumrahkun hai,FAKE
1921,aluminum foil mai paka huwa khana khany ka dawa krny ky baad alzheimer ki bemari gumrahkun hai,FAKE
1922,viral post mai dikhaya gya x-ray sehat ki halat hai aam chota bacha scan nhi hai,FAKE
1923,apple seeds mai cyanide hota hai lekin ye itna zeharila nhi hota keh kisi shakhs ko maar skta hai viral post gumrahkun hai,FAKE
1924,china ny dhamki di hai keh agar nancy pelosi ny taiwan ka dora to un ky tyary ko maar giraye ga,FAKE
1925,maricopa county ki taraf sy faraham krda qalam arizona primary mai dhandli ki sazish ka hissa hain,FAKE
1926,behar e oqkianus ny biden ki manfi taraqi ki maeeshat ki khamosh juraat ky unwan sy ak kahani shaya ki,FAKE
1927,abigail spinberger police groups ko defend krny sy hazaron ki tadad mai jama ho rahi hai kyun keh wo police ko defend krny ki himayat krti hai,FAKE
1928,ap electric car ki battery sy sholon par pani nhi daal skty kyun keh pani lithium ko jala deta hai,FAKE
1929,janty hain keh wo hamesha alzheimers ky mareezon mai paty hain? Dimag mai zarorat sy zyada aluminum janen keh ap ky jisam mai aluminum ka zakhera hota hai? Floride,FAKE
1930,cancer ka ilaj jisy rife machine kaha jata hai 1934 mai daryaft huwa,FAKE
1931,bachon ki gajren bleach mai bhigo di jati hain aur cancer ka sabab ban skti hain,FAKE
1932,shadeed garmi ky liye apny july ky red alert mai uk met office ny khabardar keh zyada darjah hararat khoon ky jamny ka sabab ban skta hai,FAKE
1933,"ak jackson, tennessee, mulazim ajj subh fentanyl ky sath dollar ky bill ko sambhalny sy inteqal kr gya",FAKE
1934,monkeypox ki vaccine taqseem ki gai hai aur usy pfizer sird un mumalik mai gardish kr raha hai jahan technocrate great reset ko agy barhany ky liye istemal ja raha hai,FAKE
1935,hospital ki janib sy mulazmeen ky liye chothi corona virus vaccine lazmi qarar deny ky baad ak hi hospital ky teen doctor ak hi hafty mai achanak maar gaye,FAKE
1936,doctor brix ny corona virus vaccines ky bary mai dhun tabdel ki hai aur tasleem hai keh vaccine kam nhi krti hain,FAKE
1937,canada mai puri banking system band ho raha hai,FAKE
1938,west texas aur south east maxico ky ak choty ilaqy mai agly 200 saloon tak america ko endhan deny ky liye kafi oil mojud hai,FAKE
1939,behar e oqkianus mai plankton 90 fesad khatam ho chuka hai,FAKE
1940,germany ky climate maps media ko climate change ky mubalgha ameez asrat dikhaty hain,FAKE
1941,white house ab lafz kasaad bazari ki tareef badal kr joe biden ko bachany ki koshish kr raha hai,FAKE
1942,Val Demings ny police ko khatam krny ko socha samjha,FAKE
1943,netflix ky 30 mint dekhny sy paida hony wala ikhraj taqreeban 4 mile drive krny ky brabar hai,FAKE
1944,scene: Joe Manchin and AARP Medicare sy raqam ko ghair mutaliqa sarqari programon ya beema kunindgan ky munafa ko paid krny ki traf morny ky liye hukumati qeematon ky tayuun ki schemes ki himayat krty hain,FAKE
1945,agar zameen par mojud har fard sirf recycle kry plastic ky tinky ka istemal band kr dy aur electric car chala dy to 100 coorporations ab bhi kal global emissions ka 70 fisad paida kren gi,FAKE
1946,jill biden ny shandar dakhla leny ky baad sadar joe biden ka corona virus ka musbat tajurbah,FAKE
1947,new york times ny ak qadamat pasand karkun ky super diarrhea ky bary mai report,FAKE
1948,sadar joe biden samet democrates ny oil ki gharelu khudai band kr di jis sy petrol ki qeematen barh gain,FAKE
1949,tennessee ki adalat ka hukam hai keh tax dahindgan ki mali aaanat sy chalny waly idary asy nishanaat lga skty hain jin par likha huwa keh yahudiyon ki ijazat nhi,FAKE
1950,green wood park mall mai banduq bardar CIA ka asasa tha,FAKE
1951,texas ky ak kisan ko joe biden hony ka bahana kr ky ghair qanuni illegal ko muft mazduri ky liye istemal krny par giraftar gya tha,FAKE
1952,video mai dikhaya gya hai keh joe biden saudia arab mai hony wali arab conference mai so rahy hain,FAKE
1953,ak tasvir mai numainda Marjorie Taylor Greene ko ak saleeb ky samny dikhaya gya hai jis par sabiq sadar donald trump ka mujasma hai,FAKE
1954,"donald trump ny 18 july 2022 ko prescott valley, arizona mai ak taqreer ki",FAKE
1955,ukraine ky sadar volodymyr Zelensky mahana 11 million dollar kamaty hain aur unki majmui maliyat 596 million dollar hai,FAKE
1956,numainda Alexandria Ocasio-Cortez Supreme Court ky bahar isqat e hamal ky haquq ky ehtejaj ky doran giraftar hony ka jali kr raha tha,FAKE
1957,plymouth rock ki tasveer sy sabit hota hai keh sea level nhi barh rahi hai,FAKE
1958,meri mukhalfat Cindy Axon ny faaal tor par police ko defend krny ki koshish ki hai,FAKE
1959,Benadryl ko sanp ky katny sy sojan ko kaam krny ky liye istemal ja skta hai,FAKE
1960,6 january 2021 ko antifa pehly sy hi capital ky andar floor plans ky sath trump ky hamiyon ky tor par malbus thi jis ny yeh sabit keh hamlah 100% setup tha,FAKE
1961,taswir mai ak khatoon ko dikhaya gya hai jo ak nurse ki naqali krny aur moqami american hospital sy ak sheerkhawar bachy ko aghwa krny ky ilzam mai matlub hain,FAKE
1962,jim jordan ny Alexandria Ocasio-Cortez sy kaha ap sirf gungy hain,FAKE
1963,video mai dikhaya gya hai keh ukrainei air defense ny severodonetsk mai 55 ka 52 helicopter ko mar giraya,FAKE
1964,antarctica koi bar e azam nhi hai,FAKE
1965,video mai donald trump ko 13 july 2022 ko alabama ki rally mai dikhaya gya tha,FAKE
1966,biden ny eteraf keh $5 gas jan bujh kr ki ja rahi hai aur yeh is ka mansuba raha hai,FAKE
1967,r kelly jail ki security ki tasdeeq ky baad laapata hai keh wo sahulat ky neechy sy farar hogya hai,FAKE
1968,kfc un sarifeen ko chicken bucket voucher dy raha hai jo 20 july sy pehly facebook post share krty hain,FAKE
1969,agar ak 10 sala bachi ismatdari ky natejy mai hamla hogai aur is sy us ki jaan ko khatra ho to yeh isqat e hamal nhi hai,FAKE
1970,ak taswir mai dikhaya gya hai keh trump train mai sawar sabhi truck ak pal sy takra gya,FAKE
1971,video mai dikhaya gya hai keh biden mahinon ky fasly par wohi ayen taqreer krty hain,FAKE
1972,actor tom holland ki moat ki tasdeeq hogai,FAKE
1973,atlanta ky Aeropuerto D19 mai Vicuna ky khilaf pilot ehtejaj kr rahy hain,FAKE
1974,kevin mccarthy ny kaha keh nancy pelosi par muqadma chalaya jana chahiye aur jail jana chahiye,FAKE
1975,bengal mai baap ki beti sy shadi ki khabar 2007 ki hai gumrahkun dawy ky sath share ki gai,FAKE
1976,nhi ye mva ralley ka nhi balky maratha kranti morcha ka video hai,FAKE
1977,viral post mai nujawan khaton congress leader sonia gandhi nhi balky hollywood actress reese witherspoon hain,FAKE
1978,ganpati ky jalus ky doran logon ko bijli ka current lgny ka viral video purana hai haliya nhi,FAKE
1979,ganesh ki moorti par sanp aur chuhon ky ghomny ki viral video purani hai naagpur ki nhi,FAKE
1980,viral nayab tasweren shegaon ky sanat gajanan maharaj ki nhi hain,FAKE
1981,footpath girny sy farar hony waly shakhs ka viral video andhra pradesh ka hain chennai ka nhi,FAKE
1982,rawatwadi waterfall ky waqiye ka video kerala ky tor par viral ho raha hai,FAKE
1983,eknath shinde airport par nashy mai nhi thy viral dawa jhuta hai,FAKE
1984,wai maharashtra ki nandi murti varanasi ky tor par share ki ja rahi hai,FAKE
1985,shahrukh khan ky los angeles airport par hirasat mai liye jany ki purani khabren haliya ky tor par share ki ja rahi hain,FAKE
1986,mainpuri mai banduq ky sath pakri gai larki ki video jhuty dawy ky sath viral hui hai,FAKE
1987,madhya pradesh ki purani video jali dawy ky sath viral,FAKE
1988,rajasthan mai qatal ka video jali firqawarana spin ky sath share kia gya,FAKE
1989,tamilnado ky tulba ny dunya ka sab sy chota satellite bnany ka dawa krny wali post haliya nhi hai dawa gumrahkun hai,FAKE
1990,ye haqeeqi zindagi ka waqiya nhi hai log gumrahkun dawy ky sath script wali videos share kr rahy hain,FAKE
1991,gauhati High Court ny assam mai madaris ko mukamal tor par band krny ka faisla nhi dia gumrahkun post viral,FAKE
1992,haqaiq ki janch partal baraf sy bachai gai ak larki ki video jo dawa krti hai keh wo murree pakistan sy hai poonch bharat ki hai,FAKE
1993,assam public service commission sy assami zuban ko nhi hathaya gya viral post gumrahkun hai,FAKE
1994,bhaskarvada ko assam mai sarkari calender ky tor par istemal nhi kia jaye ga lekin sarkari calender ky aik hissy ky tor par viral posts gumrahkun hain,FAKE
1995,post ka dawa krny waly assam ky pujariyon ko 15000 rupee mahana wazifa mily ga gumrahkun hai,FAKE
1996,china mai selab ki purani tasver haliya hony ka dawa krty huwe viral ho rahi hai,FAKE
1997,west bengal ki purani tasveren assam police ki barbariyat ky tor par jhuti tor par share ki gain,FAKE
1998,hindu khuda hanuman ka purana mujasma as an american god viral,FAKE
1999,madhya pradesh mai tulba ky liye 9th sy 12th classes ky imtehanaat mansukh kiye gaye dusri riyaston ky liye nhi,FAKE
2000,good morning paighamaat ka dawa krny wala post krna private information ko hack kr skta hai gumrahkun hai cyber security expert online ap ki raazdari ki hifazat ky liye iqdamaat ka isteraak krta hai,FAKE
2001,pakistan ky northern city sialkot mai football ki kam az kam 1000 factories hain jin mai taqreeban 60000 afrad kaam krty hain,TRUE
2002,bajor dhamakah: baity ki maiyat dekhi to chekhi nhi lekin tangon ny kaam chor dia,TRUE
2003,"jaranwala mai quran ki mubayina behurmati ky khilaf pur tashadud ehtejaj main mutaadid girja ghar nazar e atish, rangers talab",TRUE
2004,"pakistan mai 15 roz mai petrol 37, diesel 40 rupees mehnga: wajah aalmi mandi mai qeematon mai izafah hai ya kuch aur",TRUE
2005,britain mai 10 sala pakistani bachi ka qatal: teen mushtabah afrad ki international level par talash jari,TRUE
2006,cricket ki history par PCB ki video sy imran khan gaib: kya ap khel ko bhi munqasim krna chahty hain,TRUE
2007,general elections ky moqa par security khadshaat: kya pakistan mai puraman election ka ineqad yaqeeni ho paye ga,TRUE
2008,tim southee ny pakistan ky khilaf pehly match mai pakistan ky haris sohail ko out kr ky apni 300th test wicket hasil ki,TRUE
2009,green pakistan mansuba kya hai aur is mai foj ko aham zimedariyan kyun sonpi gaiyn,TRUE
2010,battagram chairlift mai phansy bachon ko hifazati jackets pehnany ki video samny aagai,TRUE
2011,sarfarz nawaz ki nigran wazeer e azam sy cricket board ky mamlat mai mudakhlat ki darkhawast,TRUE
2012,supreme court: wakeel qatal case mai imran khan ko giraftar nah krny ka hukam barqarar,TRUE
2013,afganistan ke khilaf dusra one day match mickey arthur ny team ko join kr lia,TRUE
2014,wagner group ky sarbarah ki moat ky peechy putin ka haath ho skta hai: joe biden,TRUE
2015,asian volleyball championship: pakistan ko dusry group match mai korea ny shikast dydi,TRUE
2016,"riyaz: umrah sy wapis jane waly khandan ko traffic hadsah, 4 bachy aur baap jaanbahaq",TRUE
2017,harsha bhogle ny worldcup sy qabl tamam teams ko pakistan ky kin 3 bowlers sy khabardar kia,TRUE
2018,Priyanka or Ameesha par tazheek ameez tabsary sarfeen ny nadir ali par pabandi ka mutalba kr dia,TRUE
2019,saneha jaranwala: police ny markazi mulziman ky mohalydar ko giraftar kr lia,TRUE
2020,sham hui to ham sy kaha gya jo ho sky ap kr lyn battagaram waqiya ky hero sahib khan ki guftagu,TRUE
2021,shehbaz shareef ny shaheen haris aur naseem ko duniya ka behtreen bowling attack qarar dy dia,TRUE
2022,tosha khana case: khawaja haris chairman PTI ki qanuni team sy alg ho gaye,TRUE
2023,sindh hakumat sy grant leny waly sehat ku idaron ko audit krwany ka hukam,TRUE
2024,IPC ky khat ky baad PCB mai tabdeliyon ki baazghasht,TRUE
2025,australia ki big bash league ky liye namzadgiyan pakistani crickter bhi shamil,TRUE
2026,chief justice pakistan ko chairman PTI sy kitna lgao hai nazar agya: atta tarar,TRUE
2027,"thatta: jhark ky qareeb truck aur van mai tasadum, 7 afrad jaan bahaq",TRUE
2028,election commission sadar ki di hui tareekh par election krwany ka paband hai: musadiq malik,TRUE
2029,rawalpindi aur islamabad mai musladhar barish rain emergency nafiz,TRUE
2030,peshawar BRT mansuby ko teen saal mukamal hony ky bawajud musafir sahuliyat sy mehrum,TRUE
2031,fatima halakat case: markazi mulzim asad shah ka mureedon sy khufia mulaqaton ka inkeshaf,TRUE
2032,battagram mai bachon ko bachany waly hero sahib khan ka hukumat sy mulazmat deny ka mutalbah,TRUE
2033,"pakistan ka wo gaon jahan har koi doctor, teacher ya aala ohdy par faaiz hai",TRUE
2034,caribbean premier league mai salman irshad aur muhammad amir ki tabahkun bowling,TRUE
2035,kya cipher case chairman PTI ke kilaf tosha khana sy zyada sangeen sabit ho skta hai,TRUE
2036,medicines ki prices mai izafa nhi kia: drape ny wazahat jari kr di,TRUE
2037,islamabad: school mai 6 sala bachy sy sathi talibilm ki mubayina ziyadati,TRUE
2038,idaary mai 600 arab rupees tak ki corruption hoti hai: chairman FBR ka inkeshaf,TRUE
2039,social media par musalsal trolling sy zehni sehat mutasir hoti hai: adakaar rehman ali,TRUE
2040,election date ky liye chief election commissioner shaid sadar sy mulaqat na kren,TRUE
2041,"pakistani airlines ki european countries mai bahali ky liye koshishen, team brussels pohnch gai",TRUE
2042,karachi ky ilaqy maghupir mai baap ny ghairat ky naam par baiti ko qatal kr ky laash dafna di,TRUE
2043,ghotki: pasand ki shadi par jirgy ny larky ki bhateeji wani krny ka faisla suna dia,TRUE
2044,bharat sy darya e satluj mai chory janewaly selabi raylon ny tabahi macha di,TRUE
2045,tosha khana case mai imran khan ki appeal par samaat: election commission ky wakeel ajj dalaiyl dyn gy,TRUE
2046,khyber pakhtunkhwa ki nigran kabeenah ky 9 ministers ko mehkamy allot kr diye gaye,TRUE
2047,mulk mai insani jaan bachany wali mutadid adviyat ki qeematon mai bhi hoshruba izafa,TRUE
2048,balochistan ki abadi mai kami ka mamla highcourt mai challenge,TRUE
2049,"battagram chairlift waqiya, wazeer e azam ny imdadi kamon mai shamil foji o maqami afrad ko mulaqat ky liye bula lia",TRUE
2050,murtaza bhutto qatal case ky mulziman ki bariyat ke khilaf appeal 13 saal baad samaat ky liye muqarar,TRUE
2051,sahafi ko supreme court samiyt tamam idaron sy malumat leny ka haq hai: justice faiz isa,TRUE
2052,bhakar: talbaat ko hirasan krny waly mulziman tahaal qanoon ki girift sy bahir,TRUE
2053,rawalkot mai shehriyon ny mehngi bijli ke khilaf ehtejajan 30 hazar sy zaaid bill jala diye,TRUE
2054,pakistani talib ilm ny america mai animation ka aalmi muqabla jeet lia,TRUE
2055,nokri nhi to samaan faraham kr dyn takeh logon ki janen bacha sken: sahib khan,TRUE
2056,"supreme court, wakeel qatal case mai imran khan ki namzadgi kekhilaf samaat krny wala bench tabdeel",TRUE
2057,"dehshatgardon, unky sahulatkaron aur uksanywalon ko nhi chora jaye ga: army chief",TRUE
2058,"jinnah house hamla case, adalat ny imran khan ko giraftar krny ki ijazat dy di",TRUE
2059,tosha khana sy alqadir trust tak corruption mai mulavis shakhs ko bachany ky liye chief justice sargarm hain: nawaz shareef,TRUE
2060,imran khan ny britian lawyer ko apna case global institutions mai uthany ki hidayat kr di,TRUE
2061,sadar e mumlikat ny general elections ki date ky liye chief election commissioner ko talab kr lia,TRUE
2062,imran khan ki bushra bibi sy shadi ki khawahish par heeran tha magar kuch keh na ska: aun chaudary,TRUE
2063,zindagi ki umeed khatam ho gai thi dolli mai mojud gulfaraz ny geo sy guftagu mai qissa bayan kr dia,TRUE
2064,chief justice ka chairman PTI ki waqalat krna imran khan ko acha nhi bna skta: maryam,TRUE
2065,battagram waqiya: chairlift ka malik aur operator giraftar,TRUE
2066,"imran khan ki appeal par samaat: tosha khana case mai trial court ka hukam darust nhi, chief justice",TRUE
2067,"hassas idary aur police ki lyari mai karwai, bharti jasus samyt pakistani sahulatkar giraftar",TRUE
2068,wazeer e dakhla sindh ny ghotki ky rehaishi ki social media video par notice ly lia,TRUE
2069,"parveez aur monas ilahi ky khilaf nab report mai corruption, ghaplon aur kick backs ky ilzamaat",TRUE
2070,rizwana tashadud case: civil judge asim hafeez ko nokri sy barkhast krnyki darkhwast samaat ky liye manzur,TRUE
2071,"saudi sheher riyaz jany wali parwaz mai emergency, kuwait city wapis utar lia gya",TRUE
2072,lakki marwat mai do groups mai firing sy 4 afrad jan bahaq,TRUE
2073,commissioner office pindi mai ijlas ky liye anywaly district election commissioner ka mobile chori,TRUE
2074,taliban ny university scholarship ky liye dubai janywali 100 afghan talibat ko rok lia,TRUE
2075,bricks sarbarahi ijlas ka itehad ka daira barhany par itefaq,TRUE
2076,moscow: taiyara hadsy mai wagens group ky sarbarah samet 10 afrad halak,TRUE
2077,saudia sy tohfy mai mili ghari farokht krny par sabiq brazilian sadar ki giraftari ka imkan,TRUE
2078,bharat : railway ka zair e tamir pul girny sy 17 mazdur halak,TRUE
2079,"mexico mai trailer aur bus mai tasadum sy 16 afrad halak, 30 zakhmi",TRUE
2080,video: makkah mai taiz barish aur clock tower par bijli girny ka manzar,TRUE
2081,"ukraine ky russia ky 2 shehron par drone hamly, 3 afrad halaak",TRUE
2082,"tashadud, intehapasndi, aur andhi januniyat ky liye mazhab ka istemal band kia jaye: pope francis",TRUE
2083,samundri tufan herald american state texas ky janubi sahilon sy takra gya,TRUE
2084,"greece ky janglaat mai agg lgny sy 20 afrad halaak, kai makanaat aur gariyan jal gain",TRUE
2085,african union ny foji takeover ky bais niger ki membership moatal kr di,TRUE
2086,thailand ky sabiq wazeer e azam jillawatni khatam kr ky watan wapsi par giraftar jail muntaqil kr dia gya,TRUE
2087,america: donald trump ko qatal ki dhamkiyan deny wali khatoon giraftar,TRUE
2088,iran ny muqami tor par bnaye gaye jadeed drone muhajir 10 ki runamai kr di,TRUE
2089,moscow ky tamam airports parwazon ki amadoraft ky liye band,TRUE
2090,video: america mai police sy bhagty shakhs ny gari hajum par charha di,TRUE
2091,"georgia mai intekhabi nataij palatny ka muqadma, trump kal khud ko jail hukaam ky sapurd kren gy",TRUE
2092,bharat ny srilanka ky ak aham media institute ki website ko block kr dia,TRUE
2093,"north korea ka ak aur cruise missile ka tajurba, america ny aman ky liye khatrah qarar dydia",TRUE
2094,rahul gandhi ki evan mai wapsi par congress ny modi ko gabar singh bna kr video post kr di,TRUE
2095,saat bachon ki qatil britain nurse ko umer qaid ki saza,TRUE
2096,"canada ky janglaat mai lgi agg mazeed phel gai, 30 hazar gharon ko khali krny ka hukam",TRUE
2097,south korean doshezah bharti shehri ki mohabbat mai bharat pohanch gai,TRUE
2098,donald trump ka republican ky pehly primary mubahisy mai hissah na leny ka elan,TRUE
2099,britain ki badtareen serial killer nurse ko saza e mot di jaye gi,TRUE
2100,sumalia ki hakumat ny tik tok aur telegram par pabandi lga di,TRUE
2101,american riyasat california mai 5.1 shiddat ka zalzala,TRUE
2102,"teen saal mai iqtedar civilians ky sapurd kr dun ga, niger ky foji hukmaran ka wada",TRUE
2103,ghair azdawaji taluq par ehl e ilaqah ka 2 bachon ky baap aur aashna ko khamby sy bandh kr tashadud,TRUE
2104,bharat mai muslim jory ny baity ky hindu larki sy sath farar hony par bedardi sy qatal kr dia,TRUE
2105,palestine: maghrabi kinary mai firing sy israeli baap beta halak,TRUE
2106,"russia ka ukraine par missile hamla, 7 afrad halak aur 129 zakhmi",TRUE
2107,"10 sala sarah ka qatal, british police ny walid ki khoj ky liye pakistan sy rabta kr lia",TRUE
2108,250 sy zaid musafiron ko ly janye waly jahaz ka pilot doran e parwaz chal basa,TRUE
2109,albania mai 4 saiyahon ky khany ka bill italy government ky galy par gya,TRUE
2110,trump ky hotel par kam krny wali mulazma sy sathi mulazim ka rape,TRUE
2111,"canada ky janglaat mai dahaai ki badtareen agg, 22 hazar sy zaid afrad byghar",TRUE
2112,swedish government ka quran e pak ki tohen rokny ky liye qanuni imkanaat par ghor,TRUE
2113,oman mai taxi malikan ky liye nayi shart aaid,TRUE
2114,sharamnak video: bharat yom e azadi par din dahary khawateen par behemana tashadud,TRUE
2115,new delhi: hindi ki kitab bhul jany par hindu ustad ka musalman talib ilm par vehshiyana tashadud,TRUE
2116,uzbakistan: bachon ki halakton ky case mai bharti dawasaz company ky khilaf aham inkeshafaat,TRUE
2117,"saudi wali ehad sy irani wazeer e kharjah ki mulaqat, do tarfa taluqat aur ilaqai amur par guftagu",TRUE
2118,america ny russia sy larny ky liye ukraine ko F16 aircraft deny ki manzuri dy di,TRUE
2119,"parosiyon ky kutton ki larai khuni jhagry mai tabdel, firing sy 2 afrad halak",TRUE
2120,office mai phone charge krny par boss ny mulazim ko bijli chor qarar dy dia,TRUE
2121,bharat: kuven mai giry janwar ko bachaty huwe 5 afrad halak,TRUE
2122,ukraine ny moscow ky business hub par drone hamly kiye: russia ka ilzam,TRUE
2123,wo mulk jahan schools mai kalashnikov chalany ky sath hand grenade ka istemal bhi sikhaya jaye ga,TRUE
2124,trump ky khilaf election par asar andaz hony ky case ki judge ko qatal ki dhamki deny wali khaton giraftar,TRUE
2125,"haseena wajid ky baity ky qatal ki sazish ka ilzam, akhbar ky 2 senior editors ko 7 saal qaid ki saza",TRUE
2126,"bharat: medical college mai dakhly mai nakami par nojawan ki khudkushi, baap ny bhi apni jaan ly li",TRUE
2127,ghareelu jhagry sy tang shohar ny biwi sameyt khud ko dhamaky sy ura lia,TRUE
2128,"malaysia mai plane road par gir kr tabah, 10 afrad halak",TRUE
2129,saudi arab aur iran ky taluqat darust rasty par hain: irani wazeer e kharjah,TRUE
2130,afghan government ka mulk mai siyasi jumaton par pabandi ka ilan,TRUE
2131,naqis english ki wajah sy 15 shadiyan krny wala shatir mulzim pakra gya,TRUE
2132,south africa ka men aur women cricketers ko yaksan muawza deny ka ilan,TRUE
2133,asian volley ball championship mai pakistan medal ki dor sy out,TRUE
2134,ICC ny cricket worldcup ky liye warmup matches ka schedule jari kr dia,TRUE
2135,world blind games cricket mai pakistan final mai pohanch gya,TRUE
2136,asia cup security: punjab hukumat ny fouj aur rangers ki talbi ky liye fedral ko summary bhijwa di,TRUE
2137,asian games sy qabal qomi athletes ky dope test krwany ka faisla,TRUE
2138,parchi ky naron sy dar kr walideen ko statdium mai match nhi dikhaya: imam ul haq,TRUE
2139,"ICC one day ranking jari: batters mai babar azam top par barqarar, haris ki 7 darjy taraqi",TRUE
2140,"budha nhi huwa abhi mai, shadaab ki tweet par cricketer fatima sana ki tweet viral",TRUE
2141,asiacup ky liye nepal cricket team pakistan pohanch gai,TRUE
2142,canada palat pakistani ka karachi mai qatal: marty waqt bhi teen ghareeb bachon ko eid ki kharidari krwany ly ja rahy thy,TRUE
2143,quetta mai rickshaw chalany wali khaton: us shakhs ny mujhe beti paida krny ka tana dia jis ki apni panch betiyan hain,TRUE
2144,"anokhi wardaat, lohy ka wazni pull chori",TRUE
2145,"peshawar mai teen dinon mai aqliyati baradri par alag alag maqamaat par hamly, ak shakhs halak",TRUE
2146,income tax mai dhai fesad izafa pakistani middle class ko kesy mutasir kry ga,TRUE
2147,"parveez khatak ka imran khan ko 9 may ka zimedar thehrana bebunyad hai, tahreek e insaf",TRUE
2148,karachi bandargah par abudhabi group ki sarmayakari ka 50 sala moahida kia hai aur is sy pakistan ko kya faida hoga,TRUE
2149,europe ky khawab dekhny wala wazeerabad ka nujawan jisy wapis lany ky liye baap ko zarai zamen beech kr 50 lakh deny pary,TRUE
2150,turbat mai security forces par khudkush hamlah krny wali samia baloch kon thin,TRUE
2151,"derh din mai 48 riyasaton ki sair, 2 doston ny world record bna dia",TRUE
2152,doctor ny doran e ilaj new born baby ki naak kaat di,TRUE
2153,shohar ny biwi ki shadi usky dost sy krwa di,TRUE
2154,dunya ka sab sy bara behri jahaz icon of the season tayar,TRUE
2155,"yunan kashti hadsa: 281 lapata pakistaniyon ky ehlekhana ka hukumat sy rabta, rana sana ullah",TRUE
2156,sarfeen ki security ky liye whatsapp ka naya screen lock feature,TRUE
2157,justice qazi faiz isa ki bator chief justice tainati ka notification teen maah pehly hi q kr dia gya,TRUE
2158,"shehzada dawood, suleiman, aur mister titanic: badqismat titan submarine mai sawar musafir kon thy",TRUE
2159,jamiya hafsa ki talibaat ka ehtejaj: dhamkiyon ky bawajud riyasat karwai krny sy kyun hichkicha rahi hai,TRUE
2160,"universities ko holi sy dur rehny ka mashwarah, jis par HEC ki sarzanish hui",TRUE
2161,"greece kashti hadsy ky aini shahid: pakistaniyon ko tey khany mai rakha, wo hamen uthny bolny nhi dety thy",TRUE
2162,wo bhair bakriyon ki trha ak dusry ky uper pary thy,TRUE
2163,greece kashti hadsa ky ayni shahid: wo pakistaniyon ko mar mar kr bithaty rahy,TRUE
2164,yunan kashti hadsa: jis din mery bety ko khashti par bithaya gya wo 8 dinon ka bhuka tha,TRUE
2165,sarmayakari mai sahulatkari par khasusi council tashkeel: kya mehaz wadon ki bunyad par bimar pakistani economy ki bahali mumkin hai,TRUE
2166,pashtun tahafuz movement ky rehnuma ali wazeer ak martaba phir giraftar,TRUE
2167,donald trump ko zehar bhara khat bhejny wali khaton ko saza suna di gai,TRUE
2168,"walideen ya saas susar sy acha bartao na kia to malkiyat sy bedakhal kia jayega, adalati faisla",TRUE
2169,egyptian engineer ko mazaq krny par kuwait sy deport kr dia gya,TRUE
2170,space sy li gai dunya ky buland tareen pahaar ki dilkash tasaveer,TRUE
2171,"khansi ky syrup sy bachon ki halakat, tafteesh mai sharamnak inkeshafaat samny agaye",TRUE
2172,america mai bhi tiktok ky istemal par pabandi aaid,TRUE
2173,army courts mai civilian trails: fedral government ky aitraz ky baad justice mansur ali shah bench sy alehda,TRUE
2174,cake mai chipkali: viral video ky baad food authority ny islamabad mai bakery seal kr di,TRUE
2175,Kallar Kahar bus hadsa: ak shakhs ki laparwahi ny kai logon ko moat ky muh mai dhakel dia,TRUE
2176,beti namaz ky liye burhi maa ko kandhy par utha kr masjid e nabvi ly ai video viral,TRUE
2177,ninth class ky student ki school mai heart attack sy death,TRUE
2178,"foreign countries ky visas ka hasul: khud application di to 300 din baad ka waqt mila, agent ny 15 din mai visa interview krwa dia",TRUE
2179,abdullah shah ghazi ki karamaat ya scienci wajuhat: karachi har baar samundri tufan sy kesy bach nikalta hai,TRUE
2180,russia ny google par bhari jurmana aaid kr dia,TRUE
2181,"saudi arab, aham qanun pas hogya",TRUE
2182,"bharat mai haiwaniyat ki inteha, obash garoh ki kam umer larki sy ziyadti ki koshish",TRUE
2183,Uttar Pradesh mai kamsin dalit larki ky sath unchi zaat ky hinduon ki ijtamai zayadati,TRUE
2184,intekhabi dhandli case trump ky sathiyon ka wifaqi adalat sy riju,TRUE
2185,gariyon mai fasla na rakhny par bhari jurmana aaid krny ka faisla,TRUE
2186,khawateen ky washroom mai khufia camera lgany wala burkaposh mulzim giraftar,TRUE
2187,hassan askari: general qamar jawaid bajwah ko khat likhny waly par qaid ki saza pany waly computer engineer ki rehai,TRUE
2188,Bipper Joy: sindh ky sahili ilaqy katty bandar mai mahi giron ki bastiyan zeer e aab,TRUE
2189,"hindu intehapasandi, senkron bharti musalman nakal makani par majbur",TRUE
2190,gumshuda bachy ki laash magarmach ky jabron sy mil gai,TRUE
2191,"bipper joy sy pakistan mai bary nuksan ka khtrah tal gya, mutasreen ko hakumati hadayat tak wapsi ki ijazat nhi hogi",TRUE
2192,musafir ny apni chapal gum hony par railway hukaam ki doren lgwa din,TRUE
2193,qatil nani ny 2 bachon ko kesy mara khoofnaak tafsilaat manzar e aam par,TRUE
2194,silk worm palny wali khawateen: anually 60 sy 80 hazar rupees mil jaty hain lekin ab aamdn mai kami ai hai,TRUE
2195,mai kabhi yeh mulk chor kr bahar nhi jaun ga jail jany ko tayar hun imran khan,TRUE
2196,bank mai machine thik krny aya shakhs raqam ly kr farar ho gya,TRUE
2197,achanak taiz hawa chali aur sehan mai khelty bachon par diwar gir gai,TRUE
2198,ak dusry ko bachany ki koshish mai khandan ky char afrad halak: char pyaron ki moat ny pura khandan ujar dia,TRUE
2199,hameed baloch wo nojawan jisny karaye ky sipahiyon ki bharti ky liye aye omani kernal par goli chalai,TRUE
2200,zuban 90 fisad katny ky baad bhi khaton ny bateen kr ky doctors ko heran kr dia,TRUE
2201,nojawan ny kutty ko bachany ky liye apni jaan khatry mai daal di,TRUE
2202,"zameen ky andar mount everest sy 5 times big mountains discover, scientists bhi heran",TRUE
2203,kachry sy munfarid fanpary bnany wali doctor sadia fazal,TRUE
2204,baap bety ka saar kaat kr thany pohanch gya,TRUE
2205,america mai 2 crore afrad zaiqy aur songhny ki hiss sy mehrum ho gaye,TRUE
2206,russia sy crude oil ka pehla cargo pakistan pohanch gya,TRUE
2207,ghar walon ko sabaq sikhany ky liye tiktoker ny marny ka drama racha lia,TRUE
2208,kimari mai chemicals sy 16 afraad ki halakat: factories plastic jalati hain logon ka sena jakra jata hai,TRUE
2209,canada khalistan ky mamly par india ky aitrazat ko nazar andaz kyun kr raha hai,TRUE
2210,IBA sakkhar ny vice chancellor inteqal kr gaye,TRUE
2211,google aur apple store sy ghair qanuni tor par qarz  deny wali 120 applications ko hata dia gya,TRUE
2212,nakara chezon ko art mai badalny wali muhera jin ky bimar baity ny hunar ko business bnany mai madad ki,TRUE
2213,india mai muqadas samjha jany wala langoor pakistan ky zeer e intezam kashmir mai zalimana tafreeh ka zariya,TRUE
2214,jab netherlands ki malkah ny rawayati pakistani lehnga choli ko ak gown mai tabdel krwa lia,TRUE
2215,international health institute ny india mai tayar karda khansi ky ak aur sharbet ky bary mai alert jari kr dia,TRUE
2216,adalat ny ahad cheema ko sarkari dory par bayrun e mulk jany ki ijazat dy di,TRUE
2217,iraq ky darulhakumat baghdad par rocket hamla,TRUE
2218,jins ka tayun insan ky ehsasat ki bunyad par nhi kia ja skta: fedral sharai adalat ka transgender act par faisla,TRUE
2219,jahanara peshawar mai mehfuz aur jadeed saraye tameer krwany wali baasar mughal shehzadi,TRUE
2220,jackson heights newyork ka wo mohalah jo dunya ki sab sy matnu jgah hai,TRUE
2221,gender neutral khilony: kash larky bhi ghar ghar khelty aur larkiyan bhi bahar nikal kr khel sktin,TRUE
2222,"chandriyan 3: umeed hai keh ham kuch naya talash kren gy, india ka tareekhi mission chand ky madaar mai dakhil ho gya",TRUE
2223,american embassy ki application par khadija shah ko consular rasai deny ki manzuri,TRUE
2224,pakistan mai heat wave ki paishgoi: shadeed garmi hamary jism par kesy asarandaz hoti hai aur is sy kesy bacha jaye,TRUE
2225,pakistan mai wikipedia tak rasai mehdud: 2 saal youtube band kr ky chain nhi para to ab wikipedia band krny lgy hain,TRUE
2226,pakistan ny india aur bangladesh par textile baramdaat mai bartari hasil krny ka sunehri moqa kesy ganwaya,TRUE
2227,pakistan hockey fedration ky tamam officials moatal,TRUE
2228,pakistan: india ko pulwama hamly ky baad ilaqai aman ko nuksan pohanchany waly iqdamaat ky liye jawabdeh thehraya jaye,TRUE
2229,pakistani khaton salma jo 38 baras ki shadishuda zindagi ky baad bhi india ki bahu qarar diye jany ki muntazir hain,TRUE
2230,pakistani sahilon par imported electronic kachra: jo ap ky liye kachra hai wo mery liye boht qeemati hai,TRUE
2231,panama JIT report ka volume 10 jari krny ki darkhwast samaat ky liye muqarrar,TRUE
2232,pubg dosti: mar jaun gi pakistan wapis nhi aun gi,TRUE
2233,"august mai 2 super moon, pehla super moon ajj hoga, pakistan mai abhi dekha jaye ga",TRUE
2234,pak afghan one day series ky matches mai shaiqeen ky liye muft dakhly ka ilan,TRUE
2235,fifa worldcup qualifier: cambodia ky khilaf home match ky liye jinnah stadium ka naam tajviz,TRUE
2236,sehra mai sair ky doran logon ky baal achanak khary hony ki video viral,TRUE
2237,umer akmal ki london mai muslim league n k qaid nawaz sharif sy mulaqat,TRUE
2238,nigran wazeer e khazana ki FBR ko 9400 arab rupees mehsulaat ka hadaf hasil krny ki hadayat,TRUE
2239,"ranipur mai bachi ki halakat, qabar kushai aur post mortem ky liye 4 rukni medical board tashkeel",TRUE
2240,asian junior squash: pakistan ky abdullah nawaz semifinal mai pohanch gaye,TRUE
2241,nab tarameem case full court stay justice mansoor ny bench par aateraz utha dia,TRUE
2242,"election krana election commission ka kaam hai, ham apni aaini zimedari nibhayen gy: murtaza solangi",TRUE
2243,nigran wazeer e aala sindh maqbool baqir ki kabina par mushawrat mukamal,TRUE
2244,ukraine tanazia ki video nah hatany par russia ny google par 32 hazar dollars ka jurmana aaid kr dia,TRUE
2245,punjab hukumat aur PCB ky maabain tamam masail khush aslubi sy hal ho gaye,TRUE
2246,pcb aur khilariyon ky darmiyan central contract par baat cheet akhri marhaly mai dakhil,TRUE
2247,pia mulazmeen ka ehtejaj dusry roz bhi jari,TRUE
2248,bharat aur russia ky khilaf space missions ki janib sy chand ki satah ki nai jhalkiyan jari,TRUE
2249,imran yaqub minhas ny qaim mukam IG sindh ky ohdy ka charge sambhal lia,TRUE
2250,dunya ka ajeeb tareen qasba jahan beshtar ghar 2 mumalik mai waqy hain,TRUE
2251,kuruluş osman ky hadayatkar mehmat bozdagh ko pakistan ki yaad satany lgi,TRUE
2252,pcb ka bagir ijazat america mai khely waly cricketers ky liye darwazy band krny ka faisla,TRUE
2253,nyi halqah bandi aur update voter list ky bagair parties ko assemblies mai asal numaindgi nhi mily gi,TRUE
2254,world champion hamza khan clear qarar world squash fedration ny egypt ka etraz rad kr dia,TRUE
2255,jaranwala waqia: islam mai esi harkaton ki koi gunjaish nhi: mufti taqi usmani,TRUE
2256,"toheen e quran, muslim ummah ka shadeed ehtejaj rang ly aya, sweden aur denmark qanoon sazi par tayar",TRUE
2257,mansehra ky 110 sala bazurg ny 55 sala khatoon sy shadi kr li video viral,TRUE
2258,rawalpindi: FIA ny khatoon ko black mail krnewaly mulzim ko giraftar kr lia,TRUE
2259,"iran mai tarbiyati tayara gir kr tabah, pilot samaet 2 afrad halak",TRUE
2260,kohlu: sanp ka dasa naujawan sarkari hospital mai medical assistance nah milnybpar chal basa,TRUE
2261,anju ky baad american khatoon bhi dir ky abbas ki mohabbat mai pakistan pohanch gain,TRUE
2262,governer balochistan ky nigran wazeer e aala ky liye ali mardan domki ky naam ki manzuri dydi,TRUE
2263,"wohi hona chahiye jo mulk o qom ky liye behtr ho, imran ki giraftari par afridi ka radeamal",TRUE
2264,nigran wazeer e azam ki kabinah ka pehla ijlas jari,TRUE
2265,south africa ky khilaf series sy qabal australia ko bara dhachka 2 aham khilari injured,TRUE
2266,bharat railway police ky sipahi ny train mai char afrad ko goli maar di,TRUE
2267,samundri tufan duxery ny china mai tabahi macha di beijing mai red alert jari,TRUE
2268,quran e pak ki byhurmati islami mumalik ky wuzra e kharjah ka virtual hangami ijlas,TRUE
2269,july ky maheeny mai garmi aur agg ny greece mai tabahi macha di,TRUE
2270,"wazeer e azam ki chinese ham mansab sy mulaqat, pak-china community ky qayam ka aadah",TRUE
2271,turkish president Tayyip Erdoğan corona variant omicron ka shikar,TRUE
2272,"wazeer e azam ki chinese sadar sy mulaqat mai afghanistan sameat degar masail zair e behas ayen gy, fawad chaudary",TRUE
2273,johri muzakraat akhri marhaly mai dakhil america ny iran ky liye pabandiyon par istasna bahal kr dia,TRUE
2274,altaf hussain ny mohajiron ky haquq ky liye mukamal jung ki baat ki adalat ko agahi,TRUE
2275,taliban ky aham rehnuma siraj ud din haqani pehli martaba manzar e aam par aagaye,TRUE
2276,shane warren ka spin magician sy playboy tak ka safar,TRUE
2277,russia ky citizens ky inkhela ky liye ukraine mai juzvi jung bandi ka ilan,TRUE
2278,"iran ky sath nuclear agreement ki bahali ky qareeb pohanch gaye hain, british elchi",TRUE
2279,ukraine ka russian fojiyon par rape ka ilzam khasusi tribunal ky qayam ka mutalbah ki himayat,TRUE
2280,afghan immigrants ki taliban government par qatar mai zindagi ko tarjeh,TRUE
2281,russia ukraine war ky nataij par america ny pakistan ko khabardar kr dia,TRUE
2282,pig ky dil ki paiwandkari krany waly shakhs ki surgery ky do mah baad moat,TRUE
2283,29 iqsam ky janwaron mai covid cases daryaft,TRUE
2284,nuclear negotiations: iran ka red lines sy pichy nah hatny ka azam,TRUE
2285,wo pakistani hero jis ny dhai hazar bharti tulba ko ukraine sy nikala,TRUE
2286,russian wazeer e kharja ki turkiye mai ukrainian ham mansab sy mulaqat ka imkan,TRUE
2287,corps commanders' conference: army tansibaat par hamlon mai mulavis afrad ky khilaf army act ky tehaat muqadmaat ka azam,TRUE
2288,mustaqil aarakeen mai izafy sy salamti council mazeed mafluj ho jaye gi,TRUE
2289,google maps ky takar ki maqami tpl maps app mutarif,TRUE
2290,pig ky lugs ki human body mai paiwandkari,TRUE
2291,tweet deck istemal krny ky liye ab verified account hona lazmi qarar,TRUE
2292,whatsapp mai artificial intelligence sy tayar krdah stickers ky new feature ki aazmaish,TRUE
2293,gilgit baltistan azad kashmir mai september sy smuggle shuda mobile phone check krny ka nizam nafiz ho jaye ga,TRUE
2294,yom e azadi ky google doodle par mojud is dolphin ky bary mai janty hain,TRUE
2295,pakistan mai jald mutarif hony wala digital brand onic kia hai,TRUE
2296,ak hi app par whatsapp ky mutadid accounts chalany ki aazmaish,TRUE
2297,jungle mai lgi agg ka pata lgany ky liye artificial intelligence ka istemal,TRUE
2298,twitter par ab tak ka sab sy naya feature video call mutarif krany ka ilan,TRUE
2299,"mark zukerberg ky sath cage fight italy mai hogi, elon musk",TRUE
2300,taveel arsy baad pehli baar space ki sair krny waly musafir bahifazat zameen par wapis agaye,TRUE
2301,smart phones ky dor mai nokia ky button phones mutarif,TRUE
2302,gmail application mai translation ka feature paish,TRUE
2303,samsung ka sasta tareen 5g phone galaxyA13 introduced,TRUE
2304,"jaranwala waqia: masaajid sy khutbaat mai minority rights par tawajah di jaye, wazeer e aala punjab",TRUE
2305,madahon ki tanqeed ky baad shaygul ny jaranwala waqiye par khamoshi tor di,TRUE
2306,ali mardan domki nigran wazeer e aala balochistan muqarar,TRUE
2307,"aqliyaton ka tahafuz kia jaye ga nuqsan pohanchany walon sy sakhti sy nimten gy, nigraan wazeer e azam",TRUE
2308,"intelligence bureau bhi bazahir zameenon par qabzon mai mulavis hai, justice athar minallah",TRUE
2309,"pehli baar umrah par gya to khaton ny pucha keh apny paison sy aye ho ya kisi ny diye hain, fahad mustafa",TRUE
2310,hassaan niyazi ko military ky hawaly kr dia gya lahore highcourt mai police ki report jama,TRUE
2311,10 sala pakistani nazad britain larki ki laash milny ky baad mushtabah afrad ki talash,TRUE
2312,nigran hakumat ky ibtedai 2 roz mai zindagi guzarny ki laagat mai bara izafa,TRUE
2313,bharat sy kashmir insani haquq ky muhafizon ko reha krny ka mutalbah,TRUE
2314,"nojawanon ki trha ham shadi sy qabal 2 ghanty phone par baat krty thy, saminah ahmad",TRUE
2315,pdm hakumat ky 7 fisad dawon ky baraks mali saal 2023 mai khasara 7.7 record,TRUE
2316,nigran wazeer e aala balochistan muntakhib krny ky liye ijlas takheer ka shikar,TRUE
2317,"sach kabhi chupta nhi, manshiyat ky istemal aur tashadud ky ilzamat par alizy shah ka radeamal",TRUE
2318,"jaranwala waqiye ky dono markazi mulziman mehkmah insedad e dehshat gardi ki hirast mai hain, mohsin naqvi",TRUE
2319,mqm pakistan ky rehnuma kanwar naveed jameel inteqal kr gaye,TRUE
2320,quran e pak ki behurmati ky baad dehshat gardi ky alert mai izafah,TRUE
2321,kisi ko qanon hath mai leny ki ijazat nhi di jaye gi army chief,TRUE
2322,saudi arab ki pehli netflix original web series tayar,TRUE
2323,"pehli baar 9th class mai mohabbat hui thi, memunah qudus",TRUE
2324,asad majeed retire Syrus Sajjad Qazi ny 32nd foreign secretary ki zimedariyan samnbhal lin,TRUE
2325,aam intekhabaat 90 roz mai nhi ho skty election commission ka nai halkah bandiyon ka faisla,TRUE
2326,ham establishment aur foji qiyadat ko dhandli ka mujrim samajhty hain molana fazal ur rehman,TRUE
2327,maye saal ky pehly roz stock market mai zabardast karobari sargarmi,TRUE
2328,karachi: kam umer taliba ko black mail krny wala qari fia ky hathon giraftar,TRUE
2329,karachi: behria town mai nojawan ki maa aur mulazim ko goli maar kr khudkushi,TRUE
2330,tayari nah hony ka kabhi bahana nhi bnaya mery bayan ko bilkul galt lia gya wazeer e azam,TRUE
2331,siyasi jumaaten siyasat zaror kren lekin unhen askari tanzeemen palny ki ijazat nhi,TRUE
2332,corona ki dusri lehar ky bais airlift ka 31 march tak service moatal rakhny ka ilan,TRUE
2333,"pakistan ny 2020 mai maslah kashmir samet kai mamlaat par dunya ki tawajah dilai, daftar e kharjah",TRUE
2334,pakistan aur bharat ky darmiyan nuclear installations ki lists ka tabadlah,TRUE
2335,"khawajah asif ko malum tha keh unhen kisi bhi waqat giraftar kia ja skta hai, raja zafar ul haq",TRUE
2336,december mai afratezar kam ho kr 8 fisad tak aagai,TRUE
2337,rape ki rok thaam ky liye naye qawaneen nhi qanoon ka rooh ky mutabiq amal daramad zarori hai,TRUE
2338,umer shiekh ko ccpo lahore ky ohdy sy hata dia gya,TRUE
2339,saal e no ky pehly din pakistan mai 14 hazar sy zaid bachon ki paidaish mutawaqa,TRUE
2340,saal 2020 ky ikhtetam tak pakistan mai corona cases ki tadad 4 lakh 82 hazar 178 ho gai,TRUE
2341,sindh mai corona ki nai qisam ky mazeed 2 cases samny aagaye,TRUE
2342,"karak: hindu bazurg ki samadhi mai tor phor, jui f rehnuma samey 31 afrad giraftar",TRUE
2343,pia ky 2 hazar mulazimeen ny razakarana alehdgi ky liye darkhwast di hai,TRUE
2344,saal 2020 mai maqbool hony waly pakistani dramy,TRUE
2345,kabina ko karsaz companies ky hawaly sy inquiry ki hadayat,TRUE
2346,aasma jahangir group pakistan bar council ki aksar nashiston par kamyab,TRUE
2347,"peoples party ny long march ko nawaz shareef ki wapsi sy mashrut kr dia hai, shah mehmood",TRUE
2348,"saal 2021 taraqi ka saal hoga, waeer e azam",TRUE
2349,maryam nawaz ko kitchen mai kaam nah krny ka tana deny par fawad chaudary ko tanqeed ka samna,TRUE
2350,mufti muneeb ka fatf sy mutaliq qanoon ky khilaf mohim chalany ka ilan,TRUE
2351,dawa sazon ka corona vaccine ki tayari ky liye license hasil krny par zor,TRUE
2352,pak foj ny loc par bharti jasoos drone maar giraya,TRUE
2353,Ravi River Urban Project ki tameer mehakma tahafuz e mahool ki manzuri sy mashrut,TRUE
2354,mulk bhar mai taleemi idary 25 january sy marhala war kholny ka imkaan,TRUE
2355,"bharat minorities ky haquq par tashveesh zahir krny ki bajaye apna ghar darust kry, daftar e kharja",TRUE
2356,islamabad mai german shehri ky qatal case mai 2 mulzimaan giraftar,TRUE
2357,december mai exports mai 18.3 fisad izafa,TRUE
2358,lahore bachi ka qatal ky baad rape mulzimaan ka mazeed 4 roza jismani remand,TRUE
2359,islamabad mai police ehalkaron ki firing sy nujawan jaan bahaq dehshat gardi ka muqadma darj,TRUE
2360,394 qanoon sazon ko asason ki tafsilaat jama krwany ky liye mazeed 15 roz ki mohlat,TRUE
2361,imran khan ky pichy israeli aur indian lobby ki funding ky saboot hain ehsan iqbal,TRUE
2362,khawaja asif ny apny qaid ki traha tt ka tareeqakar apnaya shehzad akbar,TRUE
2363,72 ghanty mai muqadma darj krny ki harkat ki to ap ki wazarat nhi rahy gi fazal ur rehman,TRUE
2364,maryam bibi ky kehny par koi muslim leaguei istefy nhi dy ga wazeer e hawabazi,TRUE
2365,pdm ky ehtejaj sy koi tension nhi jo khud mohtaj ho wo kya ehtejaj kry ga,TRUE
2366,wazeer e azam ny steel ki qeemat barhany ka notice ly lia,TRUE
2367,sindh january ky wast tak covid 19 vaccine hasil kr ly ga subaai wazeer e sehat,TRUE
2368,pakistani larki ny world memory championship jeet li,TRUE
2369,nsg rukniyat par bharat ky muqably mai pakistan sy mukhtalif salook par tanqeed,TRUE
2370,2020 mai bharat ny jung bandi ki 2900 khilaf warziyan ki,TRUE
2371,pakistan mai corona virus sy mazeed 82 amwaat 2 hazar 184 naye cases ki tasdeeq,TRUE
2372,jo bhi foj ky khilaf baat kry ga 72 ghanty mai is par parcha katy ga wazeer e dakhla,TRUE
2373,ptv board ny managing director ko moatal kr dia,TRUE
2374,hakumat american company ko 2 crore 87 lakh dollar harjany ki adaigi par razamand,TRUE
2375,foj agar meri pusht panahi kr rahi hai to opposition is baat ka saboot dy imran khan,TRUE
2376,wazarat e khazana ka ipps ko 30 fisad gardishi qarzy ada krny ka faisla,TRUE
2377,lapata shehri case mai sarkari hukaam par ak caror rupees jurmana,TRUE
2378,foji qayadat apni position waazy kry kia is naehal hukumat ki pusht par hai molana fazal ur rehman,TRUE
2379,dillip kumar aur raj kapoor ky aabai ghar khareedny ky liye 2 crore 35 lakh rupees ki manzuri,TRUE
2380,"establishment, selectors aur selected dekh raha hai punjab ky awam jaag gaye hain maryam nawaz",TRUE
2381,advocate hamaad ky aghwah ky khilaf bar association ny hartal ka ilan kr dia,TRUE
2382,pakistan mai dehshatgardi sangeen masla nhi raha security report,TRUE
2383,usama qatal case ats ky 5 ehalkaron ka 2 roza remand manzur,TRUE
2384,suzuki wagonar ky muqably mai nai 1000cc pakistani gari mutarif,TRUE
2385,pdm ky circus ko qom ny mustarad kr dia murad saeed,TRUE
2386,machh mai 11 kankunon ky qatal par wazeer e azam samayt sayasi shakhsiyaat ka izhar e mazamat,TRUE
2387,pta ko tiktok par pabandi sy mutaliq tafselaat jari krny ki hidayat,TRUE
2388,pia ka saudia arab ky liye parwazeen bahaal krny ka ilan,TRUE
2389,saal 2020 karachi mai car lifting motorcycle aur mobile snatching ki wardaton mai izafa huwa,TRUE
2390,pdm ky khilaf media ky zariye sazishen phelai ja rahi hain bilawal bhutto,TRUE
2391,pakistan ka aqwam e mutahidah sy asiya andrabi ki fori rehai ky liye madakhlat krny ka mutalba,TRUE
2392,moaqaf mai koi tabdeli nhi aai pdm mazboot aur pur azam hai fazal ur rehman,TRUE
2393,corona virus mulk mai sehatyaab afrad ki tadaad 4 lakh 40 hazar sy zaaid,TRUE
2394,wazeer e azam ka petroleum products ki smuggling rokny ky liye karwai ka hukam,TRUE
2395,sui southren ka gas ki shadeed qilat ka intebah karachi ky captive power plants ko supply band,TRUE
2396,fedral ko special courts high court ky matehat krny ki hidayat,TRUE
2397,balochistan machh mai kidnap ky baad 11 minors ka qatal,TRUE
2398,dehshatgardi ky liye mali muawnat ka case kaladam lashkar e tayyiba ky rehnuma zaki ur rehman lakhwi giraftar,TRUE
2399,"beti ka shanakhti card block krwany par walid aur nadra par 5,5 lakh rupee harjana",TRUE
2400,motorway gang rape case mulzimaan ky remand mai 18 january tak toseeh,TRUE
2401,nawasi ky liye khilony khareedti maryam nawaz ki video social media par viral,TRUE
2402,minors ka qatal hazarah baradri ky sogwaron ka insaf ka mutalbah,TRUE
2403,pakistan america ka khity mai aman o istehkam ky mustarkah hadaf ky hasul ky azaam ka aaadah,TRUE
2404,karachi child pornography case mai madrisy ky ustad ka judicial remand,TRUE
2405,wazeer e azam izzat sy jany par razi na huwe to awam faisla kren gy maryam nawaz,TRUE
2406,pti ko ghair mulki idaron sy prohibited funding hui wazeer e itlaat,TRUE
2407,senate ijlas deputy chairman ka nab ki khilaf warziyon ko insani haquq committee ky sapurd krny ka mutalbah,TRUE
2408,bharat hybrid warfare ky tehat mazduron ki halakat jesy waqiyat kra raha hai wazeer e kharjah,TRUE
2409,rape ki tasdeeq ky liye finger test ghair qanoni qarar,TRUE
2410,vina malik ky sabiq shohar ki wazeer e azam o army chief sy madad ki appeal,TRUE
2411,wazeer e azam ka nab ki karkardgi par izhar e itmenan,TRUE
2412,taleemi idary kholny ky ilan par tweeter sarfeen o wazeer e taleem sy nalaan,TRUE
2413,magvi wakeel bazyab adalat ka mamla wazeer e azam o kabina ky notice mai lany ki hidayat,TRUE
2414,shahbaz shareef hamza shahbaz ky judicial remand mai 6 january tak tosee,TRUE
2415,maqbuza kashmir mai bharati muzalim par aalmi baradri ki khamoshi sawaliya nishan hai sherin mazari,TRUE
2416,corona virus ka khatrah america mai pakistani sefaratkhana teen din ky liye band,TRUE
2417,senate intekhabaat sy mutaliq reference par chairman senate speaker assemblies election commission ko notice,TRUE
2418,sindh pehly marhaly mai ak lakh 15 hazar front line workers ko vaccine lgai jaye gi,TRUE
2419,wifaqi hakumat ka 18 january sy marhala war taleemi idary kholny ka elan,TRUE
2420,parveen rehman qatal case trail court ko jald faisly ka hukam supreme court ny case nimta dia,TRUE
2421,ba ma private ky tulbah ka mustaqbil khatry mai,TRUE
2422,pakistan mai corona virus sy mazeed 1000 afrad mutasir 39 ka inteqal,TRUE
2423,tehreeq e labaik ny french ambassador ko mulk badar nah krny par dobarah ehtejaj sy khabardar kr dia,TRUE
2424,corona mareezon ko oxygen istemal krny sy qabal doctors sy mashwary ki tajveez,TRUE
2425,national health institute ny britain sy aye 2 musafiron mai corona ki nai qisam ki tasdeeq kr di,TRUE
2426,wifaqi kabinah ny corona vaccine ki kharidari ki manzuri dy di,TRUE
2427,dehshatgardon aur un ky sahulatkaron ko shikast di jaye gi askari qiyadat,TRUE
2428,britain sy any wali pia ki khasusi parwaz sy sirf ak musair ki wapsi,TRUE
2429,russian made corona vaccine ki pakistan mai registeration ky liye moscow ki dilchaspi,TRUE
2430,taleemi sargarmiyan bahaal krny sy mutaliq tulbah ky manfi rad e amal par wazeer e taleem heran,TRUE
2431,two finger test ko illegal qarar diye jany par logon ka izhar e musaraat,TRUE
2432,malum nhi mqm kis majburi ky tehat hakumat ky sath khari hai bilawal,TRUE
2433,kohat beti sy 4 saal tak ziyadti o tashadud krny par walid giraftar,TRUE
2434,saal 2020 mai khula ky cases mai 700 fisad izafa,TRUE
2435,khyber pakhtoon khawa hakumat ka 2 bitcoin monitoring plants lgany ka faisala,TRUE
2436,international community ka kashmiriyon sy 5 january ko kia gya wada efa na huwa shah mehmood,TRUE
2437,dunya bhar mai kashmiri ajj yom e haq e khudiradiyat mana rahy hain,TRUE
2438,islamabad mai nujawan ka qatal police record tazaad ky samny aany par seal,TRUE
2439,supreme court ki 30 nyi ehtesaab adalton ko ak maah mai faa'al krny ki hidayat,TRUE
2440,pakistan mai corona sy mazeed 59 amwaat sehatyab afraad ki tadad mai 1900 ka izafah,TRUE
2441,punjab police ny ispr ki tarz ka media wing bna lia,TRUE
2442,samadhi nazareatish case jin logon ny mandir ko nuksaan pohanchaya hai un sy paisy wasool kren chief justice,TRUE
2443,gas ka rukh tabdeel krna ghizaai tahafuz ky liye khatrah hai fertilizers,TRUE
2444,aalmi baradri kashmiriyon ko haq e khudiradiyat ki farahmi ky liye iqdamaat kry wazeer e azam,TRUE
2445,senior bureaucrat ki khudkushi mai istemal hony wala pistol forensic lab bhej dia gya,TRUE
2446,sharif khandan ky asason ki khoj krny wali committee ny unhi sy madad talb kr li,TRUE
2447,britain ky musafiron par safri pabandiyon mai 31 january tak tosee,TRUE
2448,kaankunon ky lawahiqeen ka apny piyaron ki mayateen dafanany sy inkaar,TRUE
2449,hakumat ny nab ki hirasat mai halakton ky dawon ko mustarid kr dia,TRUE
2450,hukumat ky liye pdm mazeed khatrah nhi yeh apni moat mar gai hai wazeer e azam,TRUE
2451,afghanistan sy dehsahtgardon ki check post par firing fc ehalkar shaheed,TRUE
2452,nab mulk sy badunwani ky khatmy ky liye intehai sanjeedah koshisheen kr raha hai chairman,TRUE
2453,hazara baradri ko mukamal tahafuz aur security ka yaqeen dilayen gy imran khan,TRUE
2454,karachi sindh madrisa tul islam ky bani ky poty o asif zardari ky cousin qatal,TRUE
2455,imran khan ka jo wafadar hai mai usy ghadaar kehta hun molana fazal ur rehman,TRUE
2456,mansehra gas leakage sy bachon sameet ak hi khandan ky 6 afraad jan bahaq,TRUE
2457,peshawar mai dasti bomb phatny sy 3 bachy jaan bahaq 2 zakhmi,TRUE
2458,civil aviation authority tanzeem e nu ky baad 3 divisions mai taqseem,TRUE
2459,ig islamabad tabdeel qazi jameel ur rehman naye ig tainaat,TRUE
2460,afghanistan ki machh mai jan bahaq 3 shehriyon ki mayateen watan bhejny ki darkhwast,TRUE
2461,apny pyaron ki tadfeen kr dyn mai jald apky pas aon ga wazeer e azam ki hazara baradri sy appeal,TRUE
2462,usama satti qatal case adalat ka tafteeshi afsar par izhar e barhami mulzimaan ka 7 roza remand manzur,TRUE
2463,nab sy mutmain nhi ehtesab qanoon ky mutabiq nhi hoga to idary ky khilaf action lyn gy supreme court,TRUE
2464,hazara baradri tadfeen ko wazeer e azam ki amad sy mashrut na kry wazeer e aala balochistan ki darkhwast,TRUE
2465,karachi business road food streat ko paidal chalny walon ky liye mukhtas krny ka faisla,TRUE
2466,rawalpindi susral sy khatoon ki phanda lgi laash baraamad,TRUE
2467,islamabad giraftari ky liye firing krny par wazahat deny mai nakami asi mulazmat sy farig,TRUE
2468,machh mai kaankunon ky qatal ky khilaf karachi ky mukhtalif maqamaat par ehtejaj traffic ki rawani mutasir,TRUE
2469,doctor maha qatal case tafteshi afsar ko hatmi report paish krny ka hukam,TRUE
2470,vaccine ki farahmi mai kuch takheer ka samna krna par skta hai wazeer e sehat sindh,TRUE
2471,molana fazal ur rehman ky ak aur sathi ky khilaf nab reference dair,TRUE
2472,gdp mai 1.5 sy 2.5 fisad izafy ka imkan,TRUE
2473,pakistan mai corona virus sy 91 fisad mareez sehatyab faa'al cases 22 hazar 740 reh gaye,TRUE
2474,media workers ky haquq ky liye mulk bhar mai muzahiry,TRUE
2475,minors ka qatal intehai sard mosam mai bhi hazara baradri ka ihtejaj jari,TRUE
2476,maseehi qedi ka illegal arrest ky khilaf peshawar high court sy riju,TRUE
2477,k electric ko bin qasim station 3 ky liye gas pipeline bichany ki manzuri,TRUE
2478,sargodh firqa warana wardaton ka mansuba bnany waly 7 deshatgar giraftar,TRUE
2479,musbat sifaratkari ky zariye bharat ky manfi propogandy ko nakam banayen gy daftar e kharjah,TRUE
2480,pakistan ki exports india aur bangladesh sy zyada rehny par wazeer e azam ki mubarakbad,TRUE
2481,bilawal maryam quetta pohanch gaye lawahiqeen sy taziyat dharny ky shuraka sy khitab,TRUE
2482,hakumat arbon rupee subsidy ki hamil textile policy mutarif krany ky liye tayar,TRUE
2483,saneha machh maryam nawaz bilawal ny ghair sanjeedgi ka muzahira kia liaqat shahwani,TRUE
2484,retairement ki umer barhany ky khilaf peshawar highcourt ka faisala kaladam qarar,TRUE
2485,peoples party ka hakumat ky khilaf refrence dair krny ky liye adalton sy raju krny ka faisla,TRUE
2486,pakistan ka maqami tor par tayar krda jadeed rocket system ka kamyab tajurba,TRUE
2487,mulk bhar ki medical universities ko rawan mah imtehanaat leny sy rok dia gya,TRUE
2488,rawalpindi ghar sy maa aur derh sala beti ki lashen baramad,TRUE
2489,civil aviation 3 divisions mai taqseem do izafi additional directors ky ohdy takhleeq,TRUE
2490,cda ny grand hayat project ko deseal kr dia,TRUE
2491,karachi mai machh waqiye ky khilaf 20 sy zaid maqamaat par ehtejaj pia ka operation mutasir,TRUE
2492,machh waqia wazeer e azam ko tofeeq nhi keh maaon betiyon ky saar par ja kr hath rakhen maryam nawaz,TRUE
2493,pakistan mai 4 lakh 95 hazar corona mutasireen mai sy 4 lakh sehatyab,TRUE
2494,cheeni ki qeemat mai utar charhao ki waja supply chain mai heerapheri,TRUE
2495,pakistan ky khilaf dehshatgardi ky liye afghan sarzameen ky istemal ki mazamat,TRUE
2496,state bank ny pension akhrajaat par khatry ki ghanti baja di,TRUE
2497,lebnon mai palestinian refugee camp mai larai sy 6 afraad jan bahaq,TRUE
2498,muqadaas kitab ki toheen bardasht nhi ki ja skti secretary general oic,TRUE
2499,ecp ka scrutiny committee ko hafty mai 3 baar ijlas krny ki hidayat,TRUE
2500,lahore kamsin bachy ko ziyadati ky baad qatal krny wala saga bhai giraftar,TRUE
2501,manshiyaat ky muqadmy mai sazayaftah 80 sala khatoon bari,TRUE
2502,dehshatgardi ki mali moavnat zaki ur rehman lakhvi ko majmui tor par 15 saal qaid ki saza,TRUE
2503,hazara baradri ko blackamailer keh kr wazeer e azam fironiyat ky murtakib huwe hain maryam nawaz,TRUE
2504,islamabad social media par ghustakhana mawad share krny par 3 mulziman ko saza e moat ka hukam,TRUE
2505,hamza shehbaz ki darkhwast e zamanat yeh munasib nhi mulzim trail ki takmeel tak jail mai rahy,TRUE
2506,usama satti ka qatal waqiye mai mulavis ctd ky panchon ehalkar bartaraf,TRUE
2507,zehni bimariyon ka shikar saza e moat ky qaidiyon sy mutaliq supreme court ka faisla mehfuz,TRUE
2508,zain afendi qatal case daketi aur qatal ki fir ehliya ki mudiyat mai darj,TRUE
2509,army chief ko dora behrain mai first class award sy nawaza gya,TRUE
2510,maruf kashmiri rehnuma ibrahim khan ko bichry 20 baras guzar gye,TRUE
2511,oic ki bajor mai khudkush hamly ki mazamat,TRUE
2512,chairman royat e hilal committee ka chand dekhny ky liye scienci tareeqa ikhreyat krny ka indiya,TRUE
2513,shohda ki tadfeen mai rukawat lawahiqeen nahi wazeer e azam hain siraj ul haq,TRUE
2514,corona waba mulk mai mazeed 2 hazar 435 cases 47 amwat,TRUE
2515,daniel pearl case sindh government ky khilaf toheen e adalat ki darkhwast par samaat,TRUE
2516,sweden mai quran e pak ki byhurmati ka silsila na ruk saka,TRUE
2517,muzafarghar shadi ky tanaziya par 2 kamsin larkiyon ko agg lga di gai,TRUE
2518,bilawal bhutto zardari 4 saal ky liye chairman peoples party ki hasiyat sy dobara muntakhib,TRUE
2519,december mai pakistan ky tijarti khasary mai 32 fisad izafa,TRUE
2520,iraq shadeed garmi ky baais grid station mai dhamaky mulk mai bijli ki farahmi moatal,TRUE
2521,wazarat e tawanai ny pac ky lng mamly ka az khud notice leny ka ikhteyar challenge kr dia,TRUE
2522,lockdown ky sabbab 2 crore 7 lakh sy zaaid afraad rozgar sy mehrum huwe survey mai inkeshaf,TRUE
2523,tabish gohar wazeer e azam ky moavin e khasusi baraye tawanai ky ohdy sy mustafi,TRUE
2524,pti ghair mulki funding audit krny waly penal ka 13 january ko ijlas mutawaqe,TRUE
2525,pdm ko chorny wala siyasi tor par khatam ho jaye ga shahid khaqan abbasi,TRUE
2526,power sector ky gardishi qarzy barh kr november tak 23 kharab 6 arab rupee ho gaye,TRUE
2527,pakistan ny zaki ur rehman lakhvi sy mutaliq bharti bayaan mustarid kr dia,TRUE
2528,lahore sagy bhai ko ziyadti ky baad qatal krny waly mulzim ka 4 roza jismani remand,TRUE
2529,bharat ki pakistan mai firqa warana tasadam ki koshishon sy agah thy imran khan,TRUE
2530,qeematon ki nigrani ka naya mechanism introduced,TRUE
2531,pdm ki jumaton ky sath mil kr zimni intekhabaat mai hissa lyn gy ehsan iqbal,TRUE
2532,pakistan mai nhi america mai oil bussiness hai azam sawati,TRUE
2533,punjab o khyber pakhtoon khawa hamkumat ki senate intekhabaat open ballot ky zariye krany ki himayat,TRUE
2534,islamabad child pornography ky mulzim ki darkhwast e zamanat mustarad,TRUE
2535,shehriyon ka data hack aur sale krny wala 5 rukni giroh giraftar,TRUE
2536,wazeer e azam imran khan ki quetta amad saneha machh ky lawaheqeen sy mulaqaat,TRUE
2537,mula akhtar mansoor ky 4 crore sy zaaid maliyat ky asasy baramad,TRUE
2538,ptm rukan e assembly ali wazeer ki na-ehli ky liye reference,TRUE
2539,karachi mai ankon ky khushk hony ki bimari mai izafa,TRUE
2540,karachi site ky elaqy mai chemical factory mai agg lg gai mutadid zakhmi,TRUE
2541,pakistan mai khudkush hamly mai qeemati janoon ky zeya par afsos huwa saudi wizarat e kharjah,TRUE
2542,polio aur hifazati tikon sy mutaliq mushawarati group qayyam ky baad sy ghair faa'al,TRUE
2543,pakistan mai corona virus ky cases mai 2007 amwat mai 40 ka izafa,TRUE
2544,firdos shamim naqvi ny sindh assembly ky opposition leader ky ohdy sy istefa dy dia,TRUE
2545,tajir saith abid qalil alalat ky baad inteqal kr gaye,TRUE
2546,pakistan ki america ko exports mai 10.9 fisad izafa,TRUE
2547,tarseelaat e zar musalsal 7th month mai bhi 2 arab dollar sy zaaid,TRUE
2548,wazeer e azam ny musheeron ky mashwary par quetta nah jany ka faisla kia tha,TRUE
2549,senate ijlas hakumat opposition ky darmiyan sakht jumlon ka tabadla,TRUE
2550,quetta hakumat sy kamyab muzakraat ky baad hazara baradri ka dharna khatam,TRUE
2551,pakistan bhar mai bijli ka breakdown,TRUE
2552,loc bharat ki bila ishteyal firing sy 2 bazurg shehri zakhmi,TRUE
2553,whatsapp ki new policy wazarat e technology ka privacy ky liye qanoon lany par ghor,TRUE
2554,tax dahindgan pakistan ky mohsin hain jo khiraj e tehseen ky haqdar hain wazeer e azam,TRUE
2555,foj ky khilaf baat krny walon ka ilaj hony wala hai wazeer e azam,TRUE
2556,america apny tahafuzaat ko india ki terrorism par markuz kry daftar e kharja,TRUE
2557,opposition mai himmat hai to pindi ki traf aye wazeer e dakhla,TRUE
2558,pakiatan mai bijli ka break down: social media par mazahiya tabsary marshal law ki afwaheen,TRUE
2559,"karachi green line august tak faa'al ho jaye gi, asad umer",TRUE
2560,fedral government ka textile ky shoby ky liye jam e mansuba,TRUE
2561,balochistan ky ilaqy turbat mai dhamaka 4 afrad zakhmi,TRUE
2562,pakistan mai corona virus ky cases mai tadad 5 lakh sy mutajawuz 91 fisad sehatyab,TRUE
2563,imarati shahi khandaan ky afrad ki talwar ky shikar ky liye panjgor amad,TRUE
2564,gany ki qeemat par sugar mills kisanon aur hakumat ky darmiyan taatul barqarar,TRUE
2565,muslim league n ka senate aur zimni intekhabaat mai hissa leny ka ilan,TRUE
2566,system ky wapis online any mai mazeed kuch ghanty lgen gy wazeer e tawanai,TRUE
2567,bary breakdown ky baad mulk ky byshtar shehron mai bijli bahal,TRUE
2568,hakumat covid 19 vaccine ky jald hasul ky liye pur umeed,TRUE
2569,tarseeli nizaam mai kharabi karachi lahore samet mulk ky kai shehron mai bijli ka breakdown,TRUE
2570,islamabad mai amn o amaan ki surat e haal ki nigrani ky liye wuzra ki committee tashkeel,TRUE
2571,saal 2021 mai sayahat ky liye 52 behtreen maqamat mai lahore shamil,TRUE
2572,mojuda hakumat ko sahara deny waly bhi pakistan ki tabahi mai shareek hain molana fazal ur rehman,TRUE
2573,kathputli selected raaj ka khatma aur democracy bahaal kren gy bilawal,TRUE
2574,russia aman muzakraat ko mustarid nhi krta sadar vladimir putin,TRUE
2575,nepra ny mulk mai black out ki tehqiqat ka faisla kr lia,TRUE
2576,usama satti qatal mutaliqa sp aur dsp ky khilaf karwai ki sifarish,TRUE
2577,senate intekhabaat sy mutaliq sadaarti reference pury aaini dhanchy ko janchna pary ga chief justice,TRUE
2578,pakistan dunya mai sab sy kam tax jama krta hai wazeer e azam,TRUE
2579,naeem bukhari ka bator chairman ptv taqarar lahore high court mai challenge,TRUE
2580,pakistan mai munazam dehshatgardon ka koi structure mojud nhi tarjuman pak foj,TRUE
2581,imf ky program sy mutaliq jald achi khabar mily gi governor state bank,TRUE
2582,aafia sadiqi case: wazarat e kharja ki report tasali bakhsh qarar joint secretary adalat talab,TRUE
2583,bar politics mai wukla ki firing ki khatarnak riwayat muqadmaat darj,TRUE
2584,broadsheet ky malik ny muslim league n ka jhoot benaqab kr dia shehzad akbar,TRUE
2585,pdm ka maqsad idaron par dabao daal kr corruption cases sy chutkara hasil krna hai wazeer e kharjah,TRUE
2586,ehteyat nah ki to khatry ka samna krna par skta hai asad umer ka intebah,TRUE
2587,corona virus mulk mai mazeed 32 amwat sehatyab afrad ki tadaad mai 1402 ka izafa,TRUE
2588,corona vaccine ki farahmi hakumati koshishain sirf 20 fisad abaadi ka ahatah kren gi,TRUE
2589,china ki sarhad band hony sy gilgit baltistan ky logon ko moashi pareshani ka samna,TRUE
2590,pdm ptv ki moatli sy tanaziya barhny lga,TRUE
2591,world bank sy hybrid social protection scheme ky liye 60 crore dollar ka qarz talab,TRUE
2592,siyasi ilzaam tarashiyon ka hissa nhi ban-na chahta tha sarbarah broadsheet,TRUE
2593,mulk mai 5 roza insedad e polio mohim ka ajj sy agaaz,TRUE
2594,tanazee ky jamy hal ky liye bain al afghan muzakraat ko agy barhana na guzeer hai wazeer e azam,TRUE
2595,liyari gang war ka sarbarah uzair baloch qatal ky ak aur muqadmy mai bari,TRUE
2596,raza rabbani ka black out ky mamly par wazeer e tawanai sy istefy ka mutalbah,TRUE
2597,money laundaring reference fbr sy shehbaz shareef ki jaidad ka audit record talab,TRUE
2598,pakistan turkiye azerbaijan ky darmiyan kal seh fareeqi muzakraat hongy,TRUE
2599,mqm pakistan ko chalany wala koi aur hai syed murad ali shah,TRUE
2600,lahore session court ky bahir sy 7 mulziman giraftar bari tadaad mai asleha baramad,TRUE
2601,motorway ziyadati case mulzimaan ko giraftar krny waly afsaraan o ehalkaron mai innamaat taqseem,TRUE
2602,broadsheet scandel par bnai gai committee inkeshafaat kry gi shibli faraz,TRUE
2603,khairpur 7 sala bachi ky rape aur qatal ky muqadmy mai 9 mushtabah afrad giraftar,TRUE
2604,nandipur power reference mai babar awan aur riaz kiyani ki bariyat ka faisla barkarar,TRUE
2605,loc par jung bandi ki khilaf warzi senior bharti sifaraatkar ko daftar e kharjah talab kr ky ehtejaj,TRUE
2606,taqseemkar companies ko bijli ki qeemat mai per unit 1.06 rupee izafy ki ijazat,TRUE
2607,karak mai insedad e polio team par hamlah police ehalkar shaheed,TRUE
2608,pak behria ka antiship missiles aur torpedoes firing ka kamyab muzahirah,TRUE
2609,usama satti qatal duty officer ny qasoorwaron ko bachaya aur jurm chupaya report,TRUE
2610,karachi navy officer ky qatal mai mulavis 2 askariyat pasandon ko umer qaid,TRUE
2611,vaccine anyy mai waqt lgy ga virus ki teesri lehar sy bachny ki koshish krna hogi asad umer,TRUE
2612,pakistan mai corona virus ky 2408 new cases 41 deaths,TRUE
2613,rawaan mali saal ky pehly semester mai cars ki sale mai 13 fisad izafa,TRUE
2614,jpmc samet 4 hospitals ka intezam sambhaly ky liye fedral ka aham qadam,TRUE
2615,broadsheet ky malik ky shareef khandaan par ilzamaat ky baad naya tanaziya khara hogya,TRUE
2616,dubai ky hukmaran samet shahi khandan ky afrad ko talor ky shikar ki ijazat,TRUE
2617,pakistan derh mah mai corona ky faa'al cases mai 15000 tak ki kami,TRUE
2618,army chief ki saneha machh ky lawahikeen sy mulaqaat innsaaf faraham krny ki yaqeen dahani,TRUE
2619,fbr ka atif aslam ko 5 crore 80 lakh rupee ka tax notice,TRUE
2620,usama satti kisi daketi mai mulavis nhi tha judicial inquiry notice,TRUE
2621,ali zafar par ak aur khatoon ka hirasani ka ilzam 50 crore rupee harjany ka dawa dair,TRUE
2622,ptcl ki tamam services ky licenses mai 25 saal ki tajdeed,TRUE
2623,ak pakistani siyasatdan ny saudi arab sy britain ak arab dollar muntaqil kiye wazeer e azam,TRUE
2624,pakistan ny dehshatgardi ky khilaf jung mai kamyabi ki bhari qeemat chukai turk wazeer e kharja,TRUE
2625,senate intekhabat sy mutaliq sadarti reference ham aain ky muhafiz hain chief justice,TRUE
2626,united nations purtashadud qom parast garohon ko bhi kaladam qarar dy pakistan,TRUE
2627,icc poll mai wazeer e azam imran khan behtreen cricketer qarar,TRUE
2628,rukan e sindh assembly jaam kamal shoru o degar ky khilaf nab reference dair krny ki manzuri,TRUE
2629,jab bhi deal ya nro huwa to do jumaton ko faida pohancha shehzad akbar,TRUE
2630,mulk mai idaron ki baladasti tasleem nhi kren gy molana fazal ur rehman,TRUE
2631,sadar e mumlikat ny turk wazeer e kharja ko hilal e pakistan award sy nawaz dia,TRUE
2632,pakistan aur turkiye ka international level par mushtarkah laiha e amal ikhteyar krny par itefaq,TRUE
2633,pakistan intehai nazuk dour sy guzar raha hai mehmood achakzai,TRUE
2634,usama qatal case mulziman ny aik begunah shehri ki jaan leny ka iteraf kr lia tasfteshi afsar,TRUE
2635,pti rehnuma ki housing society ky liye jari noc mansukh,TRUE
2636,amdan sy zaaid asasajaat case khawaja asif ky jismani remand mai tosee,TRUE
2637,asif zardari ki sehat ki janch ky liye medical board tashkeel,TRUE
2638,pakistan mai corona virus sy sehatya  afrad ki tadaad mai taqreeban 3000 ka izafa,TRUE
2639,broadsheet ky inkashafaat ny hukmaran ashrafia ki corruption or money laundering ko phir benaqab kr dia wazeer e azam,TRUE
2640,senate ki qaima committee ny tulba ko hirasani sy bachany ky liye bill manzur kr lia,TRUE
2641,trial ki takmeel ky sath hi chineese vaccine ki jald registeration mutawaqa,TRUE
2642,geographical signs ky laws notify kr diye gaye,TRUE
2643,nab ka khawaja saad rafeeq ky khilaf engines ki kharidari ka case band krny ka faisla,TRUE
2644,daniel pearl case mai wakeel gawahon aur judges tak ko dhamkiyan di gain,TRUE
2645,karak mandir waqiya ghaflt baratny waly 16 police ehalkar nokri sy farig,TRUE
2646,public accounts committee ka broadsheet ky sath moahidy ki tehqiqat ka hukam,TRUE
2647,senate intekhabaat sadarti refernece adalat ny tashreeh ki to sab paband hon gy supreme court,TRUE
2648,kulbhushan yadhav case hakumat ko ak martaba phir bharat sy rabta krny ki hidayat,TRUE
2649,sadar o wazeer e azam ki azerbaijan ko nagorno-karabakh ki azadi par mubarakbaad,TRUE
2650,shumali wazeerastan mai operation loc par firing sy 4 foji jawan shaheed,TRUE
2651,video games sy dilchaspi rakhny waly naye mawaqy ky liye tayar ho jayen fawad chaudary,TRUE
2652,pdm foreign funding case mai faisly ky liye election commission ki traf march kry gi maryam aurangzaib,TRUE
2653,gilgit ki trha kashmir mai bhi selected hakumat lany ko koshish ki to wo modi ka agent hoga,TRUE
2654,faisal wawda ny jhuta bayan e halfi kesy dia adalat e aliya,TRUE
2655,deputy chairman senate ka nab sy mutaliq haqaiq aiwan e bala mai paish krny ka elan,TRUE
2656,channels par baith kr tabsary karny walon ko qanon ka pata hi nhi hota chief justice lahore high court,TRUE
2657,pak behria ky 3 commodores ki rear admiral ky auhdy par taraqi,TRUE
2658,election commission ky bahar ehhtejaj mai rukawat nhi banen gy fedral government,TRUE
2659,zulfi bukhari ki viral video dill azari hui ho to mafi mangta hun,TRUE
2660,karachi raw sy mubayina tor par tarbiyat yafta deshat gard giraftar,TRUE
2661,shehzad akbar ny leaguei rehnuma azma bukhari ko hitak e izat ka qanuni notice behj dia,TRUE
2662,3 baras mai karachi mai cancer ky 33309 caces report huwe,TRUE
2663,bharat ko aqwam e mutahida ki 3 committees ki sarbarahi milna zyada badshaguni nhi mahireen,TRUE
2664,mulk mai 27 roz baad corona virus ky 3000 sy zayd cases report,TRUE
2665,opposition ky pass aksariyat hai to tehreek e adam etemad layen ijaz shah,TRUE
2666,lahore baap ny zehni aur jismani mazur betiyon ko qatal kr ky khudkushi kr li,TRUE
2667,islamabad highcourt cynthia ritchie rehman malik ny ak dusry ky khilaf tamam darkhwasten wapis ly liyn,TRUE
2668,nab ny iss mulk ka paisa lutny walon ko nro dia shahid khakan,TRUE
2669,musharaf ki saza par rad e amal farogh naseem khasusi adalat ky khilaf apny alfaz par nadim,TRUE
2670,pakistan ki ecomony 1.5 percent tak barhy gi moodies ki paishgoi,TRUE
2671,islamabad highcourt ny chairman ptv naim bukhari ko kaam sy rok dia,TRUE
2672,afghanistan mai aman ka matlab pakistan mai aman hai army chief,TRUE
2673,do mulkon ny mujhe foreign funding ki paishkash ki lekin qabool nahi ki wazeer e azam,TRUE
2674,insaf ki farahmi ki rah mai hayal police ehalkaron ko kari saza di jaye wazeer e azam,TRUE
2675,wazeer e azam ki moawin e khasusi nadeem afzal chan ka astefa manzur,TRUE
2676,1st february ko taleemi idary kholny ka hatmi faisla 20 jaunary ko hoga,TRUE
2677,orange line ki khatoon samet amly ka mazduron par behimana tashadud 5 ehalkar giraftar,TRUE
2678,whatsapp policy pakistan mai data protection bill messaging app lany ki tayari,TRUE
2679,britain parliament mai budget mai waze hogya keh kashmir bharat ka indruni mamlah nhi hai,TRUE
2680,zindagi taleem sy aham hai shafqat uncle,TRUE
2681,petroleum products mazeed mehangi petrol mai 3.20 rupees tak izafa,TRUE
2682,mulk mai mazeed 2417 afrad corona sy mutasir 45 inteqal kr gaye,TRUE
2683,gas bohran par nepra ki inquiry committee mustarid krty hain sherry rehman,TRUE
2684,judicial and political right ko galt istemal kia to jesa kren gy wesa bharen gy wazeer e dakhla,TRUE
2685,farhan saeed ka sard mosam mai faraiz ada krny wali polio workers ko khiraj e tehseen,TRUE
2686,kuala lumpur airport par pia ka musafir taiyara rok lia gya,TRUE
2687,nadeem afzal chan ko fedral cabnit mai wapis lany ki koshishen nakaam,TRUE
2688,hakumat ka 1 sy 8 class ky students ky liye 1st feburary sy school kholny ka faisla,TRUE
2689,virtual lng pipelines ky liye provisional licenses ka ijra,TRUE
2690,government ny electricity ky nirkhon mai 1.90 izafy ka faisla kr lia,TRUE
2691,mulk geer bijli ky breakdown ki tehqiqat ky liye 3 rukni committee qaim,TRUE
2692,mulk mai petroleum bohran mai oil ky 12 exporters ky mulavis hony ka inkashaf,TRUE
2693,hakumat nizam e adal ko behtr bnany ky liye pur azm wazeer e azam,TRUE
2694,pti ky chief organizer ki chief election comissioner sy mulaqaat,TRUE
2695,kabul taliban ny afghanistan mai siyasi jumaaton par pabandi lga di,TRUE
2696,bharat china ka mutanaziya sarhad pur amn barqarar rakhny ka azm,TRUE
2697,nasli imtiaz sy mutanafar ho kar american foji north korea mai dakhil huwa,TRUE
2698,bangladesh rehnuma jumat e islami sapurdekhaak doraan e hirasat wafat par hazaron afrad ka ehtejaj,TRUE
2699,kabul afghanistan mai taliban hakumat ki iqtedar mai wapsi ky 2 saal mukamal,TRUE
2700,bharat musalsal barishon ky sabab land sliding 59 afrad halaak zinda bachny walon ki talash jari,TRUE
2701,bangladesh rehnuma jumat e islami sapurdekhaak doraan e hirasat wafat muzahireen sarapa ehtejaj,TRUE
2702,bharat ny uae ko pehli baar rupee mai tail ki adaigi kr di,TRUE
2703,america ka pakistan ki economic kamyabi ky liye bharpur tawun ka izhar,TRUE
2704,afghanistan khost ky hotal mai bomb blast 3 afraad halaak,TRUE
2705,bharat himaliya mai musalsal barishon ky sabab land sliding 41 afraad halak,TRUE
2706,hirasani ky ilzamaat miss universe muqably ny indonesia sy taluqaat munqata kr liye,TRUE
2707,china ky zhyan mai shadeed barishen mitti ka toda girny sy 2 afraad halak 16 lapata,TRUE
2708,beijing north china mai tabahkun barishon sy halakton ki tadad 78 ho gai,TRUE
2709,china ny america ky liye jasusi krny waly chinese citizen ko benaqab kr dia,TRUE
2710,irani wazeer e kharja ka taluqat ki bahali ky baad saudi arab ka pehla dora,TRUE
2711,lebiya musalah jharpon mai tezi 55 afrad halak,TRUE
2712,iran shah chirag mizar par firing ky baad 8 ghair mulki mushtabah afrad giraftar,TRUE
2713,sabiq israeli foji general ny west bank mai iqdamaat ko nasal parastana qarar dy dia,TRUE
2714,iran mizar par firing ky ilzam mai mazeed 4 afrad giraftar,TRUE
2715,israel ny palestine ky liye saudi safeer ka taqarar mustarid kr dia,TRUE
2716,riyaz saudi arab ny palestine ky liye apna safeer namzad kr dia,TRUE
2717,quran e pak ki behurmati lebanon mai swedish sifaratkhany par desi sakhta bomb sy hamla,TRUE
2718,israeli foj ny firing kr ky 3 palestinians ko qatal kr dia,TRUE
2719,ukraine ki jeddah muzakraat mai 10 nukati aman formula ki paishkash,TRUE
2720,palestinian shehri ky qatal mai sabiq rukn e assembly ky maawin samet 2 afraad giraftar,TRUE
2721,sham mai daaish ka sarbarah mara gya,TRUE
2722,afghan wazeer e kharja ki qatar mai mukhtalif mumalik ky safeeron sy mulaqat economy aur security par tabadla khayal,TRUE
2723,palestine mai muzalim par pakistan ka israel ko jawabdeh thehrany ka mutaalba,TRUE
2724,niger army general ny khud ko naya mulki sarbarah qarar dy dia,TRUE
2725,russia ka american sifaarti amly ko mulk sy nikalny ka hukam,TRUE
2726,mustaqbil mai wabaon sy nimatny ky liye international meesaaq tarteeb deny par itefaq,TRUE
2727,covid 19 ki sangeen shidat ka samna krny waly mareezon ky bary mai naya inkeshaf,TRUE
2728,saudi arab mai omicrone virus ka pehla case report hony ki tasdeeq,TRUE
2729,dunya ky sasty tareen shehron mai pakistan ka bhi ak shehar shamil,TRUE
2730,america high school mai 15 sala larky ki firing sy 3 tulba halak,TRUE
2731,world bank ki afghanistan ky liye 28 crore dollar munjamid funds ki muntaqli ki himayat,TRUE
2732,covid ki purani iqsaam sy mutasir afrad ko omicron sy tahafuz na milny ka khadsha,TRUE
2733,kya space sy li gai is tasweer mai mount everest ko talash kr skty hain,TRUE
2734,bharat mai omicron ky do cases report hony ki tasdeeq,TRUE
2735,astrazeneca vaccine sy chand afrad mai bloodcloat ky khatry ki waja daryaft,TRUE
2736,america high school mai firing krny waly talib ilm par fard e jurm aaid,TRUE
2737,moahida bachany ky iye muzakraat ky baawajud iran johri paish raft kr raha hai,TRUE
2738,american secretary defense ki hypersonic hathyaron ky liye china ki koshishon par tanqeed,TRUE
2739,afghan iran border par taliban aur irani forces ky darmiyan jharap,TRUE
2740,doha muzakraat taliban ka assets unfreeze aur america ka mustaqbil mai hamly na krny ka mutalba,TRUE
2741,musheer qomi salamti ki russian ham mansab sy mulaqat afghanistan mai amn ky liye himayat ka azm,TRUE
2742,kya omicron corona ki boht zyada mutaadi qism hai,TRUE
2743,omicron bazahir cornoa ki boht zyada mutasdi qism hai who,TRUE
2744,taliban ny afganistan mai khawateen ki jabri shadi par pabandi aaid kr di,TRUE
2745,corona ki nai qism omicron ky bary mai haqeeqi dunya ka pehla data samny agya,TRUE
2746,firing sy 200 palestinians ka qatal israel tahqeqat krny mai nakam,TRUE
2747,america aur russia ukraine ky mamly par sakht tanaziya sy bachny ky liye pur azm,TRUE
2748,america aur iran nuclear agreement ki bahali ky hawaly sy naumeed,TRUE
2749,turk lira ki qarar mai tareekhi kami recep tayyip erdogan ny wazeer e khazana ko ohdy sy hatta dia,TRUE
2750,shehri ka qatal yaqeen hai imran khan mulziman ko insaf ky katehry mai lyn gy sirlankan wazeer e azam,TRUE
2751,uae ka france sy 80 fighter jets ka tareekhi moahida,TRUE
2752,dunya ky 38 mumalik mai omicron mojud hai halakat samny nhi aii who,TRUE
2753,umeed hai keh international level par qabuliyat sy afghanistan ky liye darwazy khul jayen gy,TRUE
2754,bharat afganistan ko imdad bhejny ky liye afghan trucks ka istemal kr skta hai,TRUE
2755,corona ki nai qism omicron ky banany ky amal ky bary mai naya inkeshaf,TRUE
2756,nagaland bharti fojiyon ny aam shehriyon ko dehshatgard samajh kr firing kr di 15 afrad halak,TRUE
2757,covid vaccine ki izafi khurak mudafiyat mai numayan izafa krti hai tehqiqat,TRUE
2758,dunya ki dusri bulandtreen amarat bhi muslim mulk mai tameer,TRUE
2759,america degar mumalik ki sabiq security ohdedaraan ki jald phansi par taliban par tanqeed,TRUE
2760,difaai tajurby ky doran irani nuclear plant ky nazdeek zoordar dhamaka,TRUE
2761,afghanistan ky liye bharat sy gandum ki ijazat taliban ka pakistan ky faisly ka khair maqdam,TRUE
2762,hijar e aswad ko virtual dekhny ky mansuby ka aghaz,TRUE
2763,arab amn iqdam ki sharait par saudi arab israel sy taluqat qaim krny ky liye tayar,TRUE
2764,uae ny america sy f35 jets ki kharidari ky liye muzakraat moatal kr diye,TRUE
2765,mawrae adalat qtal ky 72 waqiyat mai taliban ka haath hai united nations,TRUE
2766,maqbuza kashmir bharti foj ki firing sy huriyat pasand janbahaq,TRUE
2767,afghanistan mai drone hamly mai mulavis ehalkaron ko saza ka samna nhi krna pary ga pentagon,TRUE
2768,afghanistan par oic ky ijlas ki mezbani par pakistan ky mashkur hain america,TRUE
2769,america mai pony do lakh naye corona cases report dehli paris mai saal e nu ki taqreebat par pabandi,TRUE
2770,britain parliament ka occupied kashmir mai insani haquq ki pamali jali muqablon par izhar e tashveesh,TRUE
2771,britain adalat ka hakim dubai ko sabiq ehliya ko 55 crore sy zyada pound ada krny ka hukam,TRUE
2772,saal ka sab sy chota din aur sab sy lambi raat,TRUE
2773,america ka afghanistan ky hawaly sy moaqif mai lachak ka muzahira,TRUE
2774,afghanistan herat mai musafir bus dhamaky sy khawateen samet 7 afraad janbahaq,TRUE
2775,maslae kashmir hangami bunyad par hal kia jaye pakistan ka aqwam e utahida par zor,TRUE
2776,beti bachao ky bajaye beti patao kaha jany par narinder modi par mazaq,TRUE
2777,america russia muzakraat mai ukraine ky mamly par kasheedgi kam krny par itefaq,TRUE
2778,yaman jail par air attack mai 100 sy zaid afrad halak,TRUE
2779,amm nazla zukam covid sy kisi had tak tahafuz faraham kr skta hai tehqeeq,TRUE
2780,afghan inkhela ky doran gum hony wala 2 mah ka bacha 5 mah baad ehalekhana ko mil gya,TRUE
2781,abhi taliban ki afghan hakumat ko bazabta tor par tasleem nhi kia iran,TRUE
2782,pfizer omicron ky khilaf new vaccine ki azmaish january mai shuru krny ky liyr tyar,TRUE
2783,afghanistan nangarhar mai dhamaky sy 9 bachy jan ba haq,TRUE
2784,myanmar foji adalat ny aung san suu chi ko naye cases mai mazeed 4 saal qaid suna di,TRUE
2785,newyork building mai agg lgny sy 9 bachon samet 19 afrad halak,TRUE
2786,jerusalem mai mojud christians ky liye israeli intehapasand kharta bn gaye,TRUE
2787,saudiarab ki galiyon mai ghair mulki khaton ky samba dance ki video viral,TRUE
2788,afghanistan ka mustaqbil pakistan ky sath taliban ky taluqat maghrabi imdad par munhasir hai,TRUE
2789,srilanka ki china sy qarzon ki adaigi restructure krny ki darkhwast,TRUE
2790,france mai khelon mai hijab ky istemal par pabandi ky haq mai votting,TRUE
2791,covid vaccination ky baad muzzar asraat zahir na hona kya btata hai,TRUE
2792,israel ki united arab emirates ko hawasiyon ky hamly ky baad security intelligence tawun ki paishkash,TRUE
2793,bharti army chief aur wazeer e dakhla ki giraftari ky liye britain mai darkhwast dair,TRUE
2794,bharti behriya ky jahaz mai dhamaka 3 ehalkar halak,TRUE
2795,hawasi baghiyon ky hamly ilaqai amn o salamti ky liye shadeed kharta hain wazeer e azam,TRUE
2796,5g technology air operation ky liye nuksandeh hai america airlines ka intebah,TRUE
2797,taliban khawateen ko amumi zindagi sy mehrum kr rahy hain aqwam e mutahida,TRUE
2798,israel ky sath taluqaat behtr bnany ky liye tayar hain recep tayyip erdoğan,TRUE
2799,blogger ky qatal ki sazish mai raqam muntiqali ki tafselaat manzar e amm par aagain,TRUE
2800,qabailli nujawan ky saar chehry par peshab krny ki video par india mai siyasat mulzim ny insaniyat ko daghdar kia,TRUE
2801,jaheez nah hony ki wja sy mujhe darjanon mardon ny thukraya,TRUE
2802,underworld par banany wali film seeta jis ny manoj bajpai ko mumbai ka king bna dia,TRUE
2803,india mai hajum ky hathon halak hony waly zaheer kisi ny kaha kal in ka tehwar hai in ko ajj hi khatam kr do,TRUE
2804,mossad ka iran ky andar khufiya operation mai kiraye ky qatil ky aghwa ka dawa,TRUE
2805,indian army ky khilaf mazahmat ki alamat banany wali manipur ki maayen,TRUE
2806,china ka naya qanon america aur west ky khilaf jarehana kharja policy ki alamt,TRUE
2807,indian actress madhubala jin ky croron chahny walon mai zulfiqar ali bhutto bhi shamil thy,TRUE
2808,in mazduron ky aghwa aur afrad ki kahani jinhen kuwen khodny ky liye ghulam bna kr rakha gya,TRUE
2809,bangladesh dhaka mai pehli metro train service ka aghaz hogya,TRUE
2810,gharelu khawateen ka shohar ki jaidad mai brabar hissy sy mutaliq adalti faisla jisy india mai pazirai mili,TRUE
2811,american janglaat mai lgny wali agg canada pohanch gai 3 fire fighters halak,TRUE
2812,moscow par ukraine ka drone hamla ak airport ko aarzi band kr dia gya,TRUE
2813,columbia ky sadar ka beta money laundring case mai giraftar,TRUE
2814,bangladesh opposition ka ehtejaji muzahira wazeer e azam shiekh haseena sy astefy ka mutalba,TRUE
2815,thiland atishbazi ky godam mai dhamaka 9 afrad halak,TRUE
2816,australia army helicopter pacific ocean mai gir kar tabah amly ky 4 afrad lapata,TRUE
2817,quran e majeed ko behurmati sy bachany wali khaton ki video viral,TRUE
2818,pakistan mai hamlon ky pichy alqaida ki rehnumai ka inkeshaf,TRUE
2819,dubai bharti shehri par qismat meharban 25 saal tak mahana lakhon rupees milen gy,TRUE
2820,niger baghawat european union ny security tawun aur budget imdad moatal kr di,TRUE
2821,singapur mai khaton ko phansi dy di gai,TRUE
2822,niger baghawat general abdurehman chiyani ny khud ko rehnuma qarar dy dia,TRUE
2823,vietnam badunwani ky ilzam mai sabiq hukaam aur sifaratkaron ko jail bhej dia gya,TRUE
2824,dusra samundri tufan bhi china ky sahilon sy takra gya,TRUE
2825,singapur 20 saal baad pehli martaba khaton ko drugs ky ilzam mai phansi,TRUE
2826,antarctica mai pyramids of egypt jesa pahaar tawaja ka markaz bn gya,TRUE
2827,brazil anaj ky godaam mai purisrar dhamakon sy 8 afrad halak,TRUE
2828,garmi ka dor khatam zameen ubalny ky dor mai dakhil Secretary-General of the United Nations,TRUE
2829,aazmeen e hajj ki khidmaat ky liye version 2023 ky tehet route 2 makkah mansuba shuru kia gya saudi safeer,TRUE
2830,myanmar ki aung san suu chi jail sy ghar mai nazarband,TRUE
2831,russia ka musafir bardar helicopter siberia mai gir kr tabah 6 afrad halak,TRUE
2832,wabaai marz corona kurra e arz sy khatam hogya hai german virologist,TRUE
2833,russian wazeer e difa ki north korea mai ballistic missiles ki numaish mai shirkat,TRUE
2834,manipur insani haquq ki sangeen khilaf warziyon par bharti idara braye insani haquq bhi phat para,TRUE
2835,saudiarab sy intehai afsosnak khabar agai,TRUE
2836,brazil mai khaton ko mobile chori krny waly shakhs sy hi pyar hogya,TRUE
2837,saudi air force ka tyara gir kr tabah dono pilots jan ba haq,TRUE
2838,spain 8 sala pakistani bacha swimming poll mai doob kr jan ba haq,TRUE
2839,masjid e aqsa ky bahar israeli abadkaron ki ishteyal angezi,TRUE
2840,mutahida arab amaraat ky sadar shiekh muhammad ky bhai inteqal kr gaye,TRUE
2841,khatry ki ghanti baj gai samundar ka pani bhi garam hony lga,TRUE
2842,global waba ky baad russian aur chinese hukaam ka north korea ka dora,TRUE
2843,russia ki cyber security ky sarbarah ko ghadaari ky ilzam mai 14 saal ki jail,TRUE
2844,global hunger ky index mai bharat pakistan aur nigeria sy pichy ,TRUE
2845,niger mai baghawat foj ny sadar ko mehal ky andar mehsur kr dia,TRUE
2846,yunan kashti saneha european union ny tehqiqat shuru kr di,TRUE
2847,america ka bharati riyasat manipur mai jari tashadud aut nasli fasadaat par afsos ka izhar,TRUE
2848,bharti foj corruption aur ayashiyon ka garh ,TRUE
2849,pakistan any wali bharti khaton anju ky walid ny usy apny liye murda qarar dy dia,TRUE
2850,greece mai jungle ki agg bujhany wala tayara gir kr tabah dono pilot halaak,TRUE
2851,bari tabahi sy bachny ky liye yemen ky oil tanker sy oil transfer shuru aqwam e mutahida,TRUE
2852,samundri tufan ky bais taiwan ki foji mashken mansukh,TRUE
2853,china ny ak mah tak ghaib rehny waly wazeer e kharja ko bartaraf kr dia,TRUE
2854,ghori ki moat par rony wali bachi ko ghoron ka nadir tohfa mil gya,TRUE
2855,umrah ky liye jaty huwe kin 10 chezon ka bag mai hona zarori hai,TRUE
2856,afghanistan mai beauty parlours par taly lg gaye,TRUE
2857,modi ky khilaf tahreeq e adam etemad lany ka faisla,TRUE
2858,israeli abadkaron ki bus par firing,TRUE
2859,pakistan ki iqtesadi bahali ky liye hamari himayat jari rahy gi antony blinken,TRUE
2860,algeria mai garmi ki lehar jungle ki agg sy 25 afrad halak,TRUE
2861,space x ky rocket ny zameeni fiza ki layer mai surakh kr dia,TRUE
2862,guzishta 2 weeks ky doran 10 kashmiri shaheed 100 sy zaid giraftar,TRUE
2863,somalia ky capital mai khudkush dhamaka 20 afrad halak,TRUE
2864,bangladesh dengue phir sy sar uthany lga 170 sy zaid afrad halak,TRUE
2865,yunan mai agg ny tabahi macha di hazaron logon ki naqal maqani,TRUE
2866,china ky middle school mai gym ki chaat girny sy 11 afrad halak,TRUE
2867,indonesia mai kashti dubny sy 15 afrad halak 19 lapata,TRUE
2868,afghanistan mai selab ny tabahi macha di 31 afrad jan ba haq aur 41 lapata,TRUE
2869,pakistan mai intekhabaat sy mutaliq america ka aham bayan samny agya,TRUE
2870,islami tawun tanzeem ka sweden ky khasusi aylchi ki hasiyat moatal krny ka faisla,TRUE
2871,russia shopping mall mai water pipe mai dhamaka 4 afrad halak,TRUE
2872,bharat ka jaali pulwama drama ak baar phir benaqab,TRUE
2873,cameroon ky shehar douala mai imart girny sy 12 afrad halaak,TRUE
2874,israeli mutanaziya adalti islahaat hazaron israeliyon ny parliament ky samny camp lga diye,TRUE
2875,bharat land sliding sy 27 afrad ki lashen baramad mutadid lapata,TRUE
2876,odessa par russian missile attack mai ak shakhs halak girja ghar ko nuqsan,TRUE
2877,ukraine ki front line ky qareeb russian sahafi halak 3 zakhmi,TRUE
2878,ukraine ka russian gaon par cluster bombs sy hamly governor baghdad,TRUE
2879,bharat dehli airport par bhaari tadaad mai ghair mulki currency ki smuggling nakaam,TRUE
2880,ukraine sy ajnas deal russia ny deal mai wapis any ky liye 7 sharait rakh din,TRUE
2881,morocco tarkeen e watan ki tashki dubny sy 6 afrad halak,TRUE
2882,kuraa e arz ky ghair mamuli darja e hararat par scientists tashweesh mai mubtala,TRUE
2883,uruguay ky sahil par hazaron penguin ku halakt sy tashveesh paida hogai,TRUE
2884,sweden mai toheen e quran par bagdad ky green zone mai synkron afrad ki hamly ki koshish,TRUE
2885,america tareekh mai pehli martaba american navy ki kamaan khaton admiral ky hathon mai,TRUE
2886,north korea ny sumundar mai mutadid cruise missiles daagh diye,TRUE
2887,mexico mai sandstorms ny tabahi macha di,TRUE
2888,bharti riyasat maharashtra mai landsliding sy 22 afrad halak,TRUE
2889,greece mai garmi ka 50 sala record tut gya,TRUE
2890,isreali foj ki bariyat sy 2 palestinian nujawan shaheed,TRUE
2891,modi raaj mai apny haquq ky liye nichli zaat ky hindu barhana ehtejaj krny par majbur,TRUE
2892,pak america economic aliance dono mumalik ko yakja kry ga rukan congress mccall,TRUE
2893,khufia dastavezaat case trump ko bara relief mil gya,TRUE
2894,bharat mai cheeton ki amwaat wild life officer ko ohdy sy bartaraf kr dia gya,TRUE
2895,greece mai garmi ki dusri lehar ko cleon naam dy dia gya,TRUE
2896,saudiarab ki quran e kareem ko nazar e atish krny ki shakht alfaz mai mazammat,TRUE
2897,bharat landsliding sy marny walon ki tadaad 16 hogai,TRUE
2898,london mai arab art ki sab sy bari numaish,TRUE
2899,pakistan mai bunyadi jamhuri asulon ki himayat krty hain american foreign ministry,TRUE
2900,saudiarab harmain train intezamiya ki musafiron sy maazrt moawza ka ilan,TRUE
2901,north korea ka america ko johri jawabi karwai ki dhamki,TRUE
2902,eastern congo mai bomb blast 9 afrad halak 16 zakhmi,TRUE
2903,srilanka imf bailout plan ky tehat insedad e badunwani bill manzur,TRUE
2904,bharat hindu intehapasandon ny 2 christian khawateen ko barhana kr ky sarak par ghumaya video viral,TRUE
2905,bharat tez raftar gari rahgiron par charh dori 9 afrad halak,TRUE
2906,bharat mai shadeed barsheen mitti ka toda girny sy 10 afrad halak 100 sy zaid afrad phans gaye,TRUE
2907,harry aur meghan ko mali mushkilaat ka samna,TRUE
2908,cipher sy mutaliq america ka bara bayan agya,TRUE
2909,newzealand fifa womens worldcup ky aghaz sy qabal firing 2 afrad halak,TRUE
2910,european darja e hararat mai almi aust sy dugna izafa huwa hai report,TRUE
2911,iraq mai mushtail muzahireen ny swedish sifaratkhana jala dala,TRUE
2912,canada 9 million dollar maliyat ka cargo aur tractor trailer chori krny waly bharti nikly,TRUE
2913,saudiarab mai khaleej tawun council aur central asian countries ky sarbarahi ijlas ka aghaaz,TRUE
2914,russia ki anaaj ky maal bardaar jahazon par hamly ki nai dhamki arab media,TRUE
2915,italy ky tamam bary shehron mai red heat alert jari,TRUE
2916,algeria bus aur van mai khofnak hadsa 34 musafir halak,TRUE
2917,bharti foj ki taza karwai mai 2 aur kashmiri nujawan shaheed,TRUE
2918,azad khalistan tanzeem ka bharti wazeer e dakhla mai wazeer e kharja ky khilaf canada mai moqadma darj krany ka ilan,TRUE
2919,indonesia mai musafir train aur truck ky darmiyan khatarnak tasadum,TRUE
2920,american city phoenix mai garmi ka 50 sala record tut gya,TRUE
2921,kate middleton ka mohabbat bhara andaz tashveesh ka bais bn gya,TRUE
2922,europe mai shadeed garmi ki lehr jari italy mai emergency nafiz,TRUE
2923,capital hill attack case sabiq american sadar donald trump shamil e tafteesh,TRUE
2924,ghulaf e kaaba tabdeel kr dia gya,TRUE
2925,srilanka ki tareekh mai pehli martaba quran hifz ka muqabla synkron hafaz ki shirkat,TRUE
2926,china taqatwar samundri tufan thallium ky waar jari lakhon afrad beghar,TRUE
2927,china ky wazeer e kharja purisrar ghair mojudgi ky baad dobara manzar e aam par aagaye,TRUE
2928,bharti foj ki maqbuza kashmir mai deshatgardi jari 4 kashmiri nujawan shaheed,TRUE
2929,bagair ijazat north korea ki sarhad abur krny wala american shahks giraftar,TRUE
2930,america ny north korea mai atomic submarine tainaat kr di,TRUE
2931,canada ny junglaat mai lgi agg par qabu pany ky liye almi idaron sy madad mang li,TRUE
2932,umer raseeda bahadur khaton ny jahaz ki hangami landing kr ky musafiron ki jaan bacha li,TRUE
2933,bharat ky news channels ny ai news anchors mutarif krwa din,TRUE
2934,samundri tufan typhoon talim south china ky sahil sy takra gya,TRUE
2935,turk sadar ny saudi wali ehad ko electric car tohfy mai dy di,TRUE
2936,garmi ki shiddat greece ky mukhtalif junglaat mai agg bharak uthi,TRUE
2937,global warming qabo sy bahar europe aur asia ky kai mumalik mai garmi ki shadeed lehar,TRUE
2938,iran sy darpaish khatraat america ka middle east mai izaafi foj bhejny ka ilan,TRUE
2939,bharti railway ki karkardgi ny modi sarkar ki khokhli taraqi ko benaqab kr dia,TRUE
2940,turk sadar ka dora saudiarab shahzada muhammad bin salman sy mulaqat,TRUE
2941,masnui zahanat ky mumkina khatraat salamti council ky arkaan ny bhi saar jor liye,TRUE
2942,elon musk ny twitter ky bartaraf mulazimeen ko mamoo bna dia,TRUE
2943,mobile phone charger ki wja sy air india ki parwaz mai takheer,TRUE
2944,northwest cameroon musalah afrad ki firing sy 10 afrad halak,TRUE
2945,bharti riyasat manipur mai halaat badastur kharab,TRUE
2946,japani wazeer e azam ka dora mutahida arab amaraat amaraati khalabaz ny khaala sy tokyo ki tasveer share kr di,TRUE
2947,britian ny islam pasand dehshatgardi ko mulk ky liye sab sy bara khatra qarar dy dia,TRUE
2948,japan sharah paidaish mai kami company ny raat gaye kaam krny par pabandi aaid kr di,TRUE
2949,cairo mai 5 manzala amarat zameen bos 9 afrad halak,TRUE
2950,chinese economy ki paishgoiyan nakaam berozgar nujawanon mai record izafa,TRUE
2951,rawan saal bhi ghulaf e kaaba yakam muharram ko tabdel kia jaye ga tayariyan mukamal,TRUE
2952,bharat mai alama iqbal ka duaiya kalam parhany par school principal moatal,TRUE
2953,europe garmi ki lapait mai 16 sy zaid shehron ky liye red alert jari,TRUE
2954,america ky kai ilaqon mai badtareen garmi ki paishgoi,TRUE
2955,south korea mai shadeed barshen halakton mai tadad 39 hogai,TRUE
2956,bharti navy bharti awam par bojh bn gai,TRUE
2957,japan samundar mai nahany walon par dolphin ka hamla 4 terak zakhmi,TRUE
2958,alaska zalzaly ky jhatkon sy laraz utha tsunami ki warning wapsi ly li gai,TRUE
2959,south korea underpass mai selabi pani ny 9 afrad ki jaan ky li,TRUE
2960,bharat western uttar pradesh mai current lgny sy 5 hindu yatri halak,TRUE
2961,italy airport amly ki hartal synkron parwazeen mansukh,TRUE
2962,guzishta 3 saal mai kitny log ghareeb huwe tadaad united nations ny bta di,TRUE
2963,south korea selab sy 20 afrad halak hazaron afrad nakal makani par majbur,TRUE
2964,islami saal ki akhri namaz e jumma ki adaigi ky liye lakhon afrad ki harmain sharifain amad,TRUE
2965,bharti wazeer e azam sarkari dory par uae pohanch gaye,TRUE
2966,europe mai garmi ka naya record banany ka imkan,TRUE
2967,bharat mai tomatoes ki qilat ky bais kisan crorepati bn gaye,TRUE
2968,south korea mai land sliding ky natejy mai 20 afrad halak mutadid lapata,TRUE
2969,biden intezamia bharat ki boht si zyaditiyan nazarandaz kr rahi hai american scholar,TRUE
2970,california mai para 54 degree tak pohanchny ka imkan,TRUE
2971,bharat mai record barshen mukhtalif hadsaat mai 100 sy zaid afrad halak,TRUE
2972,europian parliament ny bharat ko nasli fasadaat par aaina dikha dia,TRUE
2973,america university ky talib ilm ny 19 foot lamba barmi azdaha pakar lia,TRUE
2974,pehli martaba greece ky tareekhi moqam ko band kr dia gya,TRUE
2975,london mai bary paimany par parwazeen mansukh hony ka imkaan,TRUE
2976,south america mai shadeed garmi ka 49 sala purana record tut gya,TRUE
2977,indonesia ki parliament ny shadi ky ilawa jinsi taluqaat par pabandi aaid kr di,TRUE
2978,twitter account band krny par kanye west ny elon musk ko khari khair suna di,TRUE
2979,president of france ko mosul hony waly khatt sy kati hui ungli baramad,TRUE
2980,mushkil waqt mai pakistani awam ky shana bashana khary hain american foreign secretary,TRUE
2981,germany mai gharelu tashadud ky waqiyat mai izafa,TRUE
2982,britain jareedy british herald ny naam nehad bharti jamhuriyat ka bhanda phor dia,TRUE
2983,teesri aalmi jung qareeb arahi hai russia ka intebah,TRUE
2984,saudiarab ky mutadid shehron mai musladhar barish taleemi idary band kr diye gaye,TRUE
2985,bharat ehtejaj ky doran police lathi charge sy bjp rehnuma halak,TRUE
2986,ukraine jung foji rehnumaon par tanqeed russian general ko bhari par gai,TRUE
2987,toheen e quran e majeed afghanistan mai sweden ki tamaam sargarmiyan rokny ka hukam,TRUE
2988,hakumat ny achanak aam tateel ka ilan kr dia,TRUE
2989,hathiyon ny santa claus ka roop dhaar kr bachon mai tahaif taqseem kiye,TRUE
2990,tarkeen e watan kashti hadsy mai naye shawahid samny agaye,TRUE
2991,south lebanon ki sarhad par israel aur hizbullah mai jharap,TRUE
2992,aalmi baradri mutawaja ho maqbuza kashmir mai poster chispan,TRUE
2993,america mai shadeed garmi musalmanon ky ghar ky bahar thandy pani aur mashrubaat ky cooler rakh diye,TRUE
2994,umrah ki adaigi ky khawahishmand afrad ky liye khush khabri,TRUE
2995,taiwan ki technology company ny bharat ky sath 19.5 arab dollar ka moahida mansukh kr dia,TRUE
2996,azadi izhaar ky liye twitter behtreen plateform hai afghan taliban ,TRUE
2997,quran e pak ki behurmati ghinaona amal hai jis ka koi jawaz qabool nhi saudiarab,TRUE
2998,mount everest ky qareeb helicopter gir kr tabah 5 ghair mulki saiyah halaak,TRUE
2999,france mai qaidiyon ky liye moseeqi ki workshop ka ineqaad,TRUE
3000,toheen e quran par kuwait ka sweden ko qarara jawab,TRUE
3001,thums up emoji bhejny par company ky malik ko 82000 dollar ka jurmana,TRUE
3002,erdoğan ny sweden ki nato mai shamuliyat ki hamayat ky liye bari shart rakh di,TRUE
3003,iran ky shehar bandar abbas ki oil refinery mai agg lg gai,TRUE
3004,pakistani nazzad britain sahaafi ny bartarfi par cnn par muqadma kr dia,TRUE
3005,nato mai sweden ki shamuliyat par turkiye ka ateraf barqarar,TRUE
3006,switzerland mai mosam e garma ky festival ka aghaz,TRUE
3007,prince harry ko 25 afghaniyon ko halaak krny par sharam ani chahiye sohail shaheen,TRUE
3008,china ky school mai chaku ky waar sy 3 bachon samet 6 afraad halaak,TRUE
3009,ukraine abhi tak nato ki rukniyat ky liye tayar nhi jeo biden,TRUE
3010,france ka qomi din paris mai atishbazi ki farokht tarseel aur istemal par pabandi aaid,TRUE
3011,taliban hakumat ka oil ki paidawar ky liye bara qadam utha lia,TRUE
3012,china ki aar mai bharat ny foj mai naye hathyaron ka izafa kr dia,TRUE
3013,bharti riyasat manipur mai suratehaal kashmir aur punjab sy bhi badtar hai sabiq governor,TRUE
3014,iran mai musalah afrad ka police station par hamla,TRUE
3015,america ka ukraine ko cluster hathyar deny ka ilan,TRUE
3016,spain mai tufani barishon ny tabahi macha di,TRUE
3017,makkah mukarrama mai ak naye museum ka iftetah,TRUE
3018,bharat mai insaniyat ko sharamsaar kr deny wala waqiya 2 dillit nujawanon ki tazleel,TRUE
3019,italy ky old home mai bhayanak atishzadgi 6 afrad halak,TRUE
3020,titan submarine ky hadsy ky baad ocean gate ki sargarmiyan ghair moayina mudat ky liye band,TRUE
3021,toheen e quran iraq ny maloon ki giraftari ky liye interpole sy raabta kr lia,TRUE
3022,greece boat disaster ko roka ja skta tha washington post ki report mai dawa,TRUE
3023,australia mai bharti nazad shehri ny sabiq girlfriend ko zinda dfna dia,TRUE
3024,mexico mai bus khaai mai gir gai 29 afrad halak aur 19 zakhmi,TRUE
3025,3 july insani tareekh ka garam treen din qarar dydia gya,TRUE
3026,class room mai mobile phone ly jany par pabandi aaid kr di gai,TRUE
3027,safaak israeli foj ky hathon 12 palestinian shaheed qabiz foj ny jenin ko khali kr dia,TRUE
3028,saudiarab ny bari pabandi aaid kr di,TRUE
3029,shah abdulaziz gate par islami tarz e tameer sy bharpor 2 hilal ki tanseeb ka kaam mukamal,TRUE
3030,saudiarab mai eid ka chand nazar agya kal eid ul fitar hogi,TRUE
3031,saudiarab mai umrah zaireen ki bus ko hadsa 22 afrad janbahaq,TRUE
3032,kabul mai wizarat e kharja ky daftar ky qareeb khudkush hamla 6 afrad halak,TRUE
3033,brussels mai yom e pakistan milli josh o jazby ky sath manaya gya,TRUE
3034,mufti e azam jamia al zahra ka afghanistan mai khawateen ki taleem par pabandi par tashweesh ka izhaar,TRUE
3035,spain barcelona mai pakistani council mai yom e pakistan ki pur waqar tareeb,TRUE
3036,london british king charles iii ka yom e pakistan par khasusi paigham,TRUE
3037,paris mai yom e pakistan ka bharpur jashan sifarat khany mai parcham kushai,TRUE
3038,modi ko chor kehny par rahul gandhi ko 2 saal ki jail,TRUE
3039,khadim alharmain alsharifain shah salman ka umaat e muslima ky naam khasusi paigham,TRUE
3040,chinese sadar ky alwida hoty hi russia ny banduqen taan lin,TRUE
3041,ganon mai russian sadar par tanqeed krny wala gulukar hadsay mai halak,TRUE
3042,south asian countries mai chand nazar nhi aya 1st ramzan jummah ko hoga,TRUE
3043,tanzania mai naye virus ny khatry ki ghanti baja di 5 afrad halak,TRUE
3044,missile bardaar train par hamla mutadid missile tabah ukraine ka dawa,TRUE
3045,london ko ramzan ki amad par dulhan ki trha saja dia gya,TRUE
3046,mah e ramzan mai masjid e haraam ki chaat par bhi namaz ka ihtemam kia jaye ga,TRUE
3047,saudiarab mai ramzan ka chand nazar nhi aya pehla roza jumeraat ko hoga,TRUE
3048,sikh rehnuma amritpal singh giraftar nhi huwe britain media ka dawa,TRUE
3049,sikh rehnuma ki giraftari ky liye bharti punjab mai internet ajj chothy roz bhi band,TRUE
3050,jung bandi ky liye china ky mansuby par baat ho skti hai sadar putin,TRUE
3051,french journalist olivier duyons ko aghwakaron ny reha kr dia,TRUE
3052,nepal wazeer e azam ny parliament sy aitemad ka vote hasil kr lia,TRUE
3053,london indian high commission par khalistan ka parcham lehra dia gya,TRUE
3054,bharat ghair mulki saiyah ki ismatdari aur qatal par do afraad ko umer qaid,TRUE
3055,modi hakumat ki azadi e sahafat ki sarasar khilafwarzi zameeni haqaiq dikhany sy rok dia,TRUE
3056,kuwait educational institutes sy foreign teachers ki chutti local teachers hier,TRUE
3057,pakistani atomic assets ky hifazati nizaam sy mutamaeen hain sarbarah amarican central command ,TRUE
3058,saudiarab hafilat alrayad ky pehly marhaly mai 340 busess chalany ka alaan,TRUE
3059,amritpal singh ki giraftari par indian punjab mai halaat kasheeda,TRUE
3060,russian sadar ka surprise ukraine ki bandargah mariupol pohanch gaye,TRUE
3061,bangladesh musafir bus khaai mai ja giri 19 afrad halak,TRUE
3062,mujhe tuesday ko giraftar kia ja skta hai sabiq sadar donald trump,TRUE
3063,australia river darling mai lakhon machliyan marny ka tesra waqiya,TRUE
3064,britain universities mai modi sarkaar ky kashmir mai muzalim ki gonj,TRUE
3065,russian president vladimir putin ky warrant giraftari jari,TRUE
3066,bharat fake officer bn kr protocol ky mazy leny wala giraftar,TRUE
3067,canada mai firing sy 2 police ehalkar halak,TRUE
3068,eaia ny lebonon mai lapata hony waly uranium ko baramad kr lia,TRUE
3069,north korea ky intercontinental missile ki range 15000 km thi japan,TRUE
3070,america ka china ky maruf businessman par arbon dollars ky fraud ka ilzam,TRUE
3071,russian army jet ka american drone par hamla,TRUE
3072,bharti foj ka helicopter china ki sarhad ky qareeb gir kr tabah,TRUE
3073,senegal parliament mai khatoon rukn e assembly ko siyasatdaan ny thapar maar dia,TRUE
3074,lebonon sy kai ton natural uranium gaib,TRUE
3075,somalia governor par khudkush hamla 5 afrad halak governor zakhmi,TRUE
3076,america ky mukhalif china russia aur iran ki khaleej oman mai joint navy exercises,TRUE
3077,zalzaly sy mutasirah turkiye par ak aur afat tut pari,TRUE
3078,malawi aur mozambique mai freddie tufan sy halak hony walon ki tadad 220 hogai,TRUE
3079,meta ka hazaron afrad ko berozgar krny ka faisla,TRUE
3080,canada truck rahgiron par charh dora 2 afrad halak 9 zakhmi,TRUE
3081,china ny corona waba ky 3 saal baad apni sarhaden dobara kholna shuru kr din,TRUE
3082,"ned price, us state department spokesman ky ohdy sy dastbardar hogaye",TRUE
3083,maholiyati khatry ky bawajud america alaska mai oil nikaly ga,TRUE
3084,cancer ki nai dawa ky liye 43 billion dollars ka moahida,TRUE
3085,mozambique aur malawi mai tufan freddie ny tabahi macha di 15 afrad halak,TRUE
3086,india bjp rehnuma ki azan ki toheen muslim abadi mai gham o gussa ki shadeed lehar,TRUE
3087,india corona dobara sar uthany lga riysaton ko alert jari,TRUE
3088,israeli foj ki barbariyat ka silsila jari mazeed 3 palestinians shaheed,TRUE
3089,wazeer e azam netanyahu ky khilaf lakhon israeli sarkon par nikal aye,TRUE
3090,saudiarab ki sarkari oil company ka record profit ka ilan,TRUE
3091,tesla company ki electric car ab taxi ky tor par istemal hogi,TRUE
3092,saudiarab corona ky 96 naye cases darj ak shakhs halak,TRUE
3093,saudiarab qomi parcham ky istemal ky hawaly sy intebah jari,TRUE
3094,afghanistan sahafiyon ki taqreeb mai bomb blast 8 afrad halak mutadid zakhmi,TRUE
3095,indonesia atishfishan phatny sy mutadid gaon shadeed mutasir,TRUE
3096,india intehapasand hindon ny ak aur begunah musalman ko qatal kr dia,TRUE
3097,italian coast guard ny aik hazar sy zaid tarqeen e watan ko rescue kr lia,TRUE
3098,intehapasand modi sarkar jamhuri iqdar aur sahafat ka badtareen dushman,TRUE
3099,russia ukraine tanaziya saudiarab ny saalsi ki paishkash kr di,TRUE
3100,indian army ny apny hi gaon par martor gola dy mara,TRUE
3101,salsi ky liye tayar hain lekin faisla pakistan aur india ny krna hai ned price,TRUE
3102,xi jinping tesri mudadt ky liye chian k sadar muntakhib,TRUE
3103,germany church mai firing sy mutadid afrad halak,TRUE
3104,california mai ak aur tufan ki paishgoi mutadid counties mai emergency nafiz,TRUE
3105,senior rehnuma ram chandra poudel nepal ky tesry sadar muntakhib,TRUE
3106,israeli foj ki dehshatgardi jari 4 palestinian nujawan shaheed,TRUE
3107,malaysia corruption ky ilzammat mai sabiq wazeer e azam giraftar,TRUE
3108,afghanistan mai dhamaka suba balakh ky governor janbahaq,TRUE
3109,westren bank mai isreali foj ki karwai 6 palestinians shaheed,TRUE
3110,america doraan e parwaz emergency door kholny ki koshish krny wala giraftar,TRUE
3111,australia shadeed barishon ky baad gandum ki record bumper fasal,TRUE
3112,turkiye zalzala nuksan 100 billion dollars sy bhi zyada hai aqwam e mutahidah,TRUE
3113,bangladesh dhaka ki saat manzila imarat mai dhamaka 14 afrad halak mutadid zakhmi,TRUE
3114,artificial satellites orbit mai bhejny ki salahiyat hasil kr li north korea,TRUE
3115,pak saudiarab digital taluqat mai aham paishraft tech house ka iftetah,TRUE
3116,saudiarab mah e syam mai quran e majeed ky 10 lakh nuskhy taqseem krny ka faisla,TRUE
3117,bakhmut par qabzy ka mtlb russia ki fateh nhi hai pentagon,TRUE
3118,iran hakumat mukhalif ehtejaj krny wali khaton ny rehai ky fori baad khudkushi kr li,TRUE
3119,nigeria primary education english ki bajye mother language mai deny ka faisla,TRUE
3120,bangladesh rohingya panah guzeen camp mai khofnaak agg bharak uthi,TRUE
3121,rawan saal pehli baar chand khana kaba ky aain uper agya,TRUE
3122,peru mai hakumat mukhalif ehtejaj ny shidaat ikhteyar kr li 7 afrad halak ,TRUE
3123,russia ka ukraine ky sadar sy bakhmut sy foj nikalny ka mutalba,TRUE
3124,australia khufia operation mulki tareekh mai manshiyaat ka sab sy bara zakhira baramd,TRUE
3125,philippines negros oriental province ky governor ko goli maar kr halaak kr dia gya,TRUE
3126,greece mai pakistani jaraim paisha garoh giraftar,TRUE
3127,indonesia oil ky godaam mai agg lgny sy 17 afraad jhulas kr halak,TRUE
3128,saudiarab middle east youth summit ka pehla sarbarahi ijlas,TRUE
3129,shakar qandi ky zariye 12 saal purana qatal ka moama hal hogya,TRUE
3130,america ka russia sy ukraine jung rokny ka mutalba,TRUE
3131,israeli foj ki barbariyat jari ak aur palestinian nujawan shaheed,TRUE
3132,maqbuza kashmir mai internet ki bandish par ned price ka rad e amal,TRUE
3133,zalzalon sy khofzada turk khandanon ny tarins mai dera daal lia,TRUE
3134,dunya ki basar khawateen ki fehrist mai pakistan ki ayesha sadiqa ka naam bhi shamil,TRUE
3135,samundar mai duby oil tanker ki talash jari oil risny sy samundri hayat ko khatrah,TRUE
3136,space x ka rocket char khala bazon ko ly kr rawana,TRUE
3137,tarekh ka taweel treen arab space mission launch kr dia gya,TRUE
3138,afghanistan barudi surang dhamaky mai kaladam ttp ky 6 dehshatagrd halak,TRUE
3139,china ny corona sy mutaliq fbi ky dawye ko muzhika kheez qarar dy dia,TRUE
3140,turk sadar ka tabahkun zalzaly ky bawajud intekhabaat muqarara waqt par krany ka ilan,TRUE
3141,america mai tiktok par pabandi ka ikhteyar sadar ko mil gya,TRUE
3142,saudiarab har saal 11 march ko yom e parcham manaye ga,TRUE
3143,bailout package ko sirlankan awam ny mustarid kr dia mulk bhar mai hartal,TRUE
3144,corona virus ki ibteda chinese laboratory sy hui fbi ka dawa,TRUE
3145,960 afrad ny ak sath crease weaving ka world record bna dala,TRUE
3146,india bihar mai zehrili sharab peeny sy 31 afrad halak,TRUE
3147,saudi arab aur khaliji mumalik mai bangladeshi kapron ki maang mai izafa,TRUE
3148,russian president vladimir putin ny sarhadi petroling mazeed sakht krny ka hukam dy dia,TRUE
3149,bharat saal 2022 mai internet blackout ka sab sy bara mujrim qarar,TRUE
3150,maqbuza kashmir mai bharti foj ki jarhiyat ak aur kashmiri nujawan shaheed,TRUE
3151,brazil mai selab aur land sliding sy tabahi kam az kam 65 afraad halak,TRUE
3152,naqis jungi hikmat e amli par donbass ka commander bartaraf,TRUE
3153,greece ny zalzala mutasireen ky liye apni haadbandi kr di,TRUE
3154,space x ky rocket ki space mai rawangi akhri lamhaat mai moakhir,TRUE
3155,turkiye ak baar phir zalzaly sy laraz utha mazeed halakton ka khadsha,TRUE
3156,saudiarab ka ukraine ko insani bunyadon par 40 crore dollars imdad deny ka faisla,TRUE
3157,urdan mai israeli aur palestini hukaam mai muzakraat tashadud ky khatmy par zor,TRUE
3158,italy mai tarkeen e watan ki kashti dub gai 28 pakistaniyo samet 59 afrad janbahaq,TRUE
3159,oman ny israel samet tamam mumalik ky liye apni fizaai hadud khol di,TRUE
3160,masjid alharaam mai aab e zamzam ki bottles ky naye naye design ka iftetah,TRUE
3161,bharat mai musalman larka hindu larki ky sath safar krny par giraftar,TRUE
3162,guantanamo bay jail mai qaid 2 bhai pakistan muntaqil,TRUE
3163,bharti tajir ny qeemati rolls royce gari taxi mai badal dali waja herankun,TRUE
3164,ukraine jung par russia ky khilaf united nations mai mazamati qarardad manzur,TRUE
3165,american president ny ajay banga ko worldbank ka sarbarah naamzad kr dia,TRUE
3166,pak america mazbut tijarati o iqtesadi taluqat waqt ki zarorat hain ned price,TRUE
3167,purisrar ball ny japani awam ko pareshan kr dia,TRUE
3168,philippine mai private plane hadsy ka shikar tamam afrad halak,TRUE
3169,russia ka nuclear weapon ky moahidy ko moatal krna boht bari galti hai jeo biden,TRUE
3170,tajkistan mai 7.2 shidadt ka khofnak zalzala,TRUE
3171,france shagird ny class mai ustani ko chaku mar kr halak kr dia,TRUE
3172,turkiye zalzaly mai tabah imarton ka malba 10 crore ton sy zaid,TRUE
3173,north korea ko khurak ky shadeed bohraan ka samna hai mahireen,TRUE
3174,china coal mine ky baithny sy 2 afraad halak mazeed halakton ka khadsha,TRUE
3175,bharat mai ak aur binte hawa ijtemai ziyadati ka nishana bn gai,TRUE
3176,pakistnai american doctors ny turk zalzala mutasreen ko imdad bhijwa di,TRUE
3177,opec plus lachakdar hai zarorat parny par faisly tabdel kr skta hai saudi wazeer e tawanai,TRUE
3178,chat gpt ny modi ko mutanaziya shakhsiyat qarar dy dia,TRUE
3179,israeli sifaratkar ki ghazab beizati bhary ijlas sy bahar niakl dia video viral,TRUE
3180,saudiarab mai yom e tasees par 4 roza tateel ka ilan,TRUE
3181,ham azaad khalistan ly kr rahen gy hindustan taqseem dar taqseem hoga sarbarah sikh for justice,TRUE
3182,beti ki video viral hony par ehtejaj krny waly baap ko peet peet kr maar dala,TRUE
3183,bharat khity ka amn tabah krny ky dar par,TRUE
3184,karnatak mai musalman nujawan ky qatal ky baad halaat kasheda,TRUE
3185,maqbuza kashmir guzishta 10 barson mai kitni baar internet services moatal ki gain,TRUE
3186,north korea ky drones ki south korea ki fizai hadud ki khilaf warzi ,TRUE
3187,maruf turk chef salt bae ny zalzala zadgan ko bari khushkhabri suna di,TRUE
3188,britain sifaratkhany ka security guard russian jasus nikla,TRUE
3189,china ny corona par faisla kun fateh hasil krny ka ilan kr dia,TRUE
3190,bharat mai twitter ky do dafatir band,TRUE
3191,modi sarkar subcontinent ki tareekh maskh krny par tul gai,TRUE
3192,afghanistan mai khawateen par aala taleem ky darwazy band kr diye gaye,TRUE
3193,chinese balloon ko maar girany par koi afsos nhi american president,TRUE
3194,paisy nikalny ki pabandi par lebonon khaty daron ny banks ko nazar e atish kr dia,TRUE
3195,irani sadar china ky tarekhi dory par pohanch gaye,TRUE
3196,american army helicopter highway par gir kr tabah 2 afraad halak,TRUE
3197,saudi hakumat ka aham iqdam umrah zaireen ky liye muft bus service ka aghaz,TRUE
3198,kashmirion ki jabri bedakhli ky khilaf maqbuza kashmir mai mukamal hartal,TRUE
3199,bharat mai bbc ky daftar par chapa america aur britain ka rad e amal samny agya,TRUE
3200,newzealand mai 6.1 shidadt ka khofnak earthquick,TRUE
3201,musalman dushman modi sarkar ny madrison ky tulba ky liye scholarships khatam kr din,TRUE
3202,mosmiyati tabdeli new year night par atishbazi mansukh kr di gai,TRUE
3203,south africa cash van aur bus mai tasadum 20 afrad halak,TRUE
3204,muslim kush fasadaat bharat mai bbc zeyr e atab,TRUE
3205,saudiarab 8 sala bachi gandy talab mai dub kr janbahaq,TRUE
3206,modi sarkar babri masjid case ka faisla sunany waly judges par mehrban,TRUE
3207,bharat mai church nazar e atish diwar par ram likh dia,TRUE
3208,bharat mai musalman ky ghar zabardasti hanuman ki murti nasab krny par kasheedgi barh gai,TRUE
3209,newyork city mai truck ny paidal chalny waly afraad ko rond dala 6 afraad zakhmi,TRUE
3210,disney ny 7000 mulazmaton ko khatam krny ka faisla kr lia,TRUE
3211,white house ny nord stream blasts sy mutaliq american journalist ka ilzam mustarid kr dia,TRUE
3212,bharat mai dhokha dahi sy sarkari nokriyan hasil krny ka inkeshaf,TRUE
3213,kasheedgi ky bawajud china aur america ki tradde record buland satah par,TRUE
3214,adani ka modi sy kya rishta hai rahul gandhi ny sawalaat utha diye,TRUE
3215,mahireen ny middle east mai mazeed zalzalon ki paishgoi kr di,TRUE
3216,indonesia newzealand ky pilot ko alehdgi pasandon ny yarghamal bna lia,TRUE
3217,dushmanon ky samny buzdili dikhany par 7 fojiyon ko saza e mot,TRUE
3218,turkiye mai construction companies ky malikaan ky khilaf ghera tang,TRUE
3219,cyprus ky sahil par 7 whales purisrar tor par murda pai gain,TRUE
3220,maruf russian singer zamfira foreign agent qarar,TRUE
3221,south africa famous singer apny dost samet qatal,TRUE
3222,sirlankan guerrilla tanzeem ky sarbarah parbhakaran zinda hain bharti media ka dawa,TRUE
3223,america ny balloon sy munsalik 6 chinese idaron ko blacklist kr dia,TRUE
3224,newzealand samundri tufan ky baais hazaron afrad bijli sy mehrum,TRUE
3225,intehapasand hinduon ko mu ki khani pari highcourt ka britain nashriyati idary ky haq mai faisla,TRUE
3226,america ny sham par lgai jany wali pabandiyon mai narmi kr di,TRUE
3227,america ny iran par nai pabandiyan aaid kr din,TRUE
3228,aalmi idara e khuraak ki shaam aur turkiye mai zalzala mutasireen ky liye imdad ki appeal,TRUE
3229,american airforce ny alaska ky uper parwaz krny wali mashkuk chez maar girai,TRUE
3230,portugal catholic church mai hazaron minors ky saath jinsi ziyadati ka inkeshaf,TRUE
3231,malby mai paida hony wali bachi ko bachany waly ny goad ly lia,TRUE
3232,bharti hakumat ki shehriyon sy valentine day par cow ko galy lgany ki darkhwast,TRUE
3233,america ny apny shehriyon ko fori russia chorny ki hidayat kr di,TRUE
3234,britain ky badsha aur queen ki london mai bangladeshi community sy mulaqat,TRUE
3235,saudiarab pehli khaton astronaut space mai bhejy ga,TRUE
3236,chilli ky junglaat mai lgi agg sy jungli hayat ko shadeed khatra,TRUE
3237,barcelona mayor palestinians ki himayat mai samny aagain,TRUE
3238,united nations imdadi samaan ka pehla qafla western syria pohanch gya,TRUE
3239,indonesia mai zalzala café munhadim hony sy 4 afraad halak,TRUE
3240,haiti musalah giroh ny 12 afrad ko halak kr dia mutadid makanat nazar e atish,TRUE
3241,iran ky janubi ilaqy mai 5.6 shiddat ka zalzalah khabar agency,TRUE
3242,germany ny hunarmand afrad ky liye immigration qawaneen mai narmi kr di,TRUE
3243,america dunya ki jadeed tareen stealth planes ki naqab kushai do din baad hogi,TRUE
3244,afghanistan mai madrisy mai dhamakah 16 talib ilm janbahaq,TRUE
3245,france northern coast sy seynkron tarkeen e watan ko bacha lia gya,TRUE
3246,bharat mai muslman talib ilm ko dehshatgard kehny waly professor ko kaam sy rok dia gya,TRUE
3247,britain mai christians ki aabadi nisf sy bhi kam musalman aur hinduon ki tadad mai izafa,TRUE
3248,saudiarab international tourism global summit ka shandaar aghaz,TRUE
3249,china mai crackdown sy tang jack ma ny tokyo mai sakunaat ikhtiyar kr li,TRUE
3250,china ky teen astronauts tiangong space station ky liye rawana,TRUE
3251,madinah munawarah masjid e nabwi samet girdonawah mai musladhar barish mosam khushgawar,TRUE
3252,china corona mukhalif muzahiron ky baad moamar afraad ki vaccination mai tezi,TRUE
3253,irsaeli forces ki firing sy 2 bhaiyon samet 3 palestinians shaheed,TRUE
3254,spain american embassy ko parcel bomb sy nishana bnany ki koshish,TRUE
3255,uae sy europe mai cocaine ky bary tajir giraftar,TRUE
3256,afghanistan ki janib sy jari map par bharat bokhlahat ka shikar,TRUE
3257,russia america nuclear disarmament muzakraat multavi,TRUE
3258,hawai mai dunya ka sab sy bara faa'al atishfishan phat para,TRUE
3259,sarkari ehalkaron ki toheen istanbul ky mayor ko dhai saal ki saza,TRUE
3260,tawang sector mai bharat china foji jharap 6 bharti foji zakhmi,TRUE
3261,china covid tracking mobile application ghair faa'al krny ka faisla,TRUE
3262,bjp rehnuma ny vote na deny waly musalmanon ko dhamki dy si,TRUE
3263,european union parliament badunwani ky ilzaam mai 4 afraad par fard e jurm aaid,TRUE
3264,putin ny zelensky ko nah marny ka wada kia tha ex israeli prime minister,TRUE
3265,umrah krny ky khawahishmand afraad ky liye bari khushkhabri,TRUE
3266,saudi qiyadaat ka sadar arif aalvi ky naam taziyati khatt,TRUE
3267,turkish government mushkil ghari mai apny shehriyon ky sath khari hai naaib sadar,TRUE
3268,security khadshaat ky baais kabul mai saudiarab ka sifaratkhana band,TRUE
3269,north korea ky sadar ny foj ko apni taqat dikhany ka hukam dy dia,TRUE
3270,iran ny khufiya zyr e zameen airbase ki video jari kr di,TRUE
3271,netanyahu ki adalati islahaat ky khilaf israeli awam sarkon par aagai,TRUE
3272,chilli khofnak agg ny jungle ko rakh bna dia darjanon halak synkron zakhmi,TRUE
3273,talibaat ny larki ko hirasaan krny waly headmaster ki jam kr pitai kr di,TRUE
3274,sardi ka khatarnaak arctic blast america aur canada mai intebah jari,TRUE
3275,ham jins paraston ky khilaf bayan japani wazeer e azam ny moawin ko bartaraf kr dia,TRUE
3276,dubai flat ki farokht ny tareekh ka mehngatreen record bna dia,TRUE
3277,srilanka yom e azadi ky din musalaah afwaj ki prade par shehriyon ka ehtejaj,TRUE
3278,muneer akram ny pashtoon culture ky hawaly sy mutanziya kalimaat par mafi mang li,TRUE
3279,bharat mai kam umer larkiyon ko shadi ki rok tham ky liye mohim jari,TRUE
3280,siyahfaam par jaan lewa tashdud mai 6 american police officers bartaraf,TRUE
3281,iraq mai 22 sala youtuber ghairat ky naam par qatal,TRUE
3282,canadian larki ki qismat jaag uthi pehli koshish mai 48 million dollar ki lottery jeet li,TRUE
3283,hongkong jany waly saiyahon ky liye khushkhabri,TRUE
3284,amber heard ka johnny depp ky saath hitak e izzat case mai sulah ka ilan,TRUE
3285,saudiarab mai ramah un nasar army exercises ka aghaz,TRUE
3286,spain ka mask pehanany ki pabandi khatam krny ka ilan,TRUE
3287,china 2027 tak taiwan par hamla kr dy ga american cia,TRUE
3288,berlin mai dunya ka sab sy bara aquarium phaat gya synkron nayab machliyan halak,TRUE
3289,japan mai corona sy honi wali amwaat mai batajreej izafa,TRUE
3290,kashmirion par ilzaam thopny ky liye bharti foj ny 2 panditon ko qatal kr dia,TRUE
3291,bharat bihar mai zehreeli sharaab peeny sy 31 afraad halak,TRUE
3292,saudiarab mai islami tareekh ki 15th century ki numaindgi krta pehla museum qaim,TRUE
3293,balqees bano ijtemai ziadati case bharti supreme court ka mujrimon ky haq mai faisla,TRUE
3294,european union ki sarbarah jung zada ukraine pohanch gain,TRUE
3295,bharat mai south korea ki khatoon ko live streaming ky doran harassment ka samna,TRUE
3296,chinese scientists ny cloning ky zariye 18 ton dudh deny wali super cow bna li,TRUE
3297,donald trump ky khaandani karobar par tax fraud sabit,TRUE
3298,britain lakhon mehnatkashon ki hartal hazaron school aur transport band,TRUE
3299,iraq mai turkiye foji addy par rocket sy hamla,TRUE
3300,congo pope ky istaqbaal ky liye 10 lakh log airport pohanch gaye,TRUE
3301,bharat mai christians par tashadud ky waqiyat mai izafa,TRUE
3302,saudi cabinet ki europe mai quran e pak ki behurmati ki mazammat,TRUE
3303,russia nuclear agreement ki passdari nhi kr raha hai america,TRUE
3304,saudiarab ny saiyahat ky frogh ky liye muft visa mutarif krwa dia,TRUE
3305,namibia mai rhinos ky illegal hunt mai khatarnak haad tak izafa,TRUE
3306,australia gumshuda radioactive capsule ki taalash mai nuclear atomic agency bhi shamil,TRUE
3307,bharti companies ny 8 months mai record kharbon rupees jama kr liye,TRUE
3308,ukraine ki fizaai madad ki pukaar america ka inkaar,TRUE
3309,bharti kissan ka jamni aur naranji rang ki gobhi kaasht krny ka kaarnama,TRUE
3310,south africa birthday celebrate krny walon par goliyon ki barish 8 afraad halak,TRUE
3311,corona ki mojuda lehar khatam hony wali hai chinese mehakma e sehat,TRUE
3312,lapaata saudi saiyah ki laash america ki jheel sy baramad,TRUE
3313,corona ka khatrah abhi taala nhi hai who,TRUE
3314,russian president putin ny phone call par missile hamly ki dhamki di thi boris johnson,TRUE
3315,japan barfani toda girny sy 2 afraad halak,TRUE
3316,peshawar dhamaka america aur turkiye samet kai mumalik ki mazammt,TRUE
3317,saudiarab ny palestine israel khasheedgi par khabardar kr dia,TRUE
3318,france ukraine ko fizaai diffa ky liye radar faraham kry ga,TRUE
3319,myanmar ky army dictator ny emergency mai 6 maah ki tosee kr di,TRUE
3320,asia ky ameer tareen shakhs par dhokha dahi ka ilzaam ak din mai 20 billion dollars sy hath dho baithy,TRUE
3321,bharti wazeer qatilana hamly mai halaak police officer ny goliyan maar di,TRUE
3322,afghanistan mai khawateen ky haquq ky liye sargaram ustaad giraftar,TRUE
3323,russia ny mulk ki saab sy bari azaad news website par pabandi lga di,TRUE
3324,indian army jets urrna bhool gyae 2 jets apas mai takra ky tabah,TRUE
3325,ukraine ka hospital par hamla 14 afraad halaak russian defense ministry,TRUE
3326,america siyahfaam shehri police tashadud sy halaak shehriyon ka shadeed ehtejaj,TRUE
3327,saudi foreign minister shehzada faisal bin farhan ka abudhabi mai munaqid forum sy izhar e khayal,TRUE
3328,newzealand ky capital auckland mai tufani barishon ky baad emergency nafiz,TRUE
3329,adani group aur modi sarkar mai corruption gathjor ky hoshruba inkeshafaat,TRUE
3330,saudiarab pehli martaba unesco ki world heritage site ka sadar muntakhib,TRUE
3331,canada mai islamophobia rokny ky liye pehli baar numainda e khasusi muqarar,TRUE
3332,sarhadi tanaziya bharat eastern laddakh mai 26 petroling points sy mehroom,TRUE
3333,gujjrat fasadaat modi par banany wali documentary film ki numaaish,TRUE
3334,somalia mai american forces ka operation senior daaish commandar 10 sathiyon samet halak,TRUE
3335,japan ki 5 sala koshish kamyaab tareekh raqam hogai,TRUE
3336,japan maal bardaar behri jahaaz dubny sy 8 afraad halak,TRUE
3337,barcelona mai pakistani dukandar par bharti nujawanon ka hamla,TRUE
3338,saudi hukaam ny croron maliyat ki ghair qanuni adwiyat ki smuggling ko koshish nakaam bna di,TRUE
3339,american airforce ka chinese mulazim china ka jasus nikla,TRUE
3340,bharat hindu januniyon ky hathon sar e aam ak musalmaan nujawan ka qatal video viral,TRUE
3341,pakistan ko 200 million dollars ki imdad par check and balance rakhen gy ned price,TRUE
3342,donald trump ky twitter ky baad degar social media accounts bhi bahaal krny ka faisla,TRUE
3343,twitter ky malik elon musk phir bari muskhkil mai phans gaye,TRUE
3344,bharat ky republic day par maqbuza kashmir mai black day,TRUE
3345,ukraine ki bandargah par turkiye ky cargo jahaaz par missile hamla,TRUE
3346,makkah mukarrama ky dakhli raaston par jald naya security system nasab hogya,TRUE
3347,bharat aur pakistan 2019 mai atomic war ky qareeb pohanch gaye thy mike pompeo,TRUE
3348,ukraine ny soledar sy apny fojiyon ky inkhela ki tasdeeq kr di,TRUE
3349,philippines mai 2 jets gir kr tabah airforce ky 2 pilots halak,TRUE
3350,china ko geedar bhabkiyan deny wali bharti foj ki buzdili benaqab,TRUE
3351,purisrar bimari north korea ka capital 5 din ky liye mukamaal band,TRUE
3352,quran e pak ki behurmati qabil e mazammat makruh aur nafrat angez hai ned price,TRUE
3353,nasa ny saal 2022 ko panchwan garamtreen saal qarar dy dia,TRUE
3354,saudiarab iraqi jurwan bachon ko alehda krny ka operation kamyab,TRUE
3355,afghanistan khoon jama deny wali sardi sy halakton ki tadad 124 hogai,TRUE
3356,bharat 4 manzila rehaishi imarat zameen bos halakton ka khadsha,TRUE
3357,thai police ny chand roz mai ak yon sy zaid crystal meth pakar li,TRUE
3358,rahul gandhi ka occupied kashmir ki riyasti haisiyat bahal krny ka ilan,TRUE
3359,ak din mai masjid al haraam mai 87000 aab e zam zam ki bottels taqseem,TRUE
3360,north korea ny intehai sard mosam ka alert jari kr dia,TRUE
3361,ex britain foreign secratory ny modi ko gujjrat qatal e aam ka zimedar qarar dy dia,TRUE
3362,dunya naye khatry ky liye tayar rahy bill gates ki paishgoi ny sab ko pareshan kr dia,TRUE
3363,shahi khandaan ka mulazim bn kr hotel sy fraud krny wala jaalsaaz giraftar,TRUE
3364,america mai 3 din mai firing ka dusra waqia 7 afraad halak,TRUE
3365,america south asia mai amn o istehkaam ki khawahish rakhta hai ned price,TRUE
3366,china northern city mohe mai sardtreen darja hararat ny tamam record tor diye,TRUE
3367,awam shadeed barafbari aur sakht mosam ky liye tayar rahy japan meteorological department,TRUE
3368,girta huwa birth rate sangeen masla hai japanese prime minister,TRUE
3369,united nations ki zeyli committee ki sweden mai quran e pak ki behurmati par mazammt,TRUE
3370,uae mai maaldar aur digital bhikariyon ky gird shikanja sakht,TRUE
3371,bharti intehapasand hinduon ky hathon mazeed 2 korean larkiyan harassment ka shikar,TRUE
3372,america mai new lunar year ki celebrations ko doran firing 10 afraad halak,TRUE
3373,chinese billionaire ny apni 93 percent dolaat kho di,TRUE
3374,sweden mai quran e pak ki behurmati par muslim ummah sarapa ehtejaj,TRUE
3375,sweden ki nato mai shamuliyat ka mamla khataai mai par gya,TRUE
3376,saaneha tareekhi babri masjid ko 30 baras beet gaye mulzimaan ab tak azad,TRUE
3377,moscow ky shopping center mai bary paimany par atishzadgi ak shakhs halak,TRUE
3378,mogadishu mai mayor office ky qareeb blast mutadid afraad zakhmi,TRUE
3379,america ak baar phir khoon mai naha gya restaurant mai firing sy 10 afrad halak,TRUE
3380,america pohanchny ki koshish krny wala afghan foji border par giraftar,TRUE
3381,bharat mai naak ky zariye corona vaccine lgany wali dawa tayar,TRUE
3382,westren bank mai yahudiyon ki bastiyon ki mukhalfat kren gy american foreign minister,TRUE
3383,serach engine google ny hazaron mulazimeen ko mulazmaat sy farigh kr dia,TRUE
3384,peru doran e ehtejaj maruf tareekhi imarat sholon ki nazar,TRUE
3385,jacinda ardern ki jgha chris bupkins newzealand ky wazeer e azam namzad,TRUE
3386,tibat highway par barfani todah girny sy 9 musafir halak,TRUE
3387,jacinda ardern ny newzealand ky wazeer e azam ka ohda chorny ka faisla kr lia,TRUE
3388,saudiarab ab ghair mashrut ghair mulki grants nahi dy ga saudi wazeer e khazana,TRUE
3389,bharat mai musalmanon par zulm o sitam mai sangeen izafa huwa hai human rights watch,TRUE
3390,baharti hitler modi ki asal haqeeqat bharti intehapasand social media users ko hazam nah hui,TRUE
3391,golden globe award ki taqreeb mai shirkat bhari par gai mutadid fankaar corona ka shikar,TRUE
3392,ukraine ky interior minister helicopter hadsy mai halak,TRUE
3393,video jelly wed tommy kutton ki mehngi treen shadi ki dhoom,TRUE
3394,shehri ko cigarette ka tukra sarak par phankna mehnga par gya,TRUE
3395,maqbuza kashmir mai azadi ky matwalon ki jaidaden seal aur masmaar krny ki mohim taiz,TRUE
3396,china ki abadi mai 6 dahaiyon ky baad pehli baar kami,TRUE
3397,maqbuza kashmir bharti fojiyon ky hathon jali muqably mai 2 kashmiri nujawan shaheed,TRUE
3398,indian state bihar mai pakistan zindabad ky nary lg gaye,TRUE
3399,sard treen shehar ka darja hararat manfi 50 centigrade tak gir gya,TRUE
3400,nepal mai hadsy ka shikar hony waly jets ka black box mil gya,TRUE
3401,california ghar mai firing new born baby aur maa samet 6 afrad halak,TRUE
3402,bharat billionaires ki dolat mai 121 percent izafa bhookon ki tadad 350 million,TRUE
3403,senegal musafir bus aur truck mai tasadum 19 afrad halak,TRUE
3404,german defense minister kai maah tanqeed ky baad mustafi,TRUE
3405,italy intehai matlub mafia don ko sicily mai giraftar kr lia gya,TRUE
3406,afghanistan mai sardi ki taza lehr 20 afrad halak,TRUE
3407,bharat mai muslim dushmani ki inteha ak aur tareekhi masjid shaheed kr di gai,TRUE
3408,nepal guzishta roz hadsy ky shikar jet ki video viral,TRUE
3409,tayyip erdogan ny mulk mai qabal az waqt elections ka indiya dy dia,TRUE
3410,facebook aur microsoft ki imaraten rent par deny ka faisla,TRUE
3411,nepal airport ky qareeb passenger plane gir kr tabah 66 afrad halak,TRUE
3412,bin bulaye mehman sy baratiyon ny bartan dhulwa liye ,TRUE
3413,saudi khatoon lawyer ky united nations ky secretary general ky daftar mai siyasi amur ki incharge muqarar,TRUE
3414,iran former deputy defense minister ko jasusi krny par phansi dy di gai,TRUE
3415,britain mai railway mulazimeen ki tankhwahon mai izafy ky liye hartaal,TRUE
3416,american president joe biden bhi ghost teacher nikly 3 saal salary li magar parhaya nhi,TRUE
3417,japan mai corona beqabu ak hi din mai 489 amwaat,TRUE
3418,elon musk ny sab sy zyada dolat sy mehrumi ka aalmi record qaim kr dia,TRUE
3419,joe biden ky deputy president ky zamany ki mazeed khufia dastawezaat baramd,TRUE
3420,china hajum mai gari ghusny sy 5 afrad halak mutadid zakhmi,TRUE
3421,american president jeo biden par college students ko parhaye bagir 10 lakh dollar salary leny ka ilzam,TRUE
3422,saudiarab mai female security personnels ki passing out taqreeb,TRUE
3423,kabul mai afghan wazarat e kharjah ky bahar khudkush dhamaka 20 afraad halak,TRUE
3424,technical kharabi ky bais america bhar mai parwazen mutasir,TRUE
3425,france mai railway station par chaqu bardaar shakhs ka hamla 6 afrad zakhmi,TRUE
3426,california mai barishon sy selabi surat e hal 17 afrad halak,TRUE
3427,khadim alharmain alshareefain shah salman bin abdulaziz ka seelab zadgaan ki bahaali ka azm,TRUE
3428,saudi vizarat e hajj o umrah ka hajjiyon ky liye workshop aur seminar ka ineqad,TRUE
3429,indian hackers ka pakistaniyon ki sensitive information churany ky lie cyber hamla,TRUE
3430,survey mai shahzada muhammad bin salman arab dunya ky ba-asar treen leader qarar,TRUE
3431,mahsa amini ki halakat par muzahira krny waly 400 afrad ko 10 saal tak ki qaid,TRUE
3432,hajj ki khawahishmand pakistaniyon ky liye saudiarab sy achi khabar,TRUE
3433,saudi wali ehad ki pakistan mai sarmayakari 10 arab dollar tak barhany ki hidayat,TRUE
3434,australia mai khalistan refrendum sy qabal indra gandhi ky qatilon ky tareefi poster lgany par kasheedgi,TRUE
3435,saudiarab ka pakistan mai 1 arab dollars ki sarmayakari ka ilan,TRUE
3436,china hainan suby mai 88 million sy zaid afrad corona ka shikar,TRUE
3437,nigeria railway station sy darjanon afrad aghwa,TRUE
3438,pakistan qudrati aafaat ky sath corrupt global economic system ka shikaar hai guterres,TRUE
3439,prince harry ki kitab ny shahi mehal ki diwaron ko hilla dala aham inkeshafaat,TRUE
3440,pakistan ka russia sy oil khareedny ka faisla american reaction samny aagya,TRUE
3441,senegal 2 busses ky darmiyan khofnak tasadam 40 afrad halak mutadid zakhmi,TRUE
3442,donetsk hamly ka badla ly lia 600 ukrainian foji halak russian dawa,TRUE
3443,thailand ka behri jungi jahaz tufan mai dub gya 31 afrad lapata,TRUE
3444,kenya bus hadsy mai 20 sy zaid afrad halaak,TRUE
3445,america 20 saal sy qaid mashur jasus reha,TRUE
3446,kanwary nujawanon ka sar par sehra saja kr band bajon ky sath anokha ehtejaj,TRUE
3447,dunya ky sab sy bary jungle ki katai mai ghair mamuli izafa,TRUE
3448,badnaam e zamana smuggler ki giraftari par sathiyon ny 29 afrad ki jaan ly li,TRUE
3449,tunisia migrants ki boat dubny sy 5 afrad halak,TRUE
3450,saudiarab pakistan mai technology house qaim kry ga,TRUE
3451,kevin mccarthy american house of representatives speaker muntakhib,TRUE
3452,america 6 sala talib ilm ny teacher ko goli maar di,TRUE
3453,america ka israel sy masjid alaqsa ky qawaneen ky ehteram ka mutalba,TRUE
3454,hajj 2023 ky liye darkhwasteen ajj sy wasul ki jayen gi,TRUE
3455,america ki pakistan ko dehshatgardi ky khilaf jung mai madad ki paishkash,TRUE
3456,united nations israeli wazeer ky khilaf thos karwai kry arab mumalik,TRUE
3457,america mai ak baar phir khon ki holi 8 afrad halak,TRUE
3458,amazon ny hazaron mulazmeen ko farigh krny ka mansuba bna lia,TRUE
3459,china famous singer ki moat corona khof ky saye mazeed gehry,TRUE
3460,afghan hakumat ka pakistani sifaratkhany par hamla krny waly 8 dehshatgard halak krny ka dawa,TRUE
3461,masjid alharaam ka tamerati kaam barish ky bais aarzi tor par band,TRUE
3462,sweden paltu billiyon ki registeration lazmi qarar,TRUE
3463,bharti hakumat ka kashmiriyon par zulm o sitam ky pahar torny ky liye naya iqdaam,TRUE
3464,chinese musafiron par pabandi lgany waly mumalik mai qatar bhi shamil,TRUE
3465,ttp ky khilaf karwai america ny pakistan ki himayat kr di,TRUE
3466,moashi bohraan ky saye mai srilanka mai baldiyati intekhabaat,TRUE
3467,sweden mai saal 2023 ky aaghaz ky sath hi chnd qawaneen nafizulamal,TRUE
3468,uae aur china ny israeli wazeer ky dorra alaqsa par united nations ka ijlas bulany ka mutalba kr dia,TRUE
3469,januni nujawan ny hamla kr ky bazurg ka adha chehra chaba dala,TRUE
3470,saudiarab ky ilaqy tabuk aur neum mai musalsal barafbari ka silsila jari,TRUE
3471,china ny apny musafiron par safri pabandiyon ko naqabil e qabool qarar dy dia,TRUE
3472,saudiarab ny israeli wazeer ki masjid e aqsa amad ko ishteyal angezi qarar dy dia,TRUE
3473,tesla ka 2022 mai record cars beechny ka dawa,TRUE
3474,maqbuza kashmir ky ilaqy rajori mai bomb blast 2 bachy halak 5 zakhmi,TRUE
3475,karachi ky business man ny britain government ky khilaf bara case jeet lia,TRUE
3476,china arab summit palestinian sadar mehmood abbas saudiarab pohanch gaye,TRUE
3477,ukraine ka missile hamly mai senkron russian foji marny ka dawa,TRUE
3478,america mai barfani toofan sy jungli hayat ki zindagi bhi khatry mai par gai,TRUE
3479,mexico jail par musalah afrad ka hamla 14 afraad halak,TRUE
3480,australia 2 helicopters fiza mai takra gaye 4 afraad halak,TRUE
3481,vision 2023 ab saudi khawateen harmaain express chalayen gi,TRUE
3482,global market mai crude oil ki qeematon mai record izafa,TRUE
3483,naye saal ky pehly din european union ny croatia ko bhi goad ly lia,TRUE
3484,vatican city 95 sala ex pope benedict inteqal kr gaye,TRUE
3485,newzealand aur france mai naye saal ka aghaz,TRUE
3486,saudiarab sy any waly musafiron par abe zam zam lany par mukamal pabandi aaid,TRUE
3487,saudiarab makkah samet mutadid shehron mai musladhar barish parwazeen mansukh,TRUE
3488,ex american president donald trump tax nadahinda nikly,TRUE
3489,ukraine russian hamlon ky baad khairsan sy shehriyon ka inkhela shuru,TRUE
3490,sweden mai mohajireen ki mulk badri ka silsila shuru overseas pakistani bhi shamil,TRUE
3491,aung san suu chi ko corruption ky ilzam mai mazeed 7 saal qaid ki saza,TRUE
3492,bharti wazeer e azam narindar modi ki walida inteqal kr gain,TRUE
3493,sarhadi jharaap ky baad china ny bharat ko khabardar kr dia,TRUE
3494,netanyahu tesri martaba israel ky wazeer e azam muntakhib,TRUE
3495,america niagara falls ny bhi baraf ki chadar orh li,TRUE
3496,shadeed dhund ky bais 200 sy zaaid gariyan takra gain,TRUE
3497,saudiarab ka 30 mumalik ky nomuslimon ky liye umrah program ka ehtemam,TRUE
3498,bharat ky tayar krda khansi ka sharbat peny sy uzbekistan mai 18 bachy janbahaq,TRUE
3499,russia ka ukraine ky shehron par cruise missiles sy hamla,TRUE
3500,harmaain sharefaain mai chinese language mai islamic lessons ka aghaz,TRUE
3501,pakistan aur baharat ka new delhi o islamabad mai apny nazim ul umoor tabdeel krny ka faisla ,TRUE
3502,battagram chairlift mai phasy bachon ko hifazati jackets pehnany ki video samny aa gyi,TRUE
3503,sarfaraz nawaz ki nigraan vazeer e azam sy cricket board ky maamlaat mai madakhlat ki darkhawast ,TRUE
3504,supreme court wakeel qatal case mai imran khan ko giraftar na krny ka hukam barqarar,TRUE
3505,afghanistan ky khilaf dusra one day match miki aurthor ny team ko join kr lia,TRUE
3506,wagner group ky sarbarah ki mot ky peechy putin ka hath ho skta hai joe biden ,TRUE
3507,chaand pr pehly batting krni chahiye ya bowling sabiq baharati cricketer ka dilchasp tabsara,TRUE
3508,riyaz umrey sy wapis jany waly khandaan ko traffic hadsa 4 bachy or baap jaan bahaq ,TRUE
3509,harsha bhoogly ny world cup sy qabal tamam teamo ko pakistan ky kin 3 bowlers sy khabardar kia,TRUE
3510,priyanka or amisha pr tazheek ameez tabsary sarifeen ny nadir ali pr pabandi ka mutalba kr dia ,TRUE
3511,saneha jaranwala police ny markazi mulziman ky muhaly daar ko giraftaar kr lia,TRUE
3512,sham hui to hum sy kaha gya jo ho sky aap kr len battagram waqye ky hero sahab khan ki guftugoo,TRUE
3513,shehbaz shareef ne shaheen haris aur naseem ko dunya ka behtreen bowling attack qarar dedia,TRUE
3514,sindh hakumat se grant lene wale sehat ke idaron kko audit krane ka hukam,TRUE
3515,australia ki big bash league ke liye naamzadgiyan pakistani cricketers bhi shamil,TRUE
3516,thattha jharak ke qareeb truck aur van mai tasadum 7 afraad jan ba haq,TRUE
3517,islamabad school mai 6 sala bache se sathi talib ilm ki mubayina ziyadati,TRUE
3518,peshawar brt mansube ko teen saal mukamal hone ke bawajud musafir sahuliyat se mehrum,TRUE
3519,iran shah chirag mizaar ke andar firing se 4 afraad halak,TRUE
3520,idare mai 600 arab ruppee tak ki corruption hoti hai chairman fbr ka inkeshaf,TRUE
3521,caribbean premier league mai salman irshaad aur muhammad amir ki tabah kun bowling,TRUE
3522,mukhtalif sarkari mehkamo mai kaam krne wale hazaron mulazimeen ne mangal ko parliament ke samne jinnah evenue par dharna de dia aur un mai se zyada tadad lady health workers ki hai,TRUE
3523,aqwam e mutahidah ki insani haquq council mai pakistan ke dobara muntakhib hone ko baaz mahireen aik bari sifarati kamyabi qarar de rahe hain to baaz ke mutabiq is ki koi khas ehmiyat nahi hai jab keh pakistan hakumat ka kehna hai keh is sy pakistan ko masla e kashmir ko ujagar krne ka moqa mile ga,TRUE
3524,senitor anwaar ul haq kakar ne kaha keh yeh bhi qabil e ghor hai keh sirf larkiyon ka mazhab tabdeel ho raha hai larky mazhab tabdeel nahi kr rahe,TRUE
3525,is muqadame mai ab teen afrad giraftar hain jin mai se ak mulzim faisal khalid hain jinhen peshawar high court ne kam umar qarar dia hai faisal khalid ne toheen e mazhab ke mulzim tahir nasim ko adalat ke ahaatey mai firing kr ke halak kr dia tha,TRUE
3526,nelson mendela ne ghair janibdar mumalik ki tanzeem ke chairman ki haisiyat se kashmir ko india aur pakistan ke darmiyan ak mutanaziya khita kaha to india mai gham o ghuse ka izhaar kia gaya,TRUE
3527,pakistan ke wazeer e azam imran khan ne kaha hai keh pakistan ne mazi se seekha hai keh foj ka kaam mulk chalana nahi hoti aur yeh keh agar jamhuri nizam thik na chal raha ho to iska matlab ye nahi hai keh us ki jgha marshal law aa jaye,TRUE
3528,khanon ki tarakeeb share krne wali janubi africa ki website food 24 ne biryani ki ghair riwayati tarkeeb lga kr social media saarfeen ko nalan kr dia jis ke baad unhon na sirf maafi mangni pari balke video bhi hatani pari,TRUE
3529,islamabad high court ke chief justice athar minallah ne 2 saal qabal lapata hone wale shehri sajid mehmood ki baazyabi se mutaliq darkhwast ki samaat ke doran remarks diye hain keh jabri gumshudgi se murad yeh hai keh riyasat ke kuch log hi logon ko zabardasti ghaib krte hain,TRUE
3530,pakistan ke sab se bare shehar karachi mai ak naya zilla banane ki manzuri di gai hai kimari zille ke qayam se karachi shehar mai azlla ki tadad saat ho jaye gi,TRUE
3531,pakistan ke sube balochistan ke senior siyasatdan aur national party ke markazi rehnuma senitor mir hasil khan bazinjo inteqal kr gaye hain wo cancer ke marz mai mubtala thy,TRUE
3532,panu aqil mai ak hi khandan ke 11 afrad ke qatal ki fir ke mutabiq mulzimaan ne chaqu se gale kaat kr ilaqe mai khof o hiras phelaya police ke mutabiq maqtuleen ke hath aur paon pakar kr un ke gale kate gaye,TRUE
3533,pakistani airlines ki european countries mai bahali ke liye koshishen team brussels pohanch gai,TRUE
3534,karachi ke ilaqy manghupir mai baap ne ghairat ke naam par beyti ko qatal kr ke laash dafna di,TRUE
3535,ghotki pasand ki shadi par jirgy ne larky ki bhateeji wani krne ka faisala suna dia,TRUE
3536,bharat sy darya e satluj mai chory jane wale selabi relon ne tabahi macha di,TRUE
3537,mulk mai insani jaan bachane wali mutadid adviyaat ki qeematon mai bhi hoshruba izafa,TRUE
3538,khyber pakhtun khawa ki nigran kabina ke 9 wuzraa ko mehkme allot kr diye gaye,TRUE
3539,peshawar high court ne pakistani foj ki hirasat mai qaid samaji rehnuma idrees khattak ke khilaf foji adalat mai official secret act ke tehat jari muqadame ki karawai moaatal krne ka hukam dia hai,TRUE
3540,karachi mai wifaqi tehqiqati idare fia ne ak khatoon ko apne sabiqa boy friend ki nazaiba video aur tasaver share krne ke ilzam mai giraftar kia hai,TRUE
3541,pakistan mai cement ki paidawar aur farokht ke karobar se munsalik lucky cement ki paidawar aur farokht mai halia arse mai izafa dekhne mai aya hai,TRUE
3542,murtaza bhutto qatal case ke mulzimaan ki bariyat ke khilaf appeal 13 saal baad samaat ke liye muqarar,TRUE
3543,sahafi ko supreme court samaet tamam idaron se malumaat lene ka haq hai justice faiz esa,TRUE
3544,bhakar talibaat ko hirasaan krne wale mulzimaan tahaal qanon ki girift se bahar,TRUE
3545,rawalkot mai shehriyon ne mehngi bijli ke khilaf ehtejajan 30000 se zaaid bill jala diye,TRUE
3546,pakistani talib ilm ne america mai animation ka aalmi muqabla jeet lia,TRUE
3547,nokri nahi to saman faraham kr dyn takeh logon ki janen bacha sken sahib khan,TRUE
3548,pakistan mai gas ke baqi zakhair ke bary mai wazeer e azam ke khasusi musheer baraye petroleum nadeem babar ne kaha hai keh agar mulk mai koi naye bary zakhair daryaft nahi hoty to aainda baarah se chodaah saal mai gas khatam ho jaye gi,TRUE
3549,dehshatgardon unke sahulatkaron aur uksane walon ko nahi chora jaye ga army chief,TRUE
3550,jinnah house hamla case adalaat ne imran khan ko giraftar krne ki ijazaat de di,TRUE
3551,tosha khana se alqadir trust tak corruption mai mulawis shakhs ko bachane ke liye chief justice sargarm hain nawaz shareef,TRUE
3552,imran khan ne britain lawyer ko apna case aalmi idaron mai uthane ki hidayat kr di,TRUE
3553,sadar e mumlikat ne aam intekhabaat ki tareekh ke liye chief election commissioner ko talab kr lia,TRUE
3554,imran khan ki bushra bibi se shadi ki khawahish par heran tha magar kuch keh na saka aoun chaudary,TRUE
3555,supreme court ne qomi ehtesaab bureau ke mulzimaan ki taweel hirasaat ka notice lete huwe kaha hai keh nab muqadamat mai mulziman ko taweel hirasat mai rakhna nainsafi hogi,TRUE
3556,pakistan mai lu biscuit banae wali company continental biscuit limited ke md hassan ali khan ka bbc se guftagu krte hue kehna tha keh biscuit ka france se koi taluq nahi aur yeh biscuits pakistan mai tayar kiye jaty hain aur inhen kisi aur mulk se daramad nahi kia jata,TRUE
3557,chief justice ka chairman pti ki wakalat krna imran khan ko acha nahi bana skta: mariam,TRUE
3558,imran khan ki appeal par samaat tosha khana case mai trail court ka hukam darust nahi chief justice,TRUE
3559,hassas idare aur police ki liyari mai karawai bharati jasus samaet pakistani sahulatkar giraftar,TRUE
3560,wazeer e dakhla sindh ne ghotki ke rehaishi ki social media video par notice le lia,TRUE
3561,parvaiz aur monas ilahi ke khilaf naib report mai corruption ghaplon aur kick backs ke ilzamaat,TRUE
3562,rizwana tashadud case civil judge asim hafeez ko nokri se barkhaast krne ki darkhawast samaat ke liye manzur,TRUE
3563,saudi shehar riyad jane wali parwaz mai emergency kuwait city wapis uttar lia gya,TRUE
3564,luckimarwat mai 2 groups mai firing se 4 afraad jan bahaq,TRUE
3565,commissioner office pindi mai ijlas ke liye ane wale district election commissioner ka mobile chori,TRUE
3566,taliban ne university scholarship ke liye dubai janewali 100 afghan talibaat ko rok lia,TRUE
3567,bricks sarbarahi ijlas ka itehaad ka daira barhane par itefaq,TRUE
3568,bihar government ne apne police mehkmon ko hidayat ki hai keh wo siyasatdanon aur sarkari ohdedaron par tanqeed ki tehqiqaat shuru karen,TRUE
3569,saudia se tohfe mai milli ghari farokht krne par sabiq brazilian sadar ki giraftari ka imkan,TRUE
3570,bharat railway ka zair e tameel pul girne se 17 mazdur halak,TRUE
3571,mexico mai trailer aur bus mai tasadum se 16 afraad halak 30 zakhmi,TRUE
3572,video makkah mai taiz barish aur clock tower par bijli girne ka manzar,TRUE
3573,pury hindustan mai kisaan apni rozi roti ki nijkari ke khilaf mazahmat krte hain,TRUE
3574,tashadud inteha pasandi aur andhi januniyat ke liye mazhab ka istemal band kia jaye pope francis,TRUE
3575,dawn ki khabar ke mutabiq election commission of pakistan ecp ky bahar ak ijtema se khitab krte huwe mariam ne kaha keh un ke walid nawaz sharif ke khilaf muqadamat mai tezi lai gai aur chand dinon mai faisla kia gya lekin ecp ne 2014 se pti case ki 70 samaaten kin,TRUE
3576,pakistan security ke liye afghanistan ke sath apni sarhad par baar laga raha hai yeh iqdaam muqami qabail mai ghair maqbool hai jo kehte hain keh is sy un ke taluqat aur moaash par asar parta hai,TRUE
3577,african union ne foji take over ke bais niger ki rukniyat moatal kr di,TRUE
3578,thiland ke sabiq wazeer e azam jilawatni khatam kr ky watan wapsi par giraftar jail muntaqil kr dia gaya,TRUE
3579,balakot ki malumaat sirf 5 logon ke pass thi is ki tehqiqat honi chahiye keh arnab goswami ko yeh malumat kis ne leak ki,TRUE
3580,iran ne moqami tor par banaye gaye jadeed drone mohajir 10 ki runamai kr di,TRUE
3581,moscow ke tamam airports parwazon ki amad o raft ke liye band,TRUE
3582,video america mai police se bhagty shakhs ne gari hajum par charha di,TRUE
3583,georgia mai intekhabi nataij palatne ka muqadma trump kal khud ko georgia jail hukaam ke sapurd kren gy,TRUE
3584,bharat ne sirinagar ke aham media idaare ki website ko block kr dia,TRUE
3585,north korea ka ak aur cruise missile ka tajurba america ne aman ke liye khatra qarar de dia,TRUE
3586,rahul gandhi ki ewan mai wapsi par congress ne modi ko gabaar singh bana kr video post kr di,TRUE
3587,south korean dosheeza baharti shehri ki mohabbat mai baharat pohanch gai,TRUE
3588,pakistani wazeer e azam imran khan ne ilan kia hai keh 20 january ko janubi wazeeristan ke qabaili khitty mai tez raftaar internet raabte operational ho jayen gy,TRUE
3589,khany ki qeematon mai izafa un mumalik mai ak pareshan kun rujhan hai jo daramadat par munhasir hain jab keh asia aur africa ke boht se hisson mai chawal ki qeemat siyasi tor par hassas hai,TRUE
3590,pakistan ne jumeraat ko kaha keh ussy 31 january tak china ke sinopharm covid 19 vaccine ki nisf million muft khuraken milen gi,TRUE
3591,hindustan dhaka  ko 20 lakh covid 19 vaccine bhejne ke liye tayar hai,TRUE
3592,somalia ki hakumat ne tiktok aur telegram par pabandi lga di,TRUE
3593,ak pakistani khatoon jo teen dahaiyon qabal hindustan aii thi aur kabhi wapis apne mulk nahi gai thi ko is saal ke shuru mai uttarpardesh ke zila eta mai aburi gawon ki sarbarah bana dia gaya tha is khatoon ki shanakht bano begum ke naam se hui jo karachi pakistan ki rehaishi thi,TRUE
3594,teen saal mai iqtedar civilians ke sapurd kr dun ga niger ke foji hukmaran ka wada,TRUE
3595,ghair azdawaji taluq par ehl e ilaqa ka 2 bachon ke baap aur aashna ko khamby se bandh kr tashadud,TRUE
3596,bharat mai muslim jora bete ke hindu larki ke sath farar hone par bedardi se qatal,TRUE
3597,palestine west bank mai firing se israeli baap beta halak,TRUE
3598,russia ka ukraine par missile hamla 7 afraad halak aur 129 zakhmi,TRUE
3599,panch mulzimon ki shanakht punjab se gurjeet singh aur sukheep singh ke naam se hui hai aur shabir ahmed gojri md ayub pathan aur riaz ko kashmir se balkeh 7 december ko giraftar kia gaya tha aur wo mubayina tor par darulhakumat aur hamse mai hadaf banaye jane wale halakton ko phansi dene ke liye kaam kr rahe thy,TRUE
3600,250 se zaaid musadiron ko le janewale jahaz ka pilot doraan e parwaz chal basa,TRUE
3601,albania mai 4 saiyahon ke khane ka bill italy ki hakumat ke gale par gaya,TRUE
3602,trump ke hotel par kaam krne wali mulazma se sathi mulazim ka rape,TRUE
3603,canada ke jungalaat mai dahai ki badtareen agg 22000 sy zaaid afrad beghar,TRUE
3604,swedish govermnment ka quran e pak ki toheen rokne ke liye qanuni imkanaat par ghor,TRUE
3605,britain tarekh mai bachon ki badtareen serial killer nurse par 7 numolud bachon ko qatal krny ka jurm sabit,TRUE
3606,britain mai 10 sala sara ka qatal pakistan farar hone waly walid walida aur bhai matlub,TRUE
3607,new dehli hindi ki kitab bhul jane par hindu ustad ka musalman talib ilm par wehshiyana tashadud,TRUE
3608,uzbekistan bachon ki halakton ke case mai bharti dawa saz company ke khilaf aham inkeshaf,TRUE
3609,saudi wali ehad se irani wazeer e kharjah ki mulaqat do tarfa taluqat aur ilaqai amoor par guftagu,TRUE
3610,america ne russia se larne ke liye ukraine ko f16 jets dene ki manzuri de di,TRUE
3611,parosiyon ke kutoon ki larai khooni jhagry mai tabdeel firing se 2 afrad halak,TRUE
3612,office mai phone charge krne par boss ne mulazim ko bijli chor qarar de dia,TRUE
3613,india kuweyn mai giry janwar ko bachate huwe 5 afraad halak,TRUE
3614,ukraine ne moscow ke business hub par drone hamle kiye russia ka ilzaam,TRUE
3615,wo mulk jahan schools mai kalashnikov ke sath hand grenade ka istemal bhi sikhaya jaye ga,TRUE
3616,trump ke khilaf election par asar andaz hone ke case ki judge ko qatal ki dhamki dene wali khatoon giraftar,TRUE
3617,haseena wajid ke bete ke qatal ki sazish ka ilzam akhbaar ke 2 senior editors ko 7 saal qaid ki saza,TRUE
3618,bharat medical college mai daakhly mai nakaami par nujawan ki khud kushi baap ne bhi apni jaan le li,TRUE
3619,ghareelu jhagry sy tang shohar ne biwi samaet khud ko dhamaky sy urra lia,TRUE
3620,malaysia mai tayara sarak par gir kar tabah 10 afraad halaak,TRUE
3621,saudi arab aur iran ke taluqat darust rasty par hain irani wazeer e kharja,TRUE
3622,afghan hakumat ka mulk mai siyasi jumaaton par pabandi ka ilan,TRUE
3623,musafiron se bhare jet mai doran e parwaz pilot dill ka dora parne se chal basa,TRUE
3624,south africa ka mens aur womens cricketers ko yaqsaan moawza dene ka ilan,TRUE
3625,nigeria mai foji qafly par ghaat lga kr hamla 26 ehalkar halak,TRUE
3626,naib ameer jumaat e islami bangladesh jail mai inteqal kr gaye,TRUE
3627,sweden mai shahi mehal ky samny quran e pak ki behurmati,TRUE
3628,russia mai petrol station par agg lgny sy 30 afrad halak 60 zakhmi,TRUE
3629,ethopia mai mubayina drone hamla 26 afrad halak,TRUE
3630,russia mai pehli baar pakistani parcham digital tareeqy sy aawezan,TRUE
3631,kashmiriyon ka iss saal be 15 august ko yom e siyah manany ka faisala,TRUE
3632,afghanistan ky hotel mai zordar dhamaka 3 afraad halaak aur 7 zakhmi,TRUE
3633,niger mai army aur askriyat pasandon ki jharap mai 16 halakteen,TRUE
3634,world blind games cricket bangladesh ko hara kr pakistan ne musalsal dusri fateh hasil kr li,TRUE
3635,pehla one day pakistan ne afghanistan ko 142 runs sy shikast dy di,TRUE
3636,world cup se dedh mah qabal ak baar phir pcb mai tabdeeli ke badal mandlane lage,TRUE
3637,tareekh mai pehli martaba pakistan team afghanistan ke khilaf all out hogai,TRUE
3638,afghanistan ke najib ullah zadraan pakistan ke khilaf one day series sy bahar ho gaye,TRUE
3639,australian batsman steve smith ka left wrist ki injury ke bary mai inkeshaf,TRUE
3640,sabiq bharti cricketers asia cup ke liye team selection par phat pary,TRUE
3641,afghanistan ke khilaf pehle one day match ke liye pakistan ki mumkina playing eleven samne agai,TRUE
3642,jokovich ne carlos alcarez se wimbledon ka badla lete huwe cincinnati open title jeet lia,TRUE
3643,world jeetny ke baad khilari ka bosa lene par spanish football federation ke sadar ki maazrat,TRUE
3644,afghan cricket team ke captain ka pakistani players ko riwayati aghan dress ka tohfa,TRUE
3645,asian volley ball championship pakistan ko dusre group match mai korea ne shikast dydi,TRUE
3646,world shooting 25 meter rad fire pistol ke pehle roz gm bashir ki 23wen position,TRUE
3647,umeed hai team asia cup aur world cup jeet kr watan laye gi zaka ashraf ki khilariyon se guftagu,TRUE
3648,100 fisad karkardagi dikhane ki koshish karen babar ka qomi khilariyon ko paigham,TRUE
3649,nikkah ki raat hi shadi se pehle ki tasaweer delete krwa di gai thin kiran ashfaq,TRUE
3650,bank se lia gya qarz wapis ada na krne par sunny deol ka ghar neelami ke liye paish,TRUE
3651,tashadud ka ilzam adakara minsa alizy shah ke khilaf shikayat le kar police station pohanch gain,TRUE
3652,bollywood actoress zareen khan dengue ka shikar hospital dakhail,TRUE
3653,international flight mai bomb ki jhuti afwah phelane par sabiq pakistani model giraftar,TRUE
3654,tariq aziz marne se pehle apni ankhen attiya krna chahty thy ehliya ka inkeshaf,TRUE
3655,mard sirf wo shreef hai jise moqa nahi mila nida yasir,TRUE
3656,rahat fateh ali khan ke gane mai kinza hashmi aur bharti adakar karan wahi ki dhoom,TRUE
3657,islamabad mai university ki taliba se mubayina ziyadati black mail bhi kia gaya,TRUE
3658,shair shah police ne chaliya aur indian gutka smuggling ki koshish nakaam bana di,TRUE
3659,karachi mai khatoon ne daketi ki koshish nakaam bana di,TRUE
3660,karachi orangi town mai namaloom afraad ki firing se peoples party ka ilaqai ohdedaar jan bahaq,TRUE
3661,karachi mai sachal thany ki police mobile par gasht ke doraan dasti bomb hamla 3 ehalkar shadeed zakhmi,TRUE
3662,musalaah drones ke istemal se le kr social media black out tak guzishta saal jung ke liye pehla saal raha hai,TRUE
3663,america ne kaha hai keh wo britain national alqaida leader ahmad umar saeed sheikh ko apni tehweel mai lene ke liye tayar hai,TRUE
3664,north karachi mai mubayina police muqably mai 5 daku halak,TRUE
3665,texla mai 500 ke easy load par jhagra dukandar ki firing se gahak jan bahaq,TRUE
3666,karachi mai 15 sala dakeyt larki pakri gai,TRUE
3667,lahore mai bheek mangne se mana krne par khawaja sara ny rickshaw driver ko qatal kr dia,TRUE
3668,mardan makaan ke tanazie par khatoon aur us ke 3 baitoon ko qatal kr dia gya,TRUE
3669,rawalpindi benazeer bhutto hospital ke xray department mai khatoon se ziyadati,TRUE
3670,hingo muqami sahafi farooq paracha ke ghar par namalum afraad ki firing,TRUE
3671,sakkhar mai namalum afraad ki firing sahafi jaan muhammad mehar jan bahaq,TRUE
3672,bharat mai land sliding se mandir tabah aur college beh gaya 33 halakteen,TRUE
3673,karachi mai aala police afsaraan bhi ghair mehfuz dsp aur family se loot maar,TRUE
3674,mobile zyada istemal krne par shohar ne biwi ko qatal kr ke susar ki madad se laash darya mai phank di,TRUE
3675,chichawattni mai 7 sala bachi se mubayina ziyadati mulzim giraftar,TRUE
3676,abbottabad bachon ki nazaiba videos share krne mai mulawis 2 mulziman giraftar,TRUE
3677,karachi mai tajir ka pota aghwa 8 crore ruppee tawaan talab,TRUE
3678,lahore mai police constable ne thany ke bahar se 40 motorcycles chori kr lin,TRUE
3679,lahore gurdon ki ghair qanuni paiwandkari mai mulavis 3 doctors samaet 11 afraad giraftar,TRUE
3680,karachi biwi ne beyti aur bhai ke sath mil kr shohar ko qatal kr dia laash tezaab mai daal di,TRUE
3681,karachi burqa posh ne khatoon par tezaab phenk dia,TRUE
3682,karachi mai din dehary dakeyti ka mamla police ne muqadma darj kr lia,TRUE
3683,world crome index mai ham chatty se 128wen number par aachuky hain ig sindh ,TRUE
3684,lahore ke ilaqy iqbal town mai ghar mai daketi daku ak crore ruppee aur zaywaraat loot kr farar,TRUE
3685,karachi bhittai colony mai namalum mulzim ne ghar mai ghus kr mazdoor ka gala kaat dia,TRUE
3686,karachi se cheene gaye mobiles ki patching ke baad dobara farokht ka naya karobaar,TRUE
3687,karachi mai din dehary larki se nazaiba harkat ka ak aur waqiya video samne agai,TRUE
3688,kashmir mai bharti fojiyon ne 3 afraad ko halak kr dia khandaan askariyat pasandon se taluq se inkaar krty hain,TRUE
3689,sirinagar hindustan ke zair e intezam kashmir mai police ne wednesday ko kaha keh sarkari forces ne teen mushtabah askariyat pasandon ko ak mulah tasadum mai halaak kr dia,TRUE
3690,mashriq mai ghalba hasil krne ke liye maghribi bengal aur assaam mai jari jarehana qadam aur janub mai is ki barhti hui position aik asi party ki taraf isharah krti hai jo pury hindustan mai mojudgi hasil krne ke liye purazam hai,TRUE
3691,punjab mai 1600 se zyada mobile towers ko pohanche wale nuksan ka notice lety huwe riyasat ke governor vp singh badnor ne riyasat ke chief secretary aur director general of police (dgp) ko talab krne ka faisla kia hai dareen isna assocham ne punjab ke wazeer aala amrinder singh ko likha hai,TRUE
3692,national conference ki izafi tarjuman sara shah ne kaha keh siri nagar ke mazafaati ilaqy mai incounter ke moqam par teeno afraad ki halakat se mutaliq logon aur khandanon ke bayanaat mutazzad hain,TRUE
3693,quetta insedad e polio team par firing se 2 police ehalkar shaheed,TRUE
3694,rahimyar khan police muqabley mai dakuon ka sarghana janu andhar samaet 6 daku halak,TRUE
3695,lahore cia cantt aur dakuon mai muqabla zair e hirasat 3 daku halak,TRUE
3696,top order mai kharab performance ki waja se joe burns ko bharat ke khilaf tesre test ke liye australian cricket team mai jagah dena pari hai,TRUE
3697,defense mai mpa ke bhai aur bhatije ka qatal cctv samne agai,TRUE
3698,defense firing waqia mulziman ne route ki mukamal reiki ki thi police,TRUE
3699,burewala mai nashai baap ne churi maar kr 13 sala beti ki ankhen zaya kr din,TRUE
3700,video khatoon aur moamar shakhs ko yarghamal banane wale daku police karawai mai halak,TRUE
3701,margala hills trail 3 mubayina ziyadati case larki ne adaalat mai fraud ka eteraf kr lia,TRUE
3702,islamabad 14 sala mulzima par civil judge ki ehliya ke mubayina tashadud ke waqia ka muqadma darj,TRUE
3703,afghan khawateen ke liye jamiyat kholne ka faisala afghan hakumat ke sarbarah karen gy wazeer taleem,TRUE
3704,lodharan bheek mangne wali khatoon se 10 roz tak ijtemai ziyadati krne wale 3 mulzimaan giraftar,TRUE
3705,perfume lgane par jahagra shohar ne biwi ko goli mar di,TRUE
3706,iqtesadi kamyabi ke liye tawun krty rahen gy jashan e azadi par america ki pakistan ko yaqeen dahani,TRUE
3707,janubi wazeerastan mai forces se jharap mai dehshatgard halak,TRUE
3708,supreme court ne tosha khana case sy mutaliq trail court ke faisale mai ghaltiyon ki nishandahi kr di,TRUE
3709,supreme court ka larki ki razamandi par usse shohar ke sath jane ka hukam,TRUE
3710,pakistan ke tamam hakumati idaron ko wizarat e khazana ke tehat kam krna hoga imf,TRUE
3711,iman mazari ke mazeed jismani remand ki isteda mustarid judicial remand par adyala jail muntaqil,TRUE
3712,bar waqt aam intekhabaat ke ineqaad ke liye supreme court mai darkhwast dayar,TRUE
3713,kamsin mulazima fatima ka qatal dargah rani-pur ke khalifon samaet 40 afrad ke khilaf muqadma darj,TRUE
3714,chairman pti se jail mai mulaqat ke liye darkhawast dair,TRUE
3715,lahore mai larki ko qatal krne wale nujawan ne khudkushi kr li,TRUE
3716,federal urdu university ke tulba o talibaat ne fees mai izafe ky khilaf dharna de dia,TRUE
3717,9 may jalao ghirao case police ko chairman pti se jail mai tafteesh ki ijazat mil gai,TRUE
3718,general election 90 din mai hi krane hon gy lahore high court,TRUE
3719,cypher gumshudgi ki tehqiqat ke liye khasusi prosecutors team taainaat,TRUE
3720,nujawan ko kuchal kr marne wali gari sindh ki aham shakhsiyt ki beti ki nakli,TRUE
3721,sadar e mumlikat ki janib se intekhabaat ki tareekh diye jane ka imkan,TRUE
3722,dukandaron ne k-electric ke amle par thapron ki barish kr di,TRUE
3723,dusri manzil se girne wala bacha mojazana tor par mehfuz raha kamzor dill afraad video na dekhen,TRUE
3724,sadar ko intekhabaat ki tareekh dene ka ikhteyar nhi chief election commissioner ka jawabi khaat,TRUE
3725,police ehalkaar ko zakhmi krne wali car ka taqub krne ki footage ary news par,TRUE
3726,chief election commissioner ka sadar e mumlikat sy mulaqat na krne ka faisla,TRUE
3727,iran ke insedad e dehshatgardi ke icon general qasim sulemani ke american qatal ki pehli barsi par pakistan mai logon ne insedad e dehshatgardi ke aala icon ke bary mai apni raye ka izhar kia,TRUE
3728,nigran wazeer e sehat se mutahida arab immarat ke safeer ki mulaqat,TRUE
3729,israel ka palestine ke liye saudi elchi ko sifarti daftar dene se inkar,TRUE
3730,geological servey of india ke scientists ne bahmagiri pahari silsily mai naye recharge garhoon ko dubny ke khilaf advisory jari ki,TRUE
3731,cancer adviyat ka smuggler pakistan pohanchty hi sahulat kar sameet giraftar,TRUE
3732,ig sindh rifat mukhtar ne police ke liye nai hadayat jari kr di,TRUE
3733,trail court mai uzair bloch ke khilaf muqadmat ka faisla mazeed ak mah tak ruk gya,TRUE
3734,sindh text book board ka kitabon ki barwaqt farahmi ka dawa sirf dawa hi reh gya tulba pareshan,TRUE
3735,karachi mai kal se barishon ka imkaan,TRUE
3736,sahafi jan muhammad mehar ke wursa ko case se dastbardar hone ke liye dhamkaya ja raha hai,TRUE
3737,karachi ke taleemi idaron mai mutadid manshiyat farosh garoh sargarm hony ka inkeshaf,TRUE
3738,farhat shehzadi ki bank statement manzar e aam par agai,TRUE
3739,ctd ka action daish ke 3 commanders samaet 13 deshshatgard giraftar,TRUE
3740,hindustani choty hathyaron ki kharidari ak paicheda karobar hai na sirf hindustani foj boht bari hai jis ki tadad 1.2 million ke lag bhag hai balky is ke pas kharidari ka ak paicheda dhancha aur desi sakht choty hathyaron ki tayari ka adda bhi hai jo hamen faraham krny mai nakam raha hai,TRUE
3741,haliya dinon aur hafton mai ham ne internet par sensor ship ki ak bemisaal lehar dekhi hai jesa keh coindesk.com ne note kia hai hamen ak website ki zarorat hai pehle se kahin zyada waazy hai aur ab is tarha ke mansubon ko agy barhane ka waqt agya hai,TRUE
3742,tijarat shuda khilariyon ki fehrist ka ilan krne ki akhri tareekh 4 february hai jab keh ipl 2011 ke players ki nilami ki tareekh 11 feburary ko aarzi tor par schedule hai,TRUE
3743,basmati rice ko pakistan ki paidawar ke tor par tahafuz dene ka mamla us waqt samne aya jab bharat ne is saal september mai is ijnas ki wahid malkiyat ka dawa krty huwe european union ko ak darkhawast jama krai,TRUE
3744,mexico city dunya bhar ke rehnumaon ne sadar jeo biden ki amad aur donald trump ke aksar mutazad sadart ke khatme ka khair maqdam kia jis mai dunya ke sab se eham masail bashamul covid 19 wabai amraaz aur climate change ko note kia gya kaseer ul amal ki zarorat hai,TRUE
3745,donald trump ki jagah le kr Wednesday ke roz international leaders american president joe biden ke iftetah par kis tarha rad e amal zahir kr rahe hain,TRUE
3746,pakistan ne counter mai mali shamuliyat aur sarkari amdani ko barhany ky liye hakumat ky zair e intezam ak naye digital adaigi ke nizam ka ilan kia hai,TRUE
3747,hazaron sogwaraan hafte ke roz pakistan mai 10 miners ki tadfeen ke liye jama huwe jinhen islamic state group ke dawa krda hamle mai halak kia gaya tha jis ne mazduron ke tahafuz ki kami par cheekh o pukar ko janam dia tha,TRUE
3748,france panther helicopter assembly line ko hindustan muntaqil krne ki paish kash krta hai modi french diplomat sy baat krty hain welcome ke sath kehty hain 2 mumalik ne taksaal kia,TRUE
3749,seynkron pakistani shia minority hazara bradri ky 11 coal miners ko dafan krne ke liye jama hain jinhen islamic state group ne halak kia tha jis ka ikhtetam ak hafta ke doran minority baradri ki halat e zaar ko ujagar krne ki koshish ki hai gi thi,TRUE
3750,punjab ky wazeer e sehat doctor yasmeen rashid ne Monday ko wazeer e azam imran khan se yahan islamabad mai mulaqat ki,TRUE
3751,pakistan cricket board ny hafty ky roz btaya keh anguthy ki chot ki waja sy imam ul haq ko dusry test sy bahar kr dia gya hai aur wo itwar ky roz new zealand sy watan ayen gy,TRUE
3752,bosnia mai ak tez jal jane wale khaimy ky camp mai seynkron tarkeen e watan hafty ky roz phansy huwe thy jab mulk mai shadeed baraf bari hui aur sardiyon ka darja hararat achanak gir gya,TRUE
3753,chinese jasuson ke barhty huwe network ky ak aur mamly mai afghanistan ki national directorate of security nds ny mubayina tor par jasusi ky ilzam mai 10 chinese citizens ko hirasat mai lia hai,TRUE
3754,middle east ki mutaharik riyasat 2014 sy ak khana jungi mai mubtala hai aur is sy koi alamt nhi hai keh jald hi kisi bhi waqt surat e haal behtr ho jaye gi,TRUE
3755,narindar singh tomer ny yeh bhi zor dia keh modi hakumat gareebon aur kisanon ky liye koi faisla nhi kry gi,TRUE
3756,wazarat e khazana ny gst mafruzy ki kami ko pura krny ky liye riyasaton ko noovi haftawar qist 6000 crore ruppee jari ki hai,TRUE
3757,shurka ny pakistan mai women day march ky doraan toheen e risalat ky nary lgaye,TRUE
3758,umer abdullah ny kaha keh article 370 ko mansukh krna ak zalzala laye ga jo kashmir ko hindustan sy alg kr dy ga,TRUE
3759,himachal pardesh mai mutadid zar e tameer imaarten gir gain,TRUE
3760,paltu kutty ko bachany ky liye malik agg mai kuud gya video viral,TRUE
3761,wwe ky maroof wrestler terry funk chal basy,TRUE
3762,bijli ky zaaid bill wapda mulazim ghar ghar bill deny sy khofzada hotel par bill phenk kr farar,TRUE
3763,raheem yar khan mai gutter mai gir kar kamsin behn bhai jan bahaq,TRUE
3764,lahore ky environmental sample mai polio virus ki tasdeeq,TRUE
3765,yeh konsi science hai keh sasti bijli hony k bawajud mehngi uthai jaye chairman nepra,TRUE
3766,peshawar ctd sy firing ky tabadly mai 2 dehshatgard halak,TRUE
3767,dollar ki qeemat mulki tareekh ki nai buland tareen satah par pohanch gai,TRUE
3768,america ki pakistan ko moashi istehkam aur imf mamlaat par taawun ki yaqeen dehani,TRUE
3769,imf moahidon mai mazeed subsidies deny ki gunjaish nahi nigran wazeer e khazana,TRUE
3770,britain paltu toty ko jaan sy marny ky jurm mai 2 khawateen ko 25 mah qaid,TRUE
3771,nowshehra mai namalum mulziman ki firing sy 2 afrad jan bahaq,TRUE
3772,pti ny intraparty election case mai jawab jama kra dia,TRUE
3773,punjab ky sarkari idaron ko solar system par muntaqil krny ka faisla,TRUE
3774,eman mazari ko giraftar kr ky islamabad sy bahar na ly jany ka hukam,TRUE
3775,shohar ki harkateen thik hon to biwi to phone check na krna pary ushna shah,TRUE
3776,cypher case chairman pti ky judicial remand mai 13 september tak tosee,TRUE
3777,islamabad mai dengue ky mazeed 17 cases report tadad 85 hogai,TRUE
3778,asia cup bangladesh ka aham player bhi tournament sy bahar,TRUE
3779,rawalpindi khatoon teacher par tashadud aur daketi ka mulzim police muqably mai zakhmi,TRUE
3780,itcn se it sector mai 10 crore dollar ky moahidy mutawaqa,TRUE
3781,asia cup injuries mai ghiry 15 rukni sirlankan squad ka ilan,TRUE
3782,keyboard par mushtamil puffer jacket baraye farokht qeemat 625 dollar,TRUE
3783,bharat 2 september ko suraj ki janib aditiya mission rawana kry ga,TRUE
3784,mehfuz ilaqon mai rehaish sy amraaz e qalb sy amwat ky imkanaat kam ho jaty hain,TRUE
3785,america mai 100 sala tareekh ki badtareen tabahi halakteen 106 hogain,TRUE
3786,american jails mai inteha ki garmi sy qaidiyon mai khudkushi ki sharah barh gai,TRUE
3787,larkiyon ki taleem par pabandi barqarar rahy gi taliban hakumat,TRUE
3788,pakistan ki aburi hakumat ke sath kaam krny ko tayar hain america,TRUE
3789,masjid alharaam crain case 20 riyal jurmany aur qaid ki saza barqarar,TRUE
3790,mexico mai freezer sy 16 lashen baramad 6 mulziman giraftar,TRUE
3791,israeli foji ki firing sy mazeed 2 palestinian nujawan shaheed,TRUE
3792,asian volley ball championship mai pakistan medal ki dorr se out,TRUE
3793,icc ne cricket world cup ke liye warm up matches ka schedule jari kr dia,TRUE
3794,world blind games cricket mai pakistan final mai pohanch gaya,TRUE
3795,asian security punjab hakumat ne foj aur rangers ki talabi ke liye wifaaq ko summary bhijwa di,TRUE
3796,asian games se qabal qomi athlethes ke dope test krane ka faisala,TRUE
3797,maqbuza kashmir mai jashan e azadi e pakistan josh o kharosh se manaya gaya,TRUE
3798,icc one day ranking jari batters mai babar top par barqarar haris ki 7 darjy taraqi,TRUE
3799,saqlain mushtaq dobara new zealand ke coaching panel mai shamil,TRUE
3800,afghanistan ke khilaf jeet kr pakistan ne munfarid record bhi apne naam kr lia,TRUE
